#pragma once
#include <stdint.h>

#define FONT_WIDTH      (12)
#define FONT_HEIGHT     (18)

#define FONT_BPP        (4) // 2bits per pixel
#define FONT_CHARS      (256)
#define BYTES_PER_ROW   ((FONT_WIDTH * FONT_BPP) / 8)     // = 6
#define BYTES_PER_CHAR  (BYTES_PER_ROW * FONT_HEIGHT)     // = 108
#define FONT_STRIDE     (sizeof(font_data) / FONT_CHARS)  // = 128

#include <stdint.h>

typedef uint16_t font_t;

__attribute__((section(".font")))
const font_t font_data[] = {
  /* Character 0x00 */ 
   0x1111, 0x1111, 0x1111, 0x1111, 0x1111, 0x1111, 0x1111, 0x1111, 0x1111, 0x1111, 0x1111, 0x1111, 0x1111, 0x1111, 0x1111, 0x1111,
   0x1111, 0x1111, 0x1111, 0x1111, 0x1111, 0x1111, 0x1111, 0x1111, 0x1111, 0x1111, 0x1111, 0x1111, 0x1111, 0x1111, 0x1111, 0x1111,
   0x1111, 0x1111, 0x1111, 0x1111, 0x1111, 0x1111, 0x1111, 0x1111, 0x1111, 0x1111, 0x1111, 0x1111, 0x1111, 0x1111, 0x1111, 0x1111,
   0x1111, 0x1111, 0x1111, 0x1111, 0x1111, 0x1111, 0xffff, 0xffff, 0xffff, 0xffff, 0xffff, 0xffff, 0xffff, 0xffff, 0xffff, 0xffff,
  /* Character 0x01 */ 
   0x1111, 0x1111, 0x1111, 0x1111, 0x1111, 0x1111, 0x1111, 0x1111, 0x1111, 0x1111, 0x1111, 0x1111, 0x1111, 0x1111, 0x0011, 0x1111,
   0x1110, 0x2201, 0x1111, 0x1110, 0x2201, 0x1111, 0x1000, 0x2201, 0x1111, 0x0220, 0x2201, 0x1111, 0x0220, 0x2201, 0x1100, 0x0220,
   0x2201, 0x1022, 0x0220, 0x2201, 0x1022, 0x0220, 0x2201, 0x1022, 0x0220, 0x2201, 0x1100, 0x0000, 0x0011, 0x1111, 0x1111, 0x1111,
   0x1111, 0x1111, 0x1111, 0x1111, 0x1111, 0x1111, 0xffff, 0xffff, 0xffff, 0xffff, 0xffff, 0xffff, 0xffff, 0xffff, 0xffff, 0xffff,
  /* Character 0x02 */ 
   0x1111, 0x1111, 0x1111, 0x1111, 0x1111, 0x1111, 0x1111, 0x1111, 0x1111, 0x1111, 0x1111, 0x1011, 0x1111, 0x1111, 0x0201, 0x1111,
   0x1110, 0x2201, 0x1111, 0x1102, 0x2201, 0x1111, 0x1022, 0x2201, 0x1111, 0x0222, 0x2201, 0x1111, 0x0222, 0x2201, 0x1111, 0x1022,
   0x2201, 0x1111, 0x1102, 0x2201, 0x1111, 0x1110, 0x2201, 0x1111, 0x1111, 0x0201, 0x1111, 0x1111, 0x1011, 0x1111, 0x1111, 0x1111,
   0x1111, 0x1111, 0x1111, 0x1111, 0x1111, 0x1111, 0xffff, 0xffff, 0xffff, 0xffff, 0xffff, 0xffff, 0xffff, 0xffff, 0xffff, 0xffff,
  /* Character 0x03 */ 
   0x1111, 0x1111, 0x1111, 0x1111, 0x1111, 0x1111, 0x1111, 0x1111, 0x1111, 0x1101, 0x1111, 0x1111, 0x1020, 0x1111, 0x1111, 0x1022,
   0x0111, 0x1111, 0x1022, 0x2011, 0x1111, 0x1022, 0x2201, 0x1111, 0x1022, 0x2220, 0x1111, 0x1022, 0x2220, 0x1111, 0x1022, 0x2201,
   0x1111, 0x1022, 0x2011, 0x1111, 0x1022, 0x0111, 0x1111, 0x1020, 0x1111, 0x1111, 0x1101, 0x1111, 0x1111, 0x1111, 0x1111, 0x1111,
   0x1111, 0x1111, 0x1111, 0x1111, 0x1111, 0x1111, 0xffff, 0xffff, 0xffff, 0xffff, 0xffff, 0xffff, 0xffff, 0xffff, 0xffff, 0xffff,
  /* Character 0x04 */ 
   0x1111, 0x1111, 0x1111, 0x1100, 0x0101, 0x0111, 0x1022, 0x2020, 0x2011, 0x1102, 0x0020, 0x2011, 0x1102, 0x0022, 0x2011, 0x1102,
   0x0020, 0x2011, 0x1102, 0x0020, 0x2011, 0x1110, 0x1101, 0x0011, 0x1110, 0x0111, 0x0111, 0x1102, 0x2010, 0x2011, 0x1102, 0x2002,
   0x0111, 0x1110, 0x0020, 0x1111, 0x1111, 0x0200, 0x0111, 0x1110, 0x2002, 0x2011, 0x1102, 0x0102, 0x2011, 0x1110, 0x1110, 0x0111,
   0x1111, 0x1111, 0x1111, 0x1111, 0x1111, 0x1111, 0xffff, 0xffff, 0xffff, 0xffff, 0xffff, 0xffff, 0xffff, 0xffff, 0xffff, 0xffff,
  /* Character 0x05 */ 
   0x1111, 0x1111, 0x1111, 0x1111, 0x1111, 0x1111, 0x1111, 0x1111, 0x1111, 0x1111, 0x1111, 0x1111, 0x1111, 0x1001, 0x1111, 0x1111,
   0x0220, 0x1111, 0x1110, 0x2222, 0x0111, 0x1102, 0x2222, 0x2011, 0x1022, 0x2222, 0x2201, 0x1102, 0x0020, 0x2011, 0x1102, 0x0020,
   0x2011, 0x1102, 0x2220, 0x2011, 0x1102, 0x2220, 0x2011, 0x1100, 0x0001, 0x0011, 0x1111, 0x1111, 0x1111, 0x1111, 0x1111, 0x1111,
   0x1111, 0x1111, 0x1111, 0x1111, 0x1111, 0x1111, 0xffff, 0xffff, 0xffff, 0xffff, 0xffff, 0xffff, 0xffff, 0xffff, 0xffff, 0xffff,
  /* Character 0x06 */ 
   0x1111, 0x1111, 0x1111, 0x1111, 0x1111, 0x1111, 0x1111, 0x1111, 0x1111, 0x1111, 0x1111, 0x1111, 0x1111, 0x1111, 0x1111, 0x1111,
   0x1111, 0x1111, 0x1111, 0x0111, 0x0111, 0x1110, 0x2010, 0x2011, 0x1110, 0x2010, 0x2011, 0x1110, 0x2000, 0x2011, 0x1110, 0x2002,
   0x0111, 0x1110, 0x2002, 0x0111, 0x1110, 0x2020, 0x1111, 0x1110, 0x2020, 0x1111, 0x1111, 0x0201, 0x1111, 0x1111, 0x1011, 0x1111,
   0x1111, 0x1111, 0x1111, 0x1111, 0x1111, 0x1111, 0xffff, 0xffff, 0xffff, 0xffff, 0xffff, 0xffff, 0xffff, 0xffff, 0xffff, 0xffff,
  /* Character 0x07 */ 
   0x1111, 0x1111, 0x1111, 0x1111, 0x1111, 0x1111, 0x1111, 0x1111, 0x1111, 0x1111, 0x1111, 0x1111, 0x1111, 0x1111, 0x1111, 0x1111,
   0x1111, 0x1111, 0x1111, 0x1111, 0x1111, 0x0101, 0x1011, 0x0101, 0x2021, 0x0200, 0x2020, 0x2220, 0x2020, 0x2020, 0x2020, 0x2020,
   0x2020, 0x2020, 0x2220, 0x2220, 0x2020, 0x2020, 0x2020, 0x2020, 0x2020, 0x2020, 0x2020, 0x2020, 0x2020, 0x0101, 0x0101, 0x0101,
   0x1111, 0x1111, 0x1111, 0x1111, 0x1111, 0x1111, 0xffff, 0xffff, 0xffff, 0xffff, 0xffff, 0xffff, 0xffff, 0xffff, 0xffff, 0xffff,
  /* Character 0x08 */ 
   0x1111, 0x0201, 0x1111, 0x1110, 0x2220, 0x1111, 0x1112, 0x2022, 0x1111, 0x1110, 0x2220, 0x1111, 0x1111, 0x0201, 0x1111, 0x1111,
   0x1111, 0x1111, 0x1111, 0x1111, 0x1111, 0x1111, 0x1111, 0x1111, 0x1111, 0x1111, 0x1111, 0x1111, 0x1111, 0x1111, 0x1111, 0x1111,
   0x1111, 0x1111, 0x1111, 0x1111, 0x1111, 0x1111, 0x1111, 0x1111, 0x1111, 0x1111, 0x1111, 0x1111, 0x1111, 0x1111, 0x1111, 0x1111,
   0x1111, 0x1111, 0x1111, 0x1111, 0x1111, 0x1111, 0xffff, 0xffff, 0xffff, 0xffff, 0xffff, 0xffff, 0xffff, 0xffff, 0xffff, 0xffff,
  /* Character 0x09 */ 
   0x1111, 0x1111, 0x1111, 0x1111, 0x1111, 0x1111, 0x1111, 0x1111, 0x1111, 0x1111, 0x1111, 0x1111, 0x1111, 0x1111, 0x1111, 0x1111,
   0x1111, 0x1111, 0x1111, 0x0201, 0x1111, 0x1110, 0x2220, 0x1111, 0x1112, 0x2022, 0x1111, 0x1110, 0x2220, 0x1111, 0x1111, 0x0201,
   0x1111, 0x1111, 0x1111, 0x1111, 0x1111, 0x1111, 0x1111, 0x1111, 0x1111, 0x1111, 0x1111, 0x1111, 0x1111, 0x1111, 0x1111, 0x1111,
   0x1111, 0x1111, 0x1111, 0x1111, 0x1111, 0x1111, 0xffff, 0xffff, 0xffff, 0xffff, 0xffff, 0xffff, 0xffff, 0xffff, 0xffff, 0xffff,
  /* Character 0x0a */ 
   0x1111, 0x1111, 0x1111, 0x1111, 0x1111, 0x1111, 0x1111, 0x1111, 0x1111, 0x1111, 0x1111, 0x1111, 0x1111, 0x1111, 0x1111, 0x1111,
   0x1111, 0x1111, 0x1111, 0x1111, 0x1111, 0x1111, 0x1111, 0x1111, 0x1111, 0x1111, 0x1111, 0x1111, 0x1111, 0x1111, 0x1111, 0x1111,
   0x1111, 0x1111, 0x1111, 0x1111, 0x1111, 0x1111, 0x1111, 0x1111, 0x0201, 0x1111, 0x1110, 0x2220, 0x1111, 0x1112, 0x2022, 0x1111,
   0x1110, 0x2220, 0x1111, 0x1111, 0x0201, 0x1111, 0xffff, 0xffff, 0xffff, 0xffff, 0xffff, 0xffff, 0xffff, 0xffff, 0xffff, 0xffff,
  /* Character 0x0b */ 
   0x1111, 0x1201, 0x1111, 0x1111, 0x1201, 0x1111, 0x1111, 0x1201, 0x1111, 0x1111, 0x1201, 0x1111, 0x1111, 0x1201, 0x1111, 0x1111,
   0x1201, 0x1111, 0x1111, 0x1201, 0x1111, 0x1111, 0x1201, 0x1111, 0x2222, 0x2222, 0x2222, 0x0000, 0x0200, 0x0000, 0x1111, 0x1201,
   0x1111, 0x1111, 0x1201, 0x1111, 0x1111, 0x1201, 0x1111, 0x1111, 0x1201, 0x1111, 0x1111, 0x1201, 0x1111, 0x1111, 0x1201, 0x1111,
   0x1111, 0x1201, 0x1111, 0x1111, 0x1201, 0x1111, 0xffff, 0xffff, 0xffff, 0xffff, 0xffff, 0xffff, 0xffff, 0xffff, 0xffff, 0xffff,
  /* Character 0x0c */ 
   0x1111, 0x1111, 0x1111, 0x1111, 0x1111, 0x1111, 0x1111, 0x1111, 0x1111, 0x1111, 0x1111, 0x1111, 0x1111, 0x1111, 0x1111, 0x1111,
   0x1111, 0x1111, 0x1111, 0x1111, 0x1111, 0x1111, 0x0101, 0x1111, 0x1110, 0x2020, 0x1111, 0x1110, 0x2220, 0x1111, 0x1110, 0x2020,
   0x1111, 0x1110, 0x2020, 0x1111, 0x1110, 0x2020, 0x1111, 0x1110, 0x2020, 0x1111, 0x1111, 0x0101, 0x1111, 0x1111, 0x1111, 0x1111,
   0x1111, 0x1111, 0x1111, 0x1111, 0x1111, 0x1111, 0xffff, 0xffff, 0xffff, 0xffff, 0xffff, 0xffff, 0xffff, 0xffff, 0xffff, 0xffff,
  /* Character 0x0d */ 
   0x1111, 0x1111, 0x1111, 0x1111, 0x1111, 0x1111, 0x1111, 0x1111, 0x1111, 0x1111, 0x1111, 0x1111, 0x1111, 0x1111, 0x1111, 0x1111,
   0x1111, 0x1111, 0x1111, 0x1111, 0x1111, 0x1100, 0x0100, 0x0011, 0x1022, 0x2002, 0x2201, 0x1020, 0x2002, 0x0011, 0x1022, 0x2002,
   0x0011, 0x1100, 0x0102, 0x2201, 0x1111, 0x1102, 0x0011, 0x1111, 0x1102, 0x0111, 0x1111, 0x1102, 0x0111, 0x1111, 0x1110, 0x1111,
   0x1111, 0x1111, 0x1111, 0x1111, 0x1111, 0x1111, 0xffff, 0xffff, 0xffff, 0xffff, 0xffff, 0xffff, 0xffff, 0xffff, 0xffff, 0xffff,
  /* Character 0x0e */ 
   0x1111, 0x1111, 0x1111, 0x1111, 0x1111, 0x1111, 0x1111, 0x1111, 0x1111, 0x1111, 0x1111, 0x1111, 0x1111, 0x1111, 0x1111, 0x1111,
   0x1111, 0x1111, 0x1111, 0x1111, 0x1111, 0x1100, 0x0100, 0x0011, 0x1022, 0x2002, 0x2201, 0x1020, 0x2002, 0x0011, 0x1022, 0x2002,
   0x0111, 0x1100, 0x0102, 0x0111, 0x1111, 0x1102, 0x0111, 0x1111, 0x1102, 0x0111, 0x1111, 0x1102, 0x2201, 0x1111, 0x1110, 0x0011,
   0x1111, 0x1111, 0x1111, 0x1111, 0x1111, 0x1111, 0xffff, 0xffff, 0xffff, 0xffff, 0xffff, 0xffff, 0xffff, 0xffff, 0xffff, 0xffff,
  /* Character 0x0f */ 
   0x1111, 0x1111, 0x1111, 0x1111, 0x1111, 0x1111, 0x1111, 0x1111, 0x1111, 0x1111, 0x1111, 0x1111, 0x1111, 0x1111, 0x1111, 0x1111,
   0x1111, 0x1111, 0x1111, 0x1111, 0x1111, 0x1100, 0x0100, 0x0111, 0x1022, 0x2022, 0x2011, 0x1020, 0x0102, 0x0111, 0x1020, 0x1102,
   0x0111, 0x1022, 0x0102, 0x0111, 0x1020, 0x1102, 0x0111, 0x1020, 0x1102, 0x0111, 0x1101, 0x1110, 0x1111, 0x1111, 0x1111, 0x1111,
   0x1111, 0x1111, 0x1111, 0x1111, 0x1111, 0x1111, 0xffff, 0xffff, 0xffff, 0xffff, 0xffff, 0xffff, 0xffff, 0xffff, 0xffff, 0xffff,
  /* Character 0x10 */ 
   0x1100, 0x0110, 0x0011, 0x1022, 0x0002, 0x2001, 0x1020, 0x2002, 0x0201, 0x1022, 0x0002, 0x2001, 0x1020, 0x2002, 0x0201, 0x1022,
   0x2002, 0x2201, 0x1100, 0x0110, 0x0011, 0x1111, 0x1111, 0x1111, 0x1111, 0x0001, 0x1111, 0x1110, 0x2220, 0x1111, 0x1110, 0x2222,
   0x0111, 0x1110, 0x2222, 0x2011, 0x1110, 0x2222, 0x2011, 0x1110, 0x2222, 0x2011, 0x1110, 0x2222, 0x2011, 0x1110, 0x2222, 0x2011,
   0x1111, 0x0000, 0x0111, 0x1111, 0x1111, 0x1111, 0xffff, 0xffff, 0xffff, 0xffff, 0xffff, 0xffff, 0xffff, 0xffff, 0xffff, 0xffff,
  /* Character 0x11 */ 
   0x1111, 0x1111, 0x1111, 0x1111, 0x0000, 0x1111, 0x1100, 0x2222, 0x0011, 0x1022, 0x0000, 0x2201, 0x1020, 0x2002, 0x0201, 0x0200,
   0x2002, 0x0020, 0x0200, 0x2222, 0x0020, 0x0200, 0x2002, 0x0020, 0x0220, 0x2002, 0x0220, 0x1022, 0x0000, 0x2201, 0x1022, 0x2222,
   0x2201, 0x1102, 0x2222, 0x2011, 0x1110, 0x2222, 0x0111, 0x1110, 0x2222, 0x0111, 0x1111, 0x0220, 0x1111, 0x1111, 0x0220, 0x1111,
   0x1111, 0x1001, 0x1111, 0x1111, 0x1111, 0x1111, 0xffff, 0xffff, 0xffff, 0xffff, 0xffff, 0xffff, 0xffff, 0xffff, 0xffff, 0xffff,
  /* Character 0x12 */ 
   0x1111, 0x0000, 0x1111, 0x1110, 0x2222, 0x0111, 0x1102, 0x0000, 0x2011, 0x1020, 0x1110, 0x0200, 0x1020, 0x1102, 0x2222, 0x1020,
   0x1110, 0x2220, 0x1020, 0x1111, 0x0201, 0x1102, 0x0000, 0x1011, 0x1110, 0x2222, 0x0111, 0x1111, 0x0000, 0x1111, 0x1000, 0x1000,
   0x1010, 0x0220, 0x0222, 0x0202, 0x0202, 0x0202, 0x0222, 0x0220, 0x0222, 0x0202, 0x0202, 0x0200, 0x0202, 0x0202, 0x0201, 0x0202,
   0x1010, 0x1011, 0x1010, 0x1111, 0x1111, 0x1111, 0xffff, 0xffff, 0xffff, 0xffff, 0xffff, 0xffff, 0xffff, 0xffff, 0xffff, 0xffff,
  /* Character 0x13 */ 
   0x1111, 0x0220, 0x1111, 0x1111, 0x1001, 0x1111, 0x1111, 0x1111, 0x1111, 0x1111, 0x1111, 0x1111, 0x1111, 0x1111, 0x1111, 0x1111,
   0x1111, 0x1111, 0x1111, 0x1111, 0x1111, 0x1111, 0x0000, 0x1111, 0x1110, 0x2222, 0x0111, 0x1110, 0x2222, 0x0111, 0x1111, 0x0000,
   0x1111, 0x1111, 0x1111, 0x1111, 0x1111, 0x1111, 0x1111, 0x1111, 0x1111, 0x1111, 0x1111, 0x1111, 0x1111, 0x1111, 0x1111, 0x1111,
   0x1111, 0x1001, 0x1111, 0x1111, 0x0220, 0x1111, 0xffff, 0xffff, 0xffff, 0xffff, 0xffff, 0xffff, 0xffff, 0xffff, 0xffff, 0xffff,
  /* Character 0x14 */ 
   0x1111, 0x1111, 0x1111, 0x1111, 0x1111, 0x1111, 0x1111, 0x1111, 0x1111, 0x1111, 0x1111, 0x1111, 0x1111, 0x1111, 0x1111, 0x1111,
   0x1111, 0x1111, 0x1111, 0x1111, 0x1111, 0x1100, 0x1100, 0x0111, 0x1022, 0x0022, 0x2011, 0x1020, 0x2020, 0x2011, 0x1022, 0x0020,
   0x2011, 0x1020, 0x2020, 0x2011, 0x1020, 0x2022, 0x2011, 0x1101, 0x0100, 0x0111, 0x1111, 0x1111, 0x1111, 0x1111, 0x1111, 0x1111,
   0x1111, 0x1111, 0x1111, 0x1111, 0x1111, 0x1111, 0xffff, 0xffff, 0xffff, 0xffff, 0xffff, 0xffff, 0xffff, 0xffff, 0xffff, 0xffff,
  /* Character 0x15 */ 
   0x1111, 0x1111, 0x1111, 0x1111, 0x1111, 0x1111, 0x1111, 0x1111, 0x1111, 0x1111, 0x1111, 0x1111, 0x1111, 0x1111, 0x1111, 0x1111,
   0x1111, 0x1111, 0x1111, 0x1111, 0x1111, 0x1110, 0x0010, 0x0011, 0x1102, 0x2202, 0x2201, 0x1102, 0x0200, 0x2011, 0x1102, 0x2200,
   0x2011, 0x1102, 0x0010, 0x2011, 0x1102, 0x0102, 0x2201, 0x1110, 0x1110, 0x0011, 0x1111, 0x1111, 0x1111, 0x1111, 0x1111, 0x1111,
   0x1111, 0x1111, 0x1111, 0x1111, 0x1111, 0x1111, 0xffff, 0xffff, 0xffff, 0xffff, 0xffff, 0xffff, 0xffff, 0xffff, 0xffff, 0xffff,
  /* Character 0x16 */ 
   0x1111, 0x1201, 0x1111, 0x1111, 0x1201, 0x1111, 0x1111, 0x1201, 0x1111, 0x1111, 0x1201, 0x1111, 0x1111, 0x1201, 0x1111, 0x1111,
   0x1201, 0x1111, 0x1111, 0x1201, 0x1111, 0x1111, 0x1201, 0x1111, 0x1111, 0x1201, 0x1111, 0x1111, 0x1201, 0x1111, 0x1111, 0x1201,
   0x1111, 0x1111, 0x1201, 0x1111, 0x1111, 0x1201, 0x1111, 0x1111, 0x1201, 0x1111, 0x1111, 0x1201, 0x1111, 0x1111, 0x1201, 0x1111,
   0x1111, 0x1201, 0x1111, 0x1111, 0x1201, 0x1111, 0xffff, 0xffff, 0xffff, 0xffff, 0xffff, 0xffff, 0xffff, 0xffff, 0xffff, 0xffff,
  /* Character 0x17 */ 
   0x1111, 0x1111, 0x1111, 0x1111, 0x1111, 0x1111, 0x1111, 0x1111, 0x1111, 0x1111, 0x1111, 0x1111, 0x1111, 0x1111, 0x1111, 0x1111,
   0x1111, 0x1111, 0x1111, 0x1111, 0x1111, 0x1111, 0x1111, 0x1111, 0x2222, 0x2222, 0x2222, 0x0000, 0x0000, 0x0000, 0x1111, 0x1111,
   0x1111, 0x1111, 0x1111, 0x1111, 0x1111, 0x1111, 0x1111, 0x1111, 0x1111, 0x1111, 0x1111, 0x1111, 0x1111, 0x1111, 0x1111, 0x1111,
   0x1111, 0x1111, 0x1111, 0x1111, 0x1111, 0x1111, 0xffff, 0xffff, 0xffff, 0xffff, 0xffff, 0xffff, 0xffff, 0xffff, 0xffff, 0xffff,
  /* Character 0x18 */ 
   0x1111, 0x1111, 0x1111, 0x1111, 0x1111, 0x1111, 0x1111, 0x1111, 0x1111, 0x2222, 0x2222, 0x2222, 0x0000, 0x0200, 0x0000, 0x1111,
   0x0201, 0x1111, 0x1111, 0x1011, 0x1111, 0x1100, 0x0100, 0x0111, 0x1105, 0x0105, 0x0111, 0x1105, 0x5005, 0x0111, 0x1105, 0x0505,
   0x0111, 0x1105, 0x0055, 0x0111, 0x1105, 0x0105, 0x0111, 0x1105, 0x0105, 0x0111, 0x1105, 0x0105, 0x0111, 0x1100, 0x0100, 0x0111,
   0x1111, 0x1111, 0x1111, 0x1111, 0x1111, 0x1111, 0xffff, 0xffff, 0xffff, 0xffff, 0xffff, 0xffff, 0xffff, 0xffff, 0xffff, 0xffff,
  /* Character 0x19 */ 
   0x1111, 0x1111, 0x1111, 0x1111, 0x1111, 0x1111, 0x1111, 0x1111, 0x1111, 0x2222, 0x2222, 0x2222, 0x0000, 0x0200, 0x0000, 0x1111,
   0x0201, 0x1111, 0x1111, 0x1011, 0x1111, 0x1110, 0x0000, 0x1111, 0x1102, 0x2222, 0x0111, 0x1102, 0x0000, 0x1111, 0x1102, 0x0000,
   0x1111, 0x1102, 0x2222, 0x0111, 0x1110, 0x0002, 0x0111, 0x1110, 0x0002, 0x0111, 0x1102, 0x2222, 0x0111, 0x1110, 0x0000, 0x1111,
   0x1111, 0x1111, 0x1111, 0x1111, 0x1111, 0x1111, 0xffff, 0xffff, 0xffff, 0xffff, 0xffff, 0xffff, 0xffff, 0xffff, 0xffff, 0xffff,
  /* Character 0x1a */ 
   0x1111, 0x1111, 0x1111, 0x1111, 0x1111, 0x1111, 0x1111, 0x1111, 0x1111, 0x2222, 0x2222, 0x2222, 0x0000, 0x0200, 0x0000, 0x1111,
   0x0201, 0x1111, 0x1111, 0x1011, 0x1111, 0x1110, 0x0000, 0x1111, 0x1102, 0x2222, 0x0111, 0x1102, 0x0000, 0x1111, 0x1102, 0x0011,
   0x1111, 0x1102, 0x2201, 0x1111, 0x1102, 0x0011, 0x1111, 0x1102, 0x0000, 0x1111, 0x1102, 0x2222, 0x0111, 0x1110, 0x0000, 0x1111,
   0x1111, 0x1111, 0x1111, 0x1111, 0x1111, 0x1111, 0xffff, 0xffff, 0xffff, 0xffff, 0xffff, 0xffff, 0xffff, 0xffff, 0xffff, 0xffff,
  /* Character 0x1b */ 
   0x1111, 0x1111, 0x1111, 0x1111, 0x1111, 0x1111, 0x1111, 0x1111, 0x1111, 0x2222, 0x2222, 0x2222, 0x0000, 0x0200, 0x0000, 0x1111,
   0x0201, 0x1111, 0x1111, 0x1011, 0x1111, 0x1110, 0x1110, 0x1111, 0x1102, 0x0102, 0x0111, 0x1102, 0x0102, 0x0111, 0x1102, 0x0102,
   0x0111, 0x1102, 0x0002, 0x0111, 0x1102, 0x0202, 0x0111, 0x1102, 0x2022, 0x0111, 0x1102, 0x0102, 0x0111, 0x1110, 0x1110, 0x1111,
   0x1111, 0x1111, 0x1111, 0x1111, 0x1111, 0x1111, 0xffff, 0xffff, 0xffff, 0xffff, 0xffff, 0xffff, 0xffff, 0xffff, 0xffff, 0xffff,
  /* Character 0x1c */ 
   0x1111, 0x1111, 0x1111, 0x1111, 0x1111, 0x1111, 0x1111, 0x1111, 0x1111, 0x2222, 0x2222, 0x2222, 0x0000, 0x0200, 0x0000, 0x1111,
   0x0201, 0x1111, 0x1111, 0x0201, 0x1111, 0x1111, 0x0201, 0x1111, 0x1111, 0x1011, 0x1111, 0x1111, 0x1111, 0x1111, 0x1111, 0x1111,
   0x1111, 0x1111, 0x1111, 0x1111, 0x1111, 0x1111, 0x1111, 0x1111, 0x1111, 0x1111, 0x1111, 0x1111, 0x1111, 0x1111, 0x1111, 0x1111,
   0x1111, 0x1111, 0x1111, 0x1111, 0x1111, 0x1111, 0xffff, 0xffff, 0xffff, 0xffff, 0xffff, 0xffff, 0xffff, 0xffff, 0xffff, 0xffff,
  /* Character 0x1d */ 
   0x1111, 0x1111, 0x1111, 0x1111, 0x1111, 0x1111, 0x1111, 0x1111, 0x1111, 0x2222, 0x2222, 0x2222, 0x0000, 0x0200, 0x0000, 0x1111,
   0x1011, 0x1111, 0x1111, 0x1111, 0x1111, 0x1111, 0x1111, 0x1111, 0x1111, 0x1111, 0x1111, 0x1111, 0x1111, 0x1111, 0x1111, 0x1111,
   0x1111, 0x1111, 0x1111, 0x1111, 0x1111, 0x1111, 0x1111, 0x1111, 0x1111, 0x1111, 0x1111, 0x1111, 0x1111, 0x1111, 0x1111, 0x1111,
   0x1111, 0x1111, 0x1111, 0x1111, 0x1111, 0x1111, 0xffff, 0xffff, 0xffff, 0xffff, 0xffff, 0xffff, 0xffff, 0xffff, 0xffff, 0xffff,
  /* Character 0x1e */ 
   0x1111, 0x1111, 0x1111, 0x1111, 0x1111, 0x1101, 0x1111, 0x1111, 0x1020, 0x1100, 0x0000, 0x0022, 0x1022, 0x2222, 0x2022, 0x1021,
   0x2121, 0x2022, 0x1022, 0x2222, 0x2222, 0x1021, 0x2121, 0x2022, 0x1022, 0x2222, 0x2022, 0x1100, 0x0000, 0x0102, 0x1111, 0x1111,
   0x1110, 0x1111, 0x1111, 0x1111, 0x1111, 0x1111, 0x1111, 0x1111, 0x1111, 0x0000, 0x1111, 0x1111, 0x2222, 0x1111, 0x1111, 0x1111,
   0x1111, 0x1111, 0x1111, 0x1111, 0x1111, 0x1111, 0xffff, 0xffff, 0xffff, 0xffff, 0xffff, 0xffff, 0xffff, 0xffff, 0xffff, 0xffff,
  /* Character 0x1f */ 
   0x1111, 0x1111, 0x1111, 0x1111, 0x1111, 0x1111, 0x0011, 0x1111, 0x1111, 0x2200, 0x0000, 0x0011, 0x2202, 0x2222, 0x2201, 0x2202,
   0x1212, 0x1201, 0x2222, 0x2222, 0x2201, 0x2202, 0x1212, 0x1201, 0x2202, 0x2222, 0x2201, 0x2010, 0x0000, 0x0011, 0x0111, 0x1111,
   0x1111, 0x1111, 0x1111, 0x1111, 0x1111, 0x1111, 0x1111, 0x0000, 0x1111, 0x1111, 0x2222, 0x1111, 0x1111, 0x1111, 0x1111, 0x1111,
   0x1111, 0x1111, 0x1111, 0x1111, 0x1111, 0x1111, 0xffff, 0xffff, 0xffff, 0xffff, 0xffff, 0xffff, 0xffff, 0xffff, 0xffff, 0xffff,
  /* Character 0x20 */ 
   0x1111, 0x1111, 0x1111, 0x1111, 0x1111, 0x1111, 0x1111, 0x1111, 0x1111, 0x1111, 0x1111, 0x1111, 0x1111, 0x1111, 0x1111, 0x1111,
   0x1111, 0x1111, 0x1111, 0x1111, 0x1111, 0x1111, 0x1111, 0x1111, 0x1111, 0x1111, 0x1111, 0x1111, 0x1111, 0x1111, 0x1111, 0x1111,
   0x1111, 0x1111, 0x1111, 0x1111, 0x1111, 0x1111, 0x1111, 0x1111, 0x1111, 0x1111, 0x1111, 0x1111, 0x1111, 0x1111, 0x1111, 0x1111,
   0x1111, 0x1111, 0x1111, 0x1111, 0x1111, 0x1111, 0xffff, 0xffff, 0xffff, 0xffff, 0xffff, 0xffff, 0xffff, 0xffff, 0xffff, 0xffff,
  /* Character 0x21 */ 
   0x1111, 0x1111, 0x1111, 0x1111, 0x1111, 0x1111, 0x1111, 0x1111, 0x1111, 0x1111, 0x1111, 0x1111, 0x1111, 0x1001, 0x1111, 0x1111,
   0x0ff0, 0x1111, 0x1111, 0x0ff0, 0x1111, 0x1111, 0x0ff0, 0x1111, 0x1111, 0x0ff0, 0x1111, 0x1111, 0x0ff0, 0x1111, 0x1111, 0x0ff0,
   0x1111, 0x1111, 0x1001, 0x1111, 0x1111, 0x1001, 0x1111, 0x1111, 0x0ff0, 0x1111, 0x1111, 0x0ff0, 0x1111, 0x1111, 0x1001, 0x1111,
   0x1111, 0x1111, 0x1111, 0x1111, 0x1111, 0x1111, 0xffff, 0xffff, 0xffff, 0xffff, 0xffff, 0xffff, 0xffff, 0xffff, 0xffff, 0xffff,
  /* Character 0x22 */ 
   0x1111, 0x1111, 0x1111, 0x1111, 0x1111, 0x1111, 0x1111, 0x1111, 0x1111, 0x1111, 0x1111, 0x1111, 0x1111, 0x0110, 0x1111, 0x1110,
   0xf00f, 0x0111, 0x1110, 0xf00f, 0x0111, 0x1110, 0xf00f, 0x0111, 0x1111, 0x0110, 0x1111, 0x1111, 0x1111, 0x1111, 0x1111, 0x1111,
   0x1111, 0x1111, 0x1111, 0x1111, 0x1111, 0x1111, 0x1111, 0x1111, 0x1111, 0x1111, 0x1111, 0x1111, 0x1111, 0x1111, 0x1111, 0x1111,
   0x1111, 0x1111, 0x1111, 0x1111, 0x1111, 0x1111, 0xffff, 0xffff, 0xffff, 0xffff, 0xffff, 0xffff, 0xffff, 0xffff, 0xffff, 0xffff,
  /* Character 0x23 */ 
   0x1111, 0x1111, 0x1111, 0x1111, 0x1111, 0x1111, 0x1111, 0x1111, 0x1111, 0x1111, 0x1111, 0x1111, 0x1111, 0x1111, 0x1111, 0x1111,
   0x0110, 0x1111, 0x1110, 0xf00f, 0x0111, 0x1100, 0xf00f, 0x0011, 0x10ff, 0xffff, 0xff01, 0x1100, 0xf00f, 0x0011, 0x1100, 0xf00f,
   0x0011, 0x10ff, 0xffff, 0xff01, 0x1100, 0xf00f, 0x0011, 0x1110, 0xf00f, 0x0111, 0x1111, 0x0110, 0x1111, 0x1111, 0x1111, 0x1111,
   0x1111, 0x1111, 0x1111, 0x1111, 0x1111, 0x1111, 0xffff, 0xffff, 0xffff, 0xffff, 0xffff, 0xffff, 0xffff, 0xffff, 0xffff, 0xffff,
  /* Character 0x24 */ 
   0x1111, 0x1111, 0x1111, 0x1111, 0x1111, 0x1111, 0x1111, 0x1111, 0x1111, 0x1111, 0x1111, 0x1111, 0x1111, 0x1111, 0x1111, 0x1111,
   0x1111, 0x1111, 0x0101, 0x1011, 0x0101, 0x2020, 0x0200, 0x2020, 0x2220, 0x2020, 0x2020, 0x2020, 0x2220, 0x0201, 0x2020, 0x2020,
   0x2020, 0x2020, 0x2020, 0x2020, 0x0101, 0x0101, 0x0101, 0x1111, 0x1111, 0x1111, 0x1111, 0x1111, 0x1111, 0x1111, 0x1111, 0x1111,
   0x1111, 0x1111, 0x1111, 0x1111, 0x1111, 0x1111, 0xffff, 0xffff, 0xffff, 0xffff, 0xffff, 0xffff, 0xffff, 0xffff, 0xffff, 0xffff,
  /* Character 0x25 */ 
   0x1111, 0x1111, 0x1111, 0x1111, 0x1111, 0x1111, 0x1111, 0x1111, 0x1111, 0x1111, 0x1111, 0x1111, 0x1100, 0x1111, 0x1001, 0x10ff,
   0x0111, 0x0f01, 0x10ff, 0x0110, 0xf011, 0x1100, 0x110f, 0x0111, 0x1111, 0x10f0, 0x1111, 0x1111, 0x0f01, 0x1111, 0x1110, 0xf011,
   0x0011, 0x110f, 0x0110, 0xff01, 0x10f0, 0x1110, 0xff01, 0x1001, 0x1111, 0x0011, 0x1111, 0x1111, 0x1111, 0x1111, 0x1111, 0x1111,
   0x1111, 0x1111, 0x1111, 0x1111, 0x1111, 0x1111, 0xffff, 0xffff, 0xffff, 0xffff, 0xffff, 0xffff, 0xffff, 0xffff, 0xffff, 0xffff,
  /* Character 0x26 */ 
   0x1111, 0x1111, 0x1111, 0x1111, 0x1111, 0x1111, 0x1111, 0x1111, 0x1111, 0x1111, 0x1111, 0x1111, 0x1111, 0x0001, 0x1111, 0x1110,
   0xfff0, 0x1111, 0x110f, 0x000f, 0x0111, 0x110f, 0x0110, 0x1111, 0x1110, 0xf011, 0x1111, 0x1110, 0xf001, 0x1111, 0x110f, 0x00f0,
   0x1011, 0x110f, 0x010f, 0x0f01, 0x110f, 0x0000, 0xf011, 0x1110, 0xffff, 0x0f01, 0x1111, 0x0000, 0x1011, 0x1111, 0x1111, 0x1111,
   0x1111, 0x1111, 0x1111, 0x1111, 0x1111, 0x1111, 0xffff, 0xffff, 0xffff, 0xffff, 0xffff, 0xffff, 0xffff, 0xffff, 0xffff, 0xffff,
  /* Character 0x27 */ 
   0x1111, 0x1111, 0x1111, 0x1111, 0x1111, 0x1111, 0x1111, 0x1111, 0x1111, 0x1111, 0x1111, 0x1111, 0x1111, 0x1011, 0x1111, 0x1111,
   0x0f01, 0x1111, 0x1111, 0x0f01, 0x1111, 0x1111, 0x0f01, 0x1111, 0x1111, 0x1011, 0x1111, 0x1111, 0x1111, 0x1111, 0x1111, 0x1111,
   0x1111, 0x1111, 0x1111, 0x1111, 0x1111, 0x1111, 0x1111, 0x1111, 0x1111, 0x1111, 0x1111, 0x1111, 0x1111, 0x1111, 0x1111, 0x1111,
   0x1111, 0x1111, 0x1111, 0x1111, 0x1111, 0x1111, 0xffff, 0xffff, 0xffff, 0xffff, 0xffff, 0xffff, 0xffff, 0xffff, 0xffff, 0xffff,
  /* Character 0x28 */ 
   0x1111, 0x1111, 0x1111, 0x1111, 0x1111, 0x1111, 0x1111, 0x1111, 0x1111, 0x1111, 0x1110, 0x0111, 0x1111, 0x110f, 0xf011, 0x1111,
   0x10ff, 0x0111, 0x1111, 0x0ff0, 0x1111, 0x1110, 0xff01, 0x1111, 0x1110, 0xff01, 0x1111, 0x1110, 0xff01, 0x1111, 0x1110, 0xff01,
   0x1111, 0x1110, 0xff01, 0x1111, 0x1111, 0x0ff0, 0x1111, 0x1111, 0x10ff, 0x0111, 0x1111, 0x110f, 0xf011, 0x1111, 0x1110, 0x0111,
   0x1111, 0x1111, 0x1111, 0x1111, 0x1111, 0x1111, 0xffff, 0xffff, 0xffff, 0xffff, 0xffff, 0xffff, 0xffff, 0xffff, 0xffff, 0xffff,
  /* Character 0x29 */ 
   0x1111, 0x1111, 0x1111, 0x1111, 0x1111, 0x1111, 0x1111, 0x1111, 0x1111, 0x1110, 0x0111, 0x1111, 0x110f, 0xf011, 0x1111, 0x1110,
   0xff01, 0x1111, 0x1111, 0x0ff0, 0x1111, 0x1111, 0x10ff, 0x0111, 0x1111, 0x10ff, 0x0111, 0x1111, 0x10ff, 0x0111, 0x1111, 0x10ff,
   0x0111, 0x1111, 0x10ff, 0x0111, 0x1111, 0x0ff0, 0x1111, 0x1110, 0xff01, 0x1111, 0x110f, 0xf011, 0x1111, 0x1110, 0x0111, 0x1111,
   0x1111, 0x1111, 0x1111, 0x1111, 0x1111, 0x1111, 0xffff, 0xffff, 0xffff, 0xffff, 0xffff, 0xffff, 0xffff, 0xffff, 0xffff, 0xffff,
  /* Character 0x2a */ 
   0x1111, 0x1111, 0x1111, 0x1111, 0x1111, 0x1111, 0x1111, 0x1111, 0x1111, 0x1111, 0x1111, 0x1111, 0x1111, 0x1111, 0x1111, 0x1100,
   0x1111, 0x0011, 0x10ff, 0x0110, 0xff01, 0x110f, 0xf00f, 0xf011, 0x1100, 0xffff, 0x0011, 0x10ff, 0xffff, 0xff01, 0x1100, 0xffff,
   0x0011, 0x110f, 0xf00f, 0xf011, 0x10ff, 0x0110, 0xff01, 0x1100, 0x1111, 0x0011, 0x1111, 0x1111, 0x1111, 0x1111, 0x1111, 0x1111,
   0x1111, 0x1111, 0x1111, 0x1111, 0x1111, 0x1111, 0xffff, 0xffff, 0xffff, 0xffff, 0xffff, 0xffff, 0xffff, 0xffff, 0xffff, 0xffff,
  /* Character 0x2b */ 
   0x1111, 0x1111, 0x1111, 0x1111, 0x1111, 0x1111, 0x1111, 0x1111, 0x1111, 0x1111, 0x1111, 0x1111, 0x1111, 0x1111, 0x1111, 0x1111,
   0x1001, 0x1111, 0x1111, 0x0ff0, 0x1111, 0x1110, 0x0ff0, 0x0111, 0x110f, 0xffff, 0xf011, 0x110f, 0xffff, 0xf011, 0x1110, 0x0ff0,
   0x0111, 0x1111, 0x0ff0, 0x1111, 0x1111, 0x1001, 0x1111, 0x1111, 0x1111, 0x1111, 0x1111, 0x1111, 0x1111, 0x1111, 0x1111, 0x1111,
   0x1111, 0x1111, 0x1111, 0x1111, 0x1111, 0x1111, 0xffff, 0xffff, 0xffff, 0xffff, 0xffff, 0xffff, 0xffff, 0xffff, 0xffff, 0xffff,
  /* Character 0x2c */ 
   0x1111, 0x1111, 0x1111, 0x1111, 0x1111, 0x1111, 0x1111, 0x1111, 0x1111, 0x1111, 0x1111, 0x1111, 0x1111, 0x1111, 0x1111, 0x1111,
   0x1111, 0x1111, 0x1111, 0x1111, 0x1111, 0x1111, 0x1111, 0x1111, 0x1111, 0x1111, 0x1111, 0x1111, 0x1111, 0x1111, 0x1111, 0x1111,
   0x1111, 0x1111, 0x1001, 0x1111, 0x1111, 0x0ff0, 0x1111, 0x1111, 0x0ff0, 0x1111, 0x1110, 0xff01, 0x1111, 0x1111, 0x0011, 0x1111,
   0x1111, 0x1111, 0x1111, 0x1111, 0x1111, 0x1111, 0xffff, 0xffff, 0xffff, 0xffff, 0xffff, 0xffff, 0xffff, 0xffff, 0xffff, 0xffff,
  /* Character 0x2d */ 
   0x1111, 0x1111, 0x1111, 0x1111, 0x1111, 0x1111, 0x1111, 0x1111, 0x1111, 0x1111, 0x1111, 0x1111, 0x1111, 0x1111, 0x1111, 0x1111,
   0x1111, 0x1111, 0x1111, 0x1111, 0x1111, 0x1111, 0x1111, 0x1111, 0x1110, 0x0000, 0x0111, 0x110f, 0xffff, 0xf011, 0x110f, 0xffff,
   0xf011, 0x1110, 0x0000, 0x0111, 0x1111, 0x1111, 0x1111, 0x1111, 0x1111, 0x1111, 0x1111, 0x1111, 0x1111, 0x1111, 0x1111, 0x1111,
   0x1111, 0x1111, 0x1111, 0x1111, 0x1111, 0x1111, 0xffff, 0xffff, 0xffff, 0xffff, 0xffff, 0xffff, 0xffff, 0xffff, 0xffff, 0xffff,
  /* Character 0x2e */ 
   0x1111, 0x1111, 0x1111, 0x1111, 0x1111, 0x1111, 0x1111, 0x1111, 0x1111, 0x1111, 0x1111, 0x1111, 0x1111, 0x1111, 0x1111, 0x1111,
   0x1111, 0x1111, 0x1111, 0x1111, 0x1111, 0x1111, 0x1111, 0x1111, 0x1111, 0x1111, 0x1111, 0x1111, 0x1111, 0x1111, 0x1111, 0x1111,
   0x1111, 0x1111, 0x1001, 0x1111, 0x1111, 0x0ff0, 0x1111, 0x1111, 0x0ff0, 0x1111, 0x1111, 0x1001, 0x1111, 0x1111, 0x1111, 0x1111,
   0x1111, 0x1111, 0x1111, 0x1111, 0x1111, 0x1111, 0xffff, 0xffff, 0xffff, 0xffff, 0xffff, 0xffff, 0xffff, 0xffff, 0xffff, 0xffff,
  /* Character 0x2f */ 
   0x1111, 0x1111, 0x1111, 0x1111, 0x1111, 0x1111, 0x1111, 0x1111, 0x1111, 0x1111, 0x1111, 0x0111, 0x1111, 0x1110, 0xf011, 0x1111,
   0x1110, 0xf011, 0x1111, 0x110f, 0xf011, 0x1111, 0x110f, 0x0111, 0x1111, 0x10ff, 0x0111, 0x1111, 0x10f0, 0x1111, 0x1111, 0x0ff0,
   0x1111, 0x1111, 0x0f01, 0x1111, 0x1110, 0xff01, 0x1111, 0x1110, 0xf011, 0x1111, 0x1110, 0xf011, 0x1111, 0x1111, 0x0111, 0x1111,
   0x1111, 0x1111, 0x1111, 0x1111, 0x1111, 0x1111, 0xffff, 0xffff, 0xffff, 0xffff, 0xffff, 0xffff, 0xffff, 0xffff, 0xffff, 0xffff,
  /* Character 0x30 */ 
   0x1111, 0x1111, 0x1111, 0x1111, 0x1111, 0x1111, 0x1111, 0x1111, 0x1111, 0x1111, 0x1111, 0x1111, 0x1111, 0x0000, 0x0111, 0x1110,
   0xffff, 0xf011, 0x110f, 0xffff, 0xff01, 0x110f, 0xf000, 0xff01, 0x110f, 0xf010, 0xff01, 0x110f, 0xf010, 0xff01, 0x110f, 0xf010,
   0xff01, 0x110f, 0xf010, 0xff01, 0x110f, 0xf000, 0xff01, 0x110f, 0xffff, 0xff01, 0x1110, 0xffff, 0xf011, 0x1111, 0x0000, 0x0111,
   0x1111, 0x1111, 0x1111, 0x1111, 0x1111, 0x1111, 0xffff, 0xffff, 0xffff, 0xffff, 0xffff, 0xffff, 0xffff, 0xffff, 0xffff, 0xffff,
  /* Character 0x31 */ 
   0x1111, 0x1111, 0x1111, 0x1111, 0x1111, 0x1111, 0x1111, 0x1111, 0x1111, 0x1111, 0x1111, 0x1111, 0x1111, 0x1100, 0x1111, 0x1111,
   0x10ff, 0x0111, 0x1111, 0x0fff, 0x0111, 0x1110, 0xffff, 0x0111, 0x1111, 0x00ff, 0x0111, 0x1111, 0x10ff, 0x0111, 0x1111, 0x10ff,
   0x0111, 0x1111, 0x10ff, 0x0111, 0x1111, 0x00ff, 0x0011, 0x1110, 0xffff, 0xff01, 0x1110, 0xffff, 0xff01, 0x1111, 0x0000, 0x0011,
   0x1111, 0x1111, 0x1111, 0x1111, 0x1111, 0x1111, 0xffff, 0xffff, 0xffff, 0xffff, 0xffff, 0xffff, 0xffff, 0xffff, 0xffff, 0xffff,
  /* Character 0x32 */ 
   0x1111, 0x1111, 0x1111, 0x1111, 0x1111, 0x1111, 0x1111, 0x1111, 0x1111, 0x1111, 0x1111, 0x1111, 0x1111, 0x0000, 0x0111, 0x1110,
   0xffff, 0xf011, 0x110f, 0xffff, 0xff01, 0x110f, 0xf000, 0xff01, 0x1110, 0x0110, 0xff01, 0x1111, 0x110f, 0xf011, 0x1111, 0x10ff,
   0xf011, 0x1111, 0x0fff, 0x0111, 0x1110, 0xfff0, 0x0011, 0x110f, 0xffff, 0xff01, 0x110f, 0xffff, 0xff01, 0x1110, 0x0000, 0x0011,
   0x1111, 0x1111, 0x1111, 0x1111, 0x1111, 0x1111, 0xffff, 0xffff, 0xffff, 0xffff, 0xffff, 0xffff, 0xffff, 0xffff, 0xffff, 0xffff,
  /* Character 0x33 */ 
   0x1111, 0x1111, 0x1111, 0x1111, 0x1111, 0x1111, 0x1111, 0x1111, 0x1111, 0x1111, 0x1111, 0x1111, 0x1110, 0x0000, 0x0111, 0x110f,
   0xffff, 0xf011, 0x110f, 0xffff, 0xff01, 0x1110, 0x0000, 0xff01, 0x1111, 0x1100, 0xff01, 0x1111, 0x10ff, 0xff01, 0x1111, 0x10ff,
   0xff01, 0x1111, 0x1100, 0xff01, 0x1110, 0x0000, 0xff01, 0x110f, 0xffff, 0xff01, 0x110f, 0xffff, 0xf011, 0x1110, 0x0000, 0x0111,
   0x1111, 0x1111, 0x1111, 0x1111, 0x1111, 0x1111, 0xffff, 0xffff, 0xffff, 0xffff, 0xffff, 0xffff, 0xffff, 0xffff, 0xffff, 0xffff,
  /* Character 0x34 */ 
   0x1111, 0x1111, 0x1111, 0x1111, 0x1111, 0x1111, 0x1111, 0x1111, 0x1111, 0x1111, 0x1111, 0x1111, 0x1110, 0x0111, 0x0011, 0x110f,
   0xf010, 0xff01, 0x110f, 0xf010, 0xff01, 0x110f, 0xf010, 0xff01, 0x110f, 0xf000, 0xff01, 0x110f, 0xffff, 0xff01, 0x1110, 0xffff,
   0xff01, 0x1111, 0x0000, 0xff01, 0x1111, 0x1110, 0xff01, 0x1111, 0x1110, 0xff01, 0x1111, 0x1110, 0xff01, 0x1111, 0x1111, 0x0011,
   0x1111, 0x1111, 0x1111, 0x1111, 0x1111, 0x1111, 0xffff, 0xffff, 0xffff, 0xffff, 0xffff, 0xffff, 0xffff, 0xffff, 0xffff, 0xffff,
  /* Character 0x35 */ 
   0x1111, 0x1111, 0x1111, 0x1111, 0x1111, 0x1111, 0x1111, 0x1111, 0x1111, 0x1111, 0x1111, 0x1111, 0x1110, 0x0000, 0x0011, 0x110f,
   0xffff, 0xff01, 0x110f, 0xffff, 0xff01, 0x110f, 0xf000, 0x0011, 0x110f, 0xf000, 0x0111, 0x110f, 0xffff, 0xf011, 0x1110, 0xffff,
   0xff01, 0x1111, 0x0000, 0xff01, 0x1110, 0x0000, 0xff01, 0x110f, 0xffff, 0xff01, 0x110f, 0xffff, 0xf011, 0x1110, 0x0000, 0x0111,
   0x1111, 0x1111, 0x1111, 0x1111, 0x1111, 0x1111, 0xffff, 0xffff, 0xffff, 0xffff, 0xffff, 0xffff, 0xffff, 0xffff, 0xffff, 0xffff,
  /* Character 0x36 */ 
   0x1111, 0x1111, 0x1111, 0x1111, 0x1111, 0x1111, 0x1111, 0x1111, 0x1111, 0x1111, 0x1111, 0x1111, 0x1111, 0x0000, 0x0011, 0x1110,
   0xffff, 0xff01, 0x110f, 0xffff, 0xff01, 0x110f, 0xf000, 0x0011, 0x110f, 0xf000, 0x0111, 0x110f, 0xffff, 0xf011, 0x110f, 0xffff,
   0xff01, 0x110f, 0xf000, 0xff01, 0x110f, 0xf000, 0xff01, 0x110f, 0xffff, 0xff01, 0x1110, 0xffff, 0xf011, 0x1111, 0x0000, 0x0111,
   0x1111, 0x1111, 0x1111, 0x1111, 0x1111, 0x1111, 0xffff, 0xffff, 0xffff, 0xffff, 0xffff, 0xffff, 0xffff, 0xffff, 0xffff, 0xffff,
  /* Character 0x37 */ 
   0x1111, 0x1111, 0x1111, 0x1111, 0x1111, 0x1111, 0x1111, 0x1111, 0x1111, 0x1111, 0x1111, 0x1111, 0x1110, 0x0000, 0x0011, 0x110f,
   0xffff, 0xff01, 0x110f, 0xffff, 0xff01, 0x1110, 0x0000, 0xff01, 0x1111, 0x1110, 0xff01, 0x1111, 0x110f, 0xff01, 0x1111, 0x110f,
   0xf011, 0x1111, 0x10ff, 0xf011, 0x1111, 0x10ff, 0x0111, 0x1111, 0x0fff, 0x0111, 0x1111, 0x0ff0, 0x1111, 0x1111, 0x1001, 0x1111,
   0x1111, 0x1111, 0x1111, 0x1111, 0x1111, 0x1111, 0xffff, 0xffff, 0xffff, 0xffff, 0xffff, 0xffff, 0xffff, 0xffff, 0xffff, 0xffff,
  /* Character 0x38 */ 
   0x1111, 0x1111, 0x1111, 0x1111, 0x1111, 0x1111, 0x1111, 0x1111, 0x1111, 0x1111, 0x1111, 0x1111, 0x1111, 0x0000, 0x0111, 0x1110,
   0xffff, 0xf011, 0x110f, 0xffff, 0xff01, 0x110f, 0xf000, 0xff01, 0x110f, 0xf000, 0xff01, 0x1110, 0xffff, 0xf011, 0x110f, 0xffff,
   0xff01, 0x110f, 0xf000, 0xff01, 0x110f, 0xf000, 0xff01, 0x110f, 0xffff, 0xff01, 0x1110, 0xffff, 0xf011, 0x1111, 0x0000, 0x0111,
   0x1111, 0x1111, 0x1111, 0x1111, 0x1111, 0x1111, 0xffff, 0xffff, 0xffff, 0xffff, 0xffff, 0xffff, 0xffff, 0xffff, 0xffff, 0xffff,
  /* Character 0x39 */ 
   0x1111, 0x1111, 0x1111, 0x1111, 0x1111, 0x1111, 0x1111, 0x1111, 0x1111, 0x1111, 0x1111, 0x1111, 0x1111, 0x0000, 0x0111, 0x1110,
   0xffff, 0xf011, 0x110f, 0xffff, 0xff01, 0x110f, 0xf000, 0xff01, 0x110f, 0xf000, 0xff01, 0x110f, 0xffff, 0xff01, 0x1110, 0xffff,
   0xff01, 0x1111, 0x0000, 0xff01, 0x1110, 0x0000, 0xff01, 0x110f, 0xffff, 0xff01, 0x110f, 0xffff, 0xf011, 0x1110, 0x0000, 0x0111,
   0x1111, 0x1111, 0x1111, 0x1111, 0x1111, 0x1111, 0xffff, 0xffff, 0xffff, 0xffff, 0xffff, 0xffff, 0xffff, 0xffff, 0xffff, 0xffff,
  /* Character 0x3a */ 
   0x1111, 0x1111, 0x1111, 0x1111, 0x1111, 0x1111, 0x1111, 0x1111, 0x1111, 0x1111, 0x1111, 0x1111, 0x1111, 0x1111, 0x1111, 0x1111,
   0x1001, 0x1111, 0x1111, 0x0ff0, 0x1111, 0x1111, 0x0ff0, 0x1111, 0x1111, 0x1001, 0x1111, 0x1111, 0x1111, 0x1111, 0x1111, 0x1111,
   0x1111, 0x1111, 0x1001, 0x1111, 0x1111, 0x0ff0, 0x1111, 0x1111, 0x0ff0, 0x1111, 0x1111, 0x1001, 0x1111, 0x1111, 0x1111, 0x1111,
   0x1111, 0x1111, 0x1111, 0x1111, 0x1111, 0x1111, 0xffff, 0xffff, 0xffff, 0xffff, 0xffff, 0xffff, 0xffff, 0xffff, 0xffff, 0xffff,
  /* Character 0x3b */ 
   0x1111, 0x1111, 0x1111, 0x1111, 0x1111, 0x1111, 0x1111, 0x1111, 0x1111, 0x1111, 0x1111, 0x1111, 0x1111, 0x1111, 0x1111, 0x1111,
   0x1001, 0x1111, 0x1111, 0x0ff0, 0x1111, 0x1111, 0x0ff0, 0x1111, 0x1111, 0x1001, 0x1111, 0x1111, 0x1111, 0x1111, 0x1111, 0x1111,
   0x1111, 0x1111, 0x1001, 0x1111, 0x1111, 0x0ff0, 0x1111, 0x1111, 0x0ff0, 0x1111, 0x1110, 0xff01, 0x1111, 0x1111, 0x0011, 0x1111,
   0x1111, 0x1111, 0x1111, 0x1111, 0x1111, 0x1111, 0xffff, 0xffff, 0xffff, 0xffff, 0xffff, 0xffff, 0xffff, 0xffff, 0xffff, 0xffff,
  /* Character 0x3c */ 
   0x1111, 0x1111, 0x1111, 0x1111, 0x1111, 0x1111, 0x1111, 0x1111, 0x1111, 0x1111, 0x1111, 0x1111, 0x1111, 0x1111, 0x1111, 0x1111,
   0x1110, 0x0111, 0x1111, 0x110f, 0xf011, 0x1111, 0x10ff, 0x0111, 0x1111, 0x0ff0, 0x1111, 0x1110, 0xff01, 0x1111, 0x110f, 0xf011,
   0x1111, 0x1110, 0xff01, 0x1111, 0x1111, 0x0ff0, 0x1111, 0x1111, 0x10ff, 0x0111, 0x1111, 0x110f, 0xf011, 0x1111, 0x1110, 0x0111,
   0x1111, 0x1111, 0x1111, 0x1111, 0x1111, 0x1111, 0xffff, 0xffff, 0xffff, 0xffff, 0xffff, 0xffff, 0xffff, 0xffff, 0xffff, 0xffff,
  /* Character 0x3d */ 
   0x1111, 0x1111, 0x1111, 0x1111, 0x1111, 0x1111, 0x1111, 0x1111, 0x1111, 0x1111, 0x1111, 0x1111, 0x1111, 0x1111, 0x1111, 0x1111,
   0x1111, 0x1111, 0x1110, 0x0000, 0x0111, 0x110f, 0xffff, 0xf011, 0x110f, 0xffff, 0xf011, 0x1110, 0x0000, 0x0111, 0x1111, 0x1111,
   0x1111, 0x1110, 0x0000, 0x0111, 0x110f, 0xffff, 0xf011, 0x110f, 0xffff, 0xf011, 0x1110, 0x0000, 0x0111, 0x1111, 0x1111, 0x1111,
   0x1111, 0x1111, 0x1111, 0x1111, 0x1111, 0x1111, 0xffff, 0xffff, 0xffff, 0xffff, 0xffff, 0xffff, 0xffff, 0xffff, 0xffff, 0xffff,
  /* Character 0x3e */ 
   0x1111, 0x1111, 0x1111, 0x1111, 0x1111, 0x1111, 0x1111, 0x1111, 0x1111, 0x1111, 0x1111, 0x1111, 0x1111, 0x1111, 0x1111, 0x1110,
   0x0111, 0x1111, 0x110f, 0xf011, 0x1111, 0x1110, 0xff01, 0x1111, 0x1111, 0x0ff0, 0x1111, 0x1111, 0x10ff, 0x0111, 0x1111, 0x110f,
   0xf011, 0x1111, 0x10ff, 0x0111, 0x1111, 0x0ff0, 0x1111, 0x1110, 0xff01, 0x1111, 0x110f, 0xf011, 0x1111, 0x1110, 0x0111, 0x1111,
   0x1111, 0x1111, 0x1111, 0x1111, 0x1111, 0x1111, 0xffff, 0xffff, 0xffff, 0xffff, 0xffff, 0xffff, 0xffff, 0xffff, 0xffff, 0xffff,
  /* Character 0x3f */ 
   0x1111, 0x1111, 0x1111, 0x1111, 0x1111, 0x1111, 0x1111, 0x1111, 0x1111, 0x1111, 0x1111, 0x1111, 0x1111, 0x0000, 0x1111, 0x1110,
   0xffff, 0x0111, 0x110f, 0xffff, 0xf011, 0x110f, 0xf00f, 0xf011, 0x1110, 0x010f, 0xf011, 0x1111, 0x10ff, 0xf011, 0x1111, 0x0fff,
   0x0111, 0x1111, 0x0ff0, 0x1111, 0x1111, 0x1001, 0x1111, 0x1111, 0x0ff0, 0x1111, 0x1111, 0x0ff0, 0x1111, 0x1111, 0x1001, 0x1111,
   0x1111, 0x1111, 0x1111, 0x1111, 0x1111, 0x1111, 0xffff, 0xffff, 0xffff, 0xffff, 0xffff, 0xffff, 0xffff, 0xffff, 0xffff, 0xffff,
  /* Character 0x40 */ 
   0x1111, 0x1111, 0x1111, 0x1111, 0x1111, 0x1111, 0x1111, 0x0000, 0x1111, 0x1110, 0xffff, 0x0111, 0x110f, 0x0000, 0xf011, 0x10f0,
   0x0010, 0x0f01, 0x0f00, 0xff0f, 0x00f0, 0x0f0f, 0x00ff, 0x00f0, 0x0f0f, 0x010f, 0x00f0, 0x0f0f, 0x00ff, 0x00f0, 0x0f00, 0xff0f,
   0x0f01, 0x0f01, 0x0000, 0xf001, 0x10f0, 0x1111, 0x0011, 0x100f, 0x0000, 0x0f01, 0x1100, 0xffff, 0xf011, 0x1111, 0x0000, 0x0111,
   0x1111, 0x1111, 0x1111, 0x1111, 0x1111, 0x1111, 0xffff, 0xffff, 0xffff, 0xffff, 0xffff, 0xffff, 0xffff, 0xffff, 0xffff, 0xffff,
  /* Character 0x41 */ 
   0x1111, 0x1111, 0x1111, 0x1111, 0x1111, 0x1111, 0x1111, 0x1111, 0x1111, 0x1111, 0x1111, 0x1111, 0x1111, 0x1000, 0x1111, 0x1111,
   0x0fff, 0x0111, 0x1110, 0xffff, 0xf011, 0x110f, 0xff0f, 0xff01, 0x110f, 0xf010, 0xff01, 0x110f, 0xf000, 0xff01, 0x110f, 0xffff,
   0xff01, 0x110f, 0xffff, 0xff01, 0x110f, 0xf000, 0xff01, 0x110f, 0xf010, 0xff01, 0x110f, 0xf010, 0xff01, 0x1110, 0x0111, 0x0011,
   0x1111, 0x1111, 0x1111, 0x1111, 0x1111, 0x1111, 0xffff, 0xffff, 0xffff, 0xffff, 0xffff, 0xffff, 0xffff, 0xffff, 0xffff, 0xffff,
  /* Character 0x42 */ 
   0x1111, 0x1111, 0x1111, 0x1111, 0x1111, 0x1111, 0x1111, 0x1111, 0x1111, 0x1111, 0x1111, 0x1111, 0x1110, 0x0000, 0x1111, 0x110f,
   0xffff, 0x0111, 0x110f, 0xffff, 0xf011, 0x110f, 0xf00f, 0xff01, 0x110f, 0xf010, 0xff01, 0x110f, 0xf00f, 0xf011, 0x110f, 0xf00f,
   0xff01, 0x110f, 0xf010, 0xff01, 0x110f, 0xf000, 0xff01, 0x110f, 0xffff, 0xff01, 0x110f, 0xffff, 0xf011, 0x1110, 0x0000, 0x0111,
   0x1111, 0x1111, 0x1111, 0x1111, 0x1111, 0x1111, 0xffff, 0xffff, 0xffff, 0xffff, 0xffff, 0xffff, 0xffff, 0xffff, 0xffff, 0xffff,
  /* Character 0x43 */ 
   0x1111, 0x1111, 0x1111, 0x1111, 0x1111, 0x1111, 0x1111, 0x1111, 0x1111, 0x1111, 0x1111, 0x1111, 0x1111, 0x0000, 0x0111, 0x1110,
   0xffff, 0xf011, 0x110f, 0xffff, 0xff01, 0x110f, 0xf000, 0xff01, 0x110f, 0xf011, 0x0011, 0x110f, 0xf011, 0x1111, 0x110f, 0xf011,
   0x1111, 0x110f, 0xf011, 0x0011, 0x110f, 0xf000, 0xff01, 0x110f, 0xffff, 0xff01, 0x1110, 0xffff, 0xf011, 0x1111, 0x0000, 0x0111,
   0x1111, 0x1111, 0x1111, 0x1111, 0x1111, 0x1111, 0xffff, 0xffff, 0xffff, 0xffff, 0xffff, 0xffff, 0xffff, 0xffff, 0xffff, 0xffff,
  /* Character 0x44 */ 
   0x1111, 0x1111, 0x1111, 0x1111, 0x1111, 0x1111, 0x1111, 0x1111, 0x1111, 0x1111, 0x1111, 0x1111, 0x1110, 0x0000, 0x1111, 0x110f,
   0xffff, 0x0111, 0x110f, 0xffff, 0xf011, 0x110f, 0xf00f, 0xff01, 0x110f, 0xf010, 0xff01, 0x110f, 0xf010, 0xff01, 0x110f, 0xf010,
   0xff01, 0x110f, 0xf010, 0xff01, 0x110f, 0xf00f, 0xff01, 0x110f, 0xffff, 0xf011, 0x110f, 0xffff, 0x0111, 0x1110, 0x0000, 0x1111,
   0x1111, 0x1111, 0x1111, 0x1111, 0x1111, 0x1111, 0xffff, 0xffff, 0xffff, 0xffff, 0xffff, 0xffff, 0xffff, 0xffff, 0xffff, 0xffff,
  /* Character 0x45 */ 
   0x1111, 0x1111, 0x1111, 0x1111, 0x1111, 0x1111, 0x1111, 0x1111, 0x1111, 0x1111, 0x1111, 0x1111, 0x1111, 0x0000, 0x0011, 0x1110,
   0xffff, 0xff01, 0x110f, 0xffff, 0xff01, 0x110f, 0xf000, 0x0011, 0x110f, 0xf000, 0x1111, 0x110f, 0xffff, 0x0111, 0x110f, 0xffff,
   0x0111, 0x110f, 0xf000, 0x1111, 0x110f, 0xf000, 0x0011, 0x110f, 0xffff, 0xff01, 0x1110, 0xffff, 0xff01, 0x1111, 0x0000, 0x0011,
   0x1111, 0x1111, 0x1111, 0x1111, 0x1111, 0x1111, 0xffff, 0xffff, 0xffff, 0xffff, 0xffff, 0xffff, 0xffff, 0xffff, 0xffff, 0xffff,
  /* Character 0x46 */ 
   0x1111, 0x1111, 0x1111, 0x1111, 0x1111, 0x1111, 0x1111, 0x1111, 0x1111, 0x1111, 0x1111, 0x1111, 0x1110, 0x0000, 0x0011, 0x110f,
   0xffff, 0xff01, 0x110f, 0xffff, 0xff01, 0x110f, 0xf000, 0x0011, 0x110f, 0xf011, 0x1111, 0x110f, 0xf000, 0x1111, 0x110f, 0xffff,
   0x0111, 0x110f, 0xffff, 0x0111, 0x110f, 0xf000, 0x1111, 0x110f, 0xf011, 0x1111, 0x110f, 0xf011, 0x1111, 0x1110, 0x0111, 0x1111,
   0x1111, 0x1111, 0x1111, 0x1111, 0x1111, 0x1111, 0xffff, 0xffff, 0xffff, 0xffff, 0xffff, 0xffff, 0xffff, 0xffff, 0xffff, 0xffff,
  /* Character 0x47 */ 
   0x1111, 0x1111, 0x1111, 0x1111, 0x1111, 0x1111, 0x1111, 0x1111, 0x1111, 0x1111, 0x1111, 0x1111, 0x1111, 0x0000, 0x0011, 0x1110,
   0xffff, 0xff01, 0x110f, 0xffff, 0xff01, 0x110f, 0xf000, 0x0011, 0x110f, 0xf010, 0x0011, 0x110f, 0xf00f, 0xff01, 0x110f, 0xf00f,
   0xff01, 0x110f, 0xf010, 0xff01, 0x110f, 0xf000, 0xff01, 0x110f, 0xffff, 0xff01, 0x1110, 0xffff, 0xf011, 0x1111, 0x0000, 0x0111,
   0x1111, 0x1111, 0x1111, 0x1111, 0x1111, 0x1111, 0xffff, 0xffff, 0xffff, 0xffff, 0xffff, 0xffff, 0xffff, 0xffff, 0xffff, 0xffff,
  /* Character 0x48 */ 
   0x1111, 0x1111, 0x1111, 0x1111, 0x1111, 0x1111, 0x1111, 0x1111, 0x1111, 0x1111, 0x1111, 0x1111, 0x1110, 0x0111, 0x0011, 0x110f,
   0xf010, 0xff01, 0x110f, 0xf010, 0xff01, 0x110f, 0xf010, 0xff01, 0x110f, 0xf000, 0xff01, 0x110f, 0xffff, 0xff01, 0x110f, 0xffff,
   0xff01, 0x110f, 0xf000, 0xff01, 0x110f, 0xf010, 0xff01, 0x110f, 0xf010, 0xff01, 0x110f, 0xf010, 0xff01, 0x1110, 0x0111, 0x0011,
   0x1111, 0x1111, 0x1111, 0x1111, 0x1111, 0x1111, 0xffff, 0xffff, 0xffff, 0xffff, 0xffff, 0xffff, 0xffff, 0xffff, 0xffff, 0xffff,
  /* Character 0x49 */ 
   0x1111, 0x1111, 0x1111, 0x1111, 0x1111, 0x1111, 0x1111, 0x1111, 0x1111, 0x1111, 0x1111, 0x1111, 0x1110, 0x0000, 0x0111, 0x110f,
   0xffff, 0xf011, 0x110f, 0xffff, 0xf011, 0x1110, 0x0ff0, 0x0111, 0x1111, 0x0ff0, 0x1111, 0x1111, 0x0ff0, 0x1111, 0x1111, 0x0ff0,
   0x1111, 0x1111, 0x0ff0, 0x1111, 0x1110, 0x0ff0, 0x0111, 0x110f, 0xffff, 0xf011, 0x110f, 0xffff, 0xf011, 0x1110, 0x0000, 0x0111,
   0x1111, 0x1111, 0x1111, 0x1111, 0x1111, 0x1111, 0xffff, 0xffff, 0xffff, 0xffff, 0xffff, 0xffff, 0xffff, 0xffff, 0xffff, 0xffff,
  /* Character 0x4a */ 
   0x1111, 0x1111, 0x1111, 0x1111, 0x1111, 0x1111, 0x1111, 0x1111, 0x1111, 0x1111, 0x1111, 0x1111, 0x1111, 0x1110, 0x0011, 0x1111,
   0x1110, 0xff01, 0x1111, 0x1110, 0xff01, 0x1111, 0x1110, 0xff01, 0x1111, 0x1110, 0xff01, 0x1110, 0x0110, 0xff01, 0x110f, 0xf010,
   0xff01, 0x110f, 0xf010, 0xff01, 0x110f, 0xf000, 0xff01, 0x110f, 0xffff, 0xff01, 0x1110, 0xffff, 0xf011, 0x1111, 0x0000, 0x0111,
   0x1111, 0x1111, 0x1111, 0x1111, 0x1111, 0x1111, 0xffff, 0xffff, 0xffff, 0xffff, 0xffff, 0xffff, 0xffff, 0xffff, 0xffff, 0xffff,
  /* Character 0x4b */ 
   0x1111, 0x1111, 0x1111, 0x1111, 0x1111, 0x1111, 0x1111, 0x1111, 0x1111, 0x1110, 0x0111, 0x1111, 0x110f, 0xf011, 0x1111, 0x110f,
   0xf011, 0x0011, 0x110f, 0xf010, 0xff01, 0x110f, 0xf00f, 0xff01, 0x110f, 0xf0ff, 0xf011, 0x110f, 0xffff, 0x0111, 0x110f, 0xfff0,
   0x1111, 0x110f, 0xffff, 0x0111, 0x110f, 0xf0ff, 0xf011, 0x110f, 0xf00f, 0xff01, 0x110f, 0xf010, 0xff01, 0x1110, 0x0111, 0x0011,
   0x1111, 0x1111, 0x1111, 0x1111, 0x1111, 0x1111, 0xffff, 0xffff, 0xffff, 0xffff, 0xffff, 0xffff, 0xffff, 0xffff, 0xffff, 0xffff,
  /* Character 0x4c */ 
   0x1111, 0x1111, 0x1111, 0x1111, 0x1111, 0x1111, 0x1111, 0x1111, 0x1111, 0x1111, 0x1111, 0x1111, 0x1110, 0x0111, 0x1111, 0x110f,
   0xf011, 0x1111, 0x110f, 0xf011, 0x1111, 0x110f, 0xf011, 0x1111, 0x110f, 0xf011, 0x1111, 0x110f, 0xf011, 0x1111, 0x110f, 0xf011,
   0x1111, 0x110f, 0xf011, 0x1111, 0x110f, 0xf000, 0x0001, 0x110f, 0xffff, 0xff01, 0x110f, 0xffff, 0xff01, 0x1110, 0x0000, 0x0011,
   0x1111, 0x1111, 0x1111, 0x1111, 0x1111, 0x1111, 0xffff, 0xffff, 0xffff, 0xffff, 0xffff, 0xffff, 0xffff, 0xffff, 0xffff, 0xffff,
  /* Character 0x4d */ 
   0x1111, 0x1111, 0x1111, 0x1111, 0x1111, 0x1111, 0x1111, 0x1111, 0x1111, 0x1111, 0x1111, 0x1111, 0x1110, 0x0111, 0x0011, 0x110f,
   0xf010, 0xff01, 0x110f, 0xff0f, 0xff01, 0x110f, 0xffff, 0xff01, 0x110f, 0xffff, 0xff01, 0x110f, 0xffff, 0xff01, 0x110f, 0xf0f0,
   0xff01, 0x110f, 0xf000, 0xff01, 0x110f, 0xf010, 0xff01, 0x110f, 0xf010, 0xff01, 0x110f, 0xf010, 0xff01, 0x1110, 0x0111, 0x0011,
   0x1111, 0x1111, 0x1111, 0x1111, 0x1111, 0x1111, 0xffff, 0xffff, 0xffff, 0xffff, 0xffff, 0xffff, 0xffff, 0xffff, 0xffff, 0xffff,
  /* Character 0x4e */ 
   0x1111, 0x1111, 0x1111, 0x1111, 0x1111, 0x1111, 0x1111, 0x1111, 0x1111, 0x1111, 0x1111, 0x1111, 0x1110, 0x0111, 0x0011, 0x110f,
   0xf010, 0xff01, 0x110f, 0xff00, 0xff01, 0x110f, 0xfff0, 0xff01, 0x110f, 0xffff, 0xff01, 0x110f, 0xffff, 0xff01, 0x110f, 0xf0ff,
   0xff01, 0x110f, 0xf00f, 0xff01, 0x110f, 0xf010, 0xff01, 0x110f, 0xf010, 0xff01, 0x110f, 0xf010, 0xff01, 0x1110, 0x0111, 0x0011,
   0x1111, 0x1111, 0x1111, 0x1111, 0x1111, 0x1111, 0xffff, 0xffff, 0xffff, 0xffff, 0xffff, 0xffff, 0xffff, 0xffff, 0xffff, 0xffff,
  /* Character 0x4f */ 
   0x1111, 0x1111, 0x1111, 0x1111, 0x1111, 0x1111, 0x1111, 0x1111, 0x1111, 0x1111, 0x1111, 0x1111, 0x1111, 0x0000, 0x0111, 0x1110,
   0xffff, 0xf011, 0x110f, 0xffff, 0xff01, 0x110f, 0xf000, 0xff01, 0x110f, 0xf010, 0xff01, 0x110f, 0xf010, 0xff01, 0x110f, 0xf010,
   0xff01, 0x110f, 0xf010, 0xff01, 0x110f, 0xf000, 0xff01, 0x110f, 0xffff, 0xff01, 0x1110, 0xffff, 0xf011, 0x1111, 0x0000, 0x0111,
   0x1111, 0x1111, 0x1111, 0x1111, 0x1111, 0x1111, 0xffff, 0xffff, 0xffff, 0xffff, 0xffff, 0xffff, 0xffff, 0xffff, 0xffff, 0xffff,
  /* Character 0x50 */ 
   0x1111, 0x1111, 0x1111, 0x1111, 0x1111, 0x1111, 0x1111, 0x1111, 0x1111, 0x1111, 0x1111, 0x1111, 0x1110, 0x0000, 0x0111, 0x110f,
   0xffff, 0xf011, 0x110f, 0xffff, 0xff01, 0x110f, 0xf000, 0xff01, 0x110f, 0xf000, 0xff01, 0x110f, 0xffff, 0xff01, 0x110f, 0xffff,
   0xf011, 0x110f, 0xf000, 0x0111, 0x110f, 0xf011, 0x1111, 0x110f, 0xf011, 0x1111, 0x110f, 0xf011, 0x1111, 0x1110, 0x0111, 0x1111,
   0x1111, 0x1111, 0x1111, 0x1111, 0x1111, 0x1111, 0xffff, 0xffff, 0xffff, 0xffff, 0xffff, 0xffff, 0xffff, 0xffff, 0xffff, 0xffff,
  /* Character 0x51 */ 
   0x1111, 0x1111, 0x1111, 0x1111, 0x1111, 0x1111, 0x1111, 0x1111, 0x1111, 0x1111, 0x1111, 0x1111, 0x1111, 0x0000, 0x0111, 0x1110,
   0xffff, 0xf011, 0x110f, 0xffff, 0xff01, 0x110f, 0xf000, 0xff01, 0x110f, 0xf010, 0xff01, 0x110f, 0xf010, 0xff01, 0x110f, 0xf010,
   0xff01, 0x110f, 0xf00f, 0xff01, 0x110f, 0xf0ff, 0xf011, 0x110f, 0xffff, 0xf011, 0x1110, 0xffff, 0xff01, 0x1111, 0x0000, 0xff01,
   0x1111, 0x1111, 0x0011, 0x1111, 0x1111, 0x1111, 0xffff, 0xffff, 0xffff, 0xffff, 0xffff, 0xffff, 0xffff, 0xffff, 0xffff, 0xffff,
  /* Character 0x52 */ 
   0x1111, 0x1111, 0x1111, 0x1111, 0x1111, 0x1111, 0x1111, 0x1111, 0x1111, 0x1111, 0x1111, 0x1111, 0x1110, 0x0000, 0x0111, 0x110f,
   0xffff, 0xf011, 0x110f, 0xffff, 0xff01, 0x110f, 0xf000, 0xff01, 0x110f, 0xf010, 0xff01, 0x110f, 0xf00f, 0xf011, 0x110f, 0xf0ff,
   0xf011, 0x110f, 0xf00f, 0xff01, 0x110f, 0xf010, 0xff01, 0x110f, 0xf010, 0xff01, 0x110f, 0xf010, 0xff01, 0x1110, 0x0111, 0x0011,
   0x1111, 0x1111, 0x1111, 0x1111, 0x1111, 0x1111, 0xffff, 0xffff, 0xffff, 0xffff, 0xffff, 0xffff, 0xffff, 0xffff, 0xffff, 0xffff,
  /* Character 0x53 */ 
   0x1111, 0x1111, 0x1111, 0x1111, 0x1111, 0x1111, 0x1111, 0x1111, 0x1111, 0x1111, 0x1111, 0x1111, 0x1111, 0x0000, 0x0111, 0x1110,
   0xffff, 0xf011, 0x110f, 0xffff, 0xf011, 0x110f, 0xf000, 0x0011, 0x110f, 0xf000, 0x0111, 0x1110, 0xffff, 0xf011, 0x1111, 0x000f,
   0xff01, 0x1111, 0x1110, 0xff01, 0x1110, 0x0000, 0xff01, 0x110f, 0xffff, 0xff01, 0x110f, 0xffff, 0xf011, 0x1110, 0x0000, 0x0111,
   0x1111, 0x1111, 0x1111, 0x1111, 0x1111, 0x1111, 0xffff, 0xffff, 0xffff, 0xffff, 0xffff, 0xffff, 0xffff, 0xffff, 0xffff, 0xffff,
  /* Character 0x54 */ 
   0x1111, 0x1111, 0x1111, 0x1111, 0x1111, 0x1111, 0x1111, 0x1111, 0x1111, 0x1111, 0x1111, 0x1111, 0x1100, 0x0000, 0x0011, 0x10ff,
   0xffff, 0xff01, 0x10ff, 0xffff, 0xff01, 0x1100, 0x0ff0, 0x0011, 0x1111, 0x0ff0, 0x1111, 0x1111, 0x0ff0, 0x1111, 0x1111, 0x0ff0,
   0x1111, 0x1111, 0x0ff0, 0x1111, 0x1111, 0x0ff0, 0x1111, 0x1111, 0x0ff0, 0x1111, 0x1111, 0x0ff0, 0x1111, 0x1111, 0x1001, 0x1111,
   0x1111, 0x1111, 0x1111, 0x1111, 0x1111, 0x1111, 0xffff, 0xffff, 0xffff, 0xffff, 0xffff, 0xffff, 0xffff, 0xffff, 0xffff, 0xffff,
  /* Character 0x55 */ 
   0x1111, 0x1111, 0x1111, 0x1111, 0x1111, 0x1111, 0x1111, 0x1111, 0x1111, 0x1111, 0x1111, 0x1111, 0x1110, 0x0111, 0x0011, 0x110f,
   0xf010, 0xff01, 0x110f, 0xf010, 0xff01, 0x110f, 0xf010, 0xff01, 0x110f, 0xf010, 0xff01, 0x110f, 0xf010, 0xff01, 0x110f, 0xf010,
   0xff01, 0x110f, 0xf010, 0xff01, 0x110f, 0xf000, 0xff01, 0x110f, 0xffff, 0xff01, 0x1110, 0xffff, 0xf011, 0x1111, 0x0000, 0x0111,
   0x1111, 0x1111, 0x1111, 0x1111, 0x1111, 0x1111, 0xffff, 0xffff, 0xffff, 0xffff, 0xffff, 0xffff, 0xffff, 0xffff, 0xffff, 0xffff,
  /* Character 0x56 */ 
   0x1111, 0x1111, 0x1111, 0x1111, 0x1111, 0x1111, 0x1111, 0x1111, 0x1111, 0x1111, 0x1111, 0x1111, 0x1110, 0x0111, 0x0011, 0x110f,
   0xf010, 0xff01, 0x110f, 0xf010, 0xff01, 0x110f, 0xf010, 0xff01, 0x110f, 0xf010, 0xff01, 0x1110, 0xff0f, 0xf011, 0x1110, 0xff0f,
   0xf011, 0x1111, 0x0fff, 0x0111, 0x1111, 0x0fff, 0x0111, 0x1111, 0x10f0, 0x1111, 0x1111, 0x10f0, 0x1111, 0x1111, 0x1101, 0x1111,
   0x1111, 0x1111, 0x1111, 0x1111, 0x1111, 0x1111, 0xffff, 0xffff, 0xffff, 0xffff, 0xffff, 0xffff, 0xffff, 0xffff, 0xffff, 0xffff,
  /* Character 0x57 */ 
   0x1111, 0x1111, 0x1111, 0x1111, 0x1111, 0x1111, 0x1111, 0x1111, 0x1111, 0x1111, 0x1111, 0x1111, 0x1110, 0x0111, 0x0011, 0x110f,
   0xf010, 0xff01, 0x110f, 0xf010, 0xff01, 0x110f, 0xf010, 0xff01, 0x110f, 0xf000, 0xff01, 0x110f, 0xf0f0, 0xff01, 0x110f, 0xffff,
   0xff01, 0x110f, 0xffff, 0xff01, 0x110f, 0xff0f, 0xff01, 0x110f, 0xf010, 0xff01, 0x110f, 0x0111, 0x0f01, 0x1110, 0x1111, 0x1011,
   0x1111, 0x1111, 0x1111, 0x1111, 0x1111, 0x1111, 0xffff, 0xffff, 0xffff, 0xffff, 0xffff, 0xffff, 0xffff, 0xffff, 0xffff, 0xffff,
  /* Character 0x58 */ 
   0x1111, 0x1111, 0x1111, 0x1111, 0x1111, 0x1111, 0x1111, 0x1111, 0x1111, 0x1111, 0x1111, 0x1111, 0x1110, 0x0111, 0x0011, 0x110f,
   0xf010, 0xff01, 0x110f, 0xf010, 0xff01, 0x110f, 0xff0f, 0xff01, 0x1110, 0xffff, 0xf011, 0x1111, 0x0fff, 0x0111, 0x1110, 0xffff,
   0xf011, 0x110f, 0xff0f, 0xff01, 0x110f, 0xf010, 0xff01, 0x110f, 0xf010, 0xff01, 0x110f, 0xf010, 0xff01, 0x1110, 0x0111, 0x0011,
   0x1111, 0x1111, 0x1111, 0x1111, 0x1111, 0x1111, 0xffff, 0xffff, 0xffff, 0xffff, 0xffff, 0xffff, 0xffff, 0xffff, 0xffff, 0xffff,
  /* Character 0x59 */ 
   0x1111, 0x1111, 0x1111, 0x1111, 0x1111, 0x1111, 0x1111, 0x1111, 0x1111, 0x1111, 0x1111, 0x1111, 0x1100, 0x1111, 0x0011, 0x10ff,
   0x0110, 0xff01, 0x10ff, 0x0110, 0xff01, 0x10ff, 0xf00f, 0xff01, 0x110f, 0xf00f, 0xf011, 0x110f, 0xffff, 0xf011, 0x1110, 0xffff,
   0x0111, 0x1111, 0x0ff0, 0x1111, 0x1111, 0x0ff0, 0x1111, 0x1111, 0x0ff0, 0x1111, 0x1111, 0x0ff0, 0x1111, 0x1111, 0x1001, 0x1111,
   0x1111, 0x1111, 0x1111, 0x1111, 0x1111, 0x1111, 0xffff, 0xffff, 0xffff, 0xffff, 0xffff, 0xffff, 0xffff, 0xffff, 0xffff, 0xffff,
  /* Character 0x5a */ 
   0x1111, 0x1111, 0x1111, 0x1111, 0x1111, 0x1111, 0x1111, 0x1111, 0x1111, 0x1111, 0x1111, 0x1111, 0x1110, 0x0000, 0x0011, 0x110f,
   0xffff, 0xff01, 0x110f, 0xffff, 0xff01, 0x1110, 0x0000, 0xff01, 0x1111, 0x110f, 0xff01, 0x1111, 0x10ff, 0xf011, 0x1111, 0x0fff,
   0x0111, 0x1110, 0xfff0, 0x1111, 0x110f, 0xff00, 0x0011, 0x110f, 0xffff, 0xff01, 0x110f, 0xffff, 0xff01, 0x1110, 0x0000, 0x0011,
   0x1111, 0x1111, 0x1111, 0x1111, 0x1111, 0x1111, 0xffff, 0xffff, 0xffff, 0xffff, 0xffff, 0xffff, 0xffff, 0xffff, 0xffff, 0xffff,
  /* Character 0x5b */ 
   0x1111, 0x1111, 0x1111, 0x1111, 0x1111, 0x1111, 0x1111, 0x1111, 0x1111, 0x1111, 0x0000, 0x1111, 0x1110, 0xffff, 0x0111, 0x1110,
   0xf000, 0x1111, 0x1110, 0xf011, 0x1111, 0x1110, 0xf011, 0x1111, 0x1110, 0xf011, 0x1111, 0x1110, 0xf011, 0x1111, 0x1110, 0xf011,
   0x1111, 0x1110, 0xf011, 0x1111, 0x1110, 0xf011, 0x1111, 0x1110, 0xf000, 0x1111, 0x1110, 0xffff, 0x0111, 0x1111, 0x0000, 0x1111,
   0x1111, 0x1111, 0x1111, 0x1111, 0x1111, 0x1111, 0xffff, 0xffff, 0xffff, 0xffff, 0xffff, 0xffff, 0xffff, 0xffff, 0xffff, 0xffff,
  /* Character 0x5c */ 
   0x1111, 0x1111, 0x1111, 0x1111, 0x1111, 0x1111, 0x1111, 0x1111, 0x1111, 0x1110, 0x1111, 0x1111, 0x110f, 0x0111, 0x1111, 0x110f,
   0x0111, 0x1111, 0x110f, 0xf011, 0x1111, 0x1110, 0xf011, 0x1111, 0x1110, 0xff01, 0x1111, 0x1111, 0x0f01, 0x1111, 0x1111, 0x0ff0,
   0x1111, 0x1111, 0x10f0, 0x1111, 0x1111, 0x10ff, 0x0111, 0x1111, 0x110f, 0x0111, 0x1111, 0x110f, 0x0111, 0x1111, 0x1110, 0x1111,
   0x1111, 0x1111, 0x1111, 0x1111, 0x1111, 0x1111, 0xffff, 0xffff, 0xffff, 0xffff, 0xffff, 0xffff, 0xffff, 0xffff, 0xffff, 0xffff,
  /* Character 0x5d */ 
   0x1111, 0x1111, 0x1111, 0x1111, 0x1111, 0x1111, 0x1111, 0x1111, 0x1111, 0x1111, 0x0000, 0x1111, 0x1110, 0xffff, 0x0111, 0x1111,
   0x000f, 0x0111, 0x1111, 0x110f, 0x0111, 0x1111, 0x110f, 0x0111, 0x1111, 0x110f, 0x0111, 0x1111, 0x110f, 0x0111, 0x1111, 0x110f,
   0x0111, 0x1111, 0x110f, 0x0111, 0x1111, 0x110f, 0x0111, 0x1111, 0x000f, 0x0111, 0x1110, 0xffff, 0x0111, 0x1111, 0x0000, 0x1111,
   0x1111, 0x1111, 0x1111, 0x1111, 0x1111, 0x1111, 0xffff, 0xffff, 0xffff, 0xffff, 0xffff, 0xffff, 0xffff, 0xffff, 0xffff, 0xffff,
  /* Character 0x5e */ 
   0x1111, 0x1111, 0x1111, 0x1111, 0x1111, 0x1111, 0x1111, 0x1111, 0x1111, 0x1111, 0x1001, 0x1111, 0x1111, 0x0ff0, 0x1111, 0x1110,
   0xffff, 0x0111, 0x110f, 0xf00f, 0xf011, 0x110f, 0x0110, 0xf011, 0x1110, 0x1111, 0x0111, 0x1111, 0x1111, 0x1111, 0x1111, 0x1111,
   0x1111, 0x1111, 0x1111, 0x1111, 0x1111, 0x1111, 0x1111, 0x1111, 0x1111, 0x1111, 0x1111, 0x1111, 0x1111, 0x1111, 0x1111, 0x1111,
   0x1111, 0x1111, 0x1111, 0x1111, 0x1111, 0x1111, 0xffff, 0xffff, 0xffff, 0xffff, 0xffff, 0xffff, 0xffff, 0xffff, 0xffff, 0xffff,
  /* Character 0x5f */ 
   0x1111, 0x1111, 0x1111, 0x1111, 0x1111, 0x1111, 0x1111, 0x1111, 0x1111, 0x1111, 0x1111, 0x1111, 0x1111, 0x1111, 0x1111, 0x1111,
   0x1111, 0x1111, 0x1111, 0x1111, 0x1111, 0x1111, 0x1111, 0x1111, 0x1111, 0x1111, 0x1111, 0x1111, 0x1111, 0x1111, 0x1111, 0x1111,
   0x1111, 0x1100, 0x0000, 0x0011, 0x10ff, 0xffff, 0xff01, 0x10ff, 0xffff, 0xff01, 0x1100, 0x0000, 0x0011, 0x1111, 0x1111, 0x1111,
   0x1111, 0x1111, 0x1111, 0x1111, 0x1111, 0x1111, 0xffff, 0xffff, 0xffff, 0xffff, 0xffff, 0xffff, 0xffff, 0xffff, 0xffff, 0xffff,
  /* Character 0x60 */ 
   0x1111, 0x1111, 0x1111, 0x1111, 0x1111, 0x1111, 0x1111, 0x1111, 0x1111, 0x1111, 0x1111, 0x1111, 0x1111, 0x1111, 0x1111, 0x1011,
   0x1111, 0x1011, 0x0201, 0x1111, 0x0201, 0x0220, 0x1110, 0x2201, 0x1022, 0x0102, 0x2011, 0x1022, 0x2022, 0x2011, 0x1102, 0x2222,
   0x0111, 0x1102, 0x2222, 0x0111, 0x1110, 0x2220, 0x1111, 0x1110, 0x2220, 0x1111, 0x1111, 0x0201, 0x1111, 0x1111, 0x0201, 0x1111,
   0x1111, 0x1011, 0x1111, 0x1111, 0x1111, 0x1111, 0xffff, 0xffff, 0xffff, 0xffff, 0xffff, 0xffff, 0xffff, 0xffff, 0xffff, 0xffff,
  /* Character 0x61 */ 
   0x1111, 0x1111, 0x1111, 0x1111, 0x1111, 0x1111, 0x1111, 0x1111, 0x1111, 0x1111, 0x1111, 0x1111, 0x1111, 0x1111, 0x0111, 0x1111,
   0x1110, 0x2011, 0x1011, 0x1110, 0x2011, 0x0200, 0x0102, 0x2011, 0x1022, 0x2002, 0x2011, 0x1102, 0x2222, 0x2011, 0x1110, 0x2222,
   0x2011, 0x1111, 0x0222, 0x2011, 0x1111, 0x1022, 0x2011, 0x1111, 0x1102, 0x2011, 0x1111, 0x1110, 0x2011, 0x1111, 0x1111, 0x0111,
   0x1111, 0x1111, 0x1111, 0x1111, 0x1111, 0x1111, 0xffff, 0xffff, 0xffff, 0xffff, 0xffff, 0xffff, 0xffff, 0xffff, 0xffff, 0xffff,
  /* Character 0x62 */ 
   0x1111, 0x1111, 0x1111, 0x1111, 0x1111, 0x1111, 0x1111, 0x1111, 0x1111, 0x1111, 0x1111, 0x1111, 0x1111, 0x1111, 0x1111, 0x1111,
   0x1101, 0x1111, 0x1111, 0x1020, 0x1111, 0x1111, 0x1022, 0x0111, 0x1111, 0x1022, 0x0111, 0x1111, 0x1022, 0x0111, 0x1000, 0x0022,
   0x2011, 0x0222, 0x2222, 0x2011, 0x1022, 0x2222, 0x2011, 0x1100, 0x0222, 0x2201, 0x1111, 0x1000, 0x2201, 0x1111, 0x1111, 0x0020,
   0x1111, 0x1111, 0x1101, 0x1111, 0x1111, 0x1111, 0xffff, 0xffff, 0xffff, 0xffff, 0xffff, 0xffff, 0xffff, 0xffff, 0xffff, 0xffff,
  /* Character 0x63 */ 
   0x1111, 0x1111, 0x1111, 0x1111, 0x1111, 0x1111, 0x1111, 0x1111, 0x1111, 0x1111, 0x1111, 0x1111, 0x1111, 0x1111, 0x1111, 0x1110,
   0x1111, 0x1111, 0x1102, 0x0111, 0x1111, 0x1110, 0x2011, 0x1111, 0x1110, 0x2201, 0x1111, 0x1110, 0x2220, 0x1111, 0x1111, 0x0222,
   0x0111, 0x1110, 0x0222, 0x2011, 0x1002, 0x2222, 0x2201, 0x0222, 0x2222, 0x2220, 0x1000, 0x0000, 0x0001, 0x1111, 0x1111, 0x1111,
   0x1111, 0x1111, 0x1111, 0x1111, 0x1111, 0x1111, 0xffff, 0xffff, 0xffff, 0xffff, 0xffff, 0xffff, 0xffff, 0xffff, 0xffff, 0xffff,
  /* Character 0x64 */ 
   0x1111, 0x1111, 0x1111, 0x1111, 0x1111, 0x1111, 0x1111, 0x1111, 0x1111, 0x1111, 0x1111, 0x1111, 0x1001, 0x1111, 0x1111, 0x0220,
   0x0111, 0x1111, 0x1022, 0x2001, 0x1111, 0x1002, 0x2220, 0x0111, 0x1100, 0x2222, 0x2001, 0x1110, 0x0222, 0x2220, 0x1100, 0x2222,
   0x2001, 0x1002, 0x2220, 0x0111, 0x1022, 0x2001, 0x1111, 0x0220, 0x0111, 0x1111, 0x1001, 0x1111, 0x1111, 0x1111, 0x1111, 0x1111,
   0x1111, 0x1111, 0x1111, 0x1111, 0x1111, 0x1111, 0xffff, 0xffff, 0xffff, 0xffff, 0xffff, 0xffff, 0xffff, 0xffff, 0xffff, 0xffff,
  /* Character 0x65 */ 
   0x1111, 0x1111, 0x1111, 0x1111, 0x1111, 0x1111, 0x1111, 0x1111, 0x1111, 0x1111, 0x1111, 0x1111, 0x1111, 0x1111, 0x1111, 0x1000,
   0x0000, 0x0001, 0x0222, 0x2222, 0x2220, 0x1002, 0x2222, 0x2201, 0x1110, 0x0222, 0x2011, 0x1111, 0x0222, 0x0111, 0x1110, 0x2220,
   0x1111, 0x1110, 0x2201, 0x1111, 0x1110, 0x2011, 0x1111, 0x1102, 0x0111, 0x1111, 0x1110, 0x1111, 0x1111, 0x1111, 0x1111, 0x1111,
   0x1111, 0x1111, 0x1111, 0x1111, 0x1111, 0x1111, 0xffff, 0xffff, 0xffff, 0xffff, 0xffff, 0xffff, 0xffff, 0xffff, 0xffff, 0xffff,
  /* Character 0x66 */ 
   0x1111, 0x1111, 0x1111, 0x1111, 0x1111, 0x1111, 0x1111, 0x1111, 0x1111, 0x1111, 0x1111, 0x1101, 0x1111, 0x1111, 0x0020, 0x1111,
   0x1000, 0x2201, 0x1100, 0x0222, 0x2201, 0x1022, 0x2222, 0x2011, 0x0222, 0x2222, 0x2011, 0x1000, 0x0022, 0x2011, 0x1111, 0x1022,
   0x0111, 0x1111, 0x1022, 0x0111, 0x1111, 0x1022, 0x0111, 0x1111, 0x1020, 0x1111, 0x1111, 0x1101, 0x1111, 0x1111, 0x1111, 0x1111,
   0x1111, 0x1111, 0x1111, 0x1111, 0x1111, 0x1111, 0xffff, 0xffff, 0xffff, 0xffff, 0xffff, 0xffff, 0xffff, 0xffff, 0xffff, 0xffff,
  /* Character 0x67 */ 
   0x1111, 0x1111, 0x1111, 0x1111, 0x1111, 0x1111, 0x1111, 0x1111, 0x1111, 0x1111, 0x1111, 0x1111, 0x1111, 0x1111, 0x0111, 0x1111,
   0x1110, 0x2011, 0x1111, 0x1102, 0x2011, 0x1111, 0x1022, 0x2011, 0x1111, 0x0222, 0x2011, 0x1110, 0x2222, 0x2011, 0x1102, 0x2222,
   0x2011, 0x1022, 0x2002, 0x2011, 0x0200, 0x0102, 0x2011, 0x1011, 0x1110, 0x2011, 0x1111, 0x1110, 0x2011, 0x1111, 0x1111, 0x0111,
   0x1111, 0x1111, 0x1111, 0x1111, 0x1111, 0x1111, 0xffff, 0xffff, 0xffff, 0xffff, 0xffff, 0xffff, 0xffff, 0xffff, 0xffff, 0xffff,
  /* Character 0x68 */ 
   0x1111, 0x1111, 0x1111, 0x1111, 0x1111, 0x1111, 0x1111, 0x1111, 0x1111, 0x1111, 0x1011, 0x1111, 0x1111, 0x0201, 0x1111, 0x1111,
   0x0201, 0x1111, 0x1110, 0x2220, 0x1111, 0x1110, 0x2220, 0x1111, 0x1102, 0x2222, 0x0111, 0x1102, 0x2222, 0x0111, 0x1022, 0x2022,
   0x2011, 0x1022, 0x0102, 0x2011, 0x0220, 0x1110, 0x2201, 0x0201, 0x1111, 0x0201, 0x1011, 0x1111, 0x1011, 0x1111, 0x1111, 0x1111,
   0x1111, 0x1111, 0x1111, 0x1111, 0x1111, 0x1111, 0xffff, 0xffff, 0xffff, 0xffff, 0xffff, 0xffff, 0xffff, 0xffff, 0xffff, 0xffff,
  /* Character 0x69 */ 
   0x1111, 0x1111, 0x1111, 0x1111, 0x1111, 0x1111, 0x1111, 0x1111, 0x1111, 0x1111, 0x1111, 0x1111, 0x1110, 0x1111, 0x1111, 0x1102,
   0x0111, 0x1111, 0x1102, 0x2011, 0x1111, 0x1102, 0x2201, 0x1111, 0x1102, 0x2220, 0x1111, 0x1102, 0x2222, 0x0111, 0x1102, 0x2222,
   0x2011, 0x1102, 0x2002, 0x2201, 0x1102, 0x2010, 0x0020, 0x1102, 0x0111, 0x1101, 0x1102, 0x0111, 0x1111, 0x1110, 0x1111, 0x1111,
   0x1111, 0x1111, 0x1111, 0x1111, 0x1111, 0x1111, 0xffff, 0xffff, 0xffff, 0xffff, 0xffff, 0xffff, 0xffff, 0xffff, 0xffff, 0xffff,
  /* Character 0x6a */ 
   0x1111, 0x1111, 0x1111, 0x1111, 0x1111, 0x1111, 0x1111, 0x1111, 0x1111, 0x1011, 0x1111, 0x1111, 0x0200, 0x1111, 0x1111, 0x1022,
   0x0001, 0x1111, 0x1022, 0x2220, 0x0011, 0x1102, 0x2222, 0x2201, 0x1102, 0x2222, 0x2220, 0x1102, 0x2200, 0x0001, 0x1110, 0x2201,
   0x1111, 0x1110, 0x2201, 0x1111, 0x1110, 0x2201, 0x1111, 0x1111, 0x0201, 0x1111, 0x1111, 0x1011, 0x1111, 0x1111, 0x1111, 0x1111,
   0x1111, 0x1111, 0x1111, 0x1111, 0x1111, 0x1111, 0xffff, 0xffff, 0xffff, 0xffff, 0xffff, 0xffff, 0xffff, 0xffff, 0xffff, 0xffff,
  /* Character 0x6b */ 
   0x1111, 0x1111, 0x1111, 0x1111, 0x1111, 0x1111, 0x1111, 0x1111, 0x1111, 0x1111, 0x1111, 0x1111, 0x1111, 0x1111, 0x1111, 0x1000,
   0x0000, 0x0001, 0x0222, 0x2222, 0x2220, 0x1022, 0x2222, 0x2001, 0x1102, 0x2220, 0x0111, 0x1110, 0x2220, 0x1111, 0x1111, 0x0222,
   0x0111, 0x1111, 0x1022, 0x0111, 0x1111, 0x1102, 0x0111, 0x1111, 0x1110, 0x2011, 0x1111, 0x1111, 0x0111, 0x1111, 0x1111, 0x1111,
   0x1111, 0x1111, 0x1111, 0x1111, 0x1111, 0x1111, 0xffff, 0xffff, 0xffff, 0xffff, 0xffff, 0xffff, 0xffff, 0xffff, 0xffff, 0xffff,
  /* Character 0x6c */ 
   0x1111, 0x1111, 0x1111, 0x1111, 0x1111, 0x1111, 0x1111, 0x1111, 0x1111, 0x1111, 0x1111, 0x1111, 0x1111, 0x1111, 0x1001, 0x1111,
   0x1110, 0x0220, 0x1111, 0x1002, 0x2201, 0x1110, 0x0222, 0x2011, 0x1002, 0x2222, 0x0111, 0x0222, 0x2220, 0x1111, 0x1002, 0x2222,
   0x0111, 0x1110, 0x0222, 0x2011, 0x1111, 0x1002, 0x2201, 0x1111, 0x1110, 0x0220, 0x1111, 0x1111, 0x1001, 0x1111, 0x1111, 0x1111,
   0x1111, 0x1111, 0x1111, 0x1111, 0x1111, 0x1111, 0xffff, 0xffff, 0xffff, 0xffff, 0xffff, 0xffff, 0xffff, 0xffff, 0xffff, 0xffff,
  /* Character 0x6d */ 
   0x1111, 0x1111, 0x1111, 0x1111, 0x1111, 0x1111, 0x1111, 0x1111, 0x1111, 0x1111, 0x1111, 0x1111, 0x1111, 0x1111, 0x1111, 0x1111,
   0x1111, 0x0111, 0x1111, 0x1110, 0x2011, 0x1111, 0x1102, 0x0111, 0x1111, 0x1022, 0x0111, 0x1111, 0x0222, 0x0111, 0x1110, 0x2220,
   0x1111, 0x1102, 0x2220, 0x0111, 0x1022, 0x2222, 0x2001, 0x0222, 0x2222, 0x2220, 0x1000, 0x0000, 0x0001, 0x1111, 0x1111, 0x1111,
   0x1111, 0x1111, 0x1111, 0x1111, 0x1111, 0x1111, 0xffff, 0xffff, 0xffff, 0xffff, 0xffff, 0xffff, 0xffff, 0xffff, 0xffff, 0xffff,
  /* Character 0x6e */ 
   0x1111, 0x1111, 0x1111, 0x1111, 0x1111, 0x1111, 0x1111, 0x1111, 0x1111, 0x1111, 0x1111, 0x1111, 0x1111, 0x1111, 0x1111, 0x1111,
   0x0011, 0x1111, 0x1111, 0x0201, 0x1111, 0x1110, 0x2201, 0x1111, 0x1110, 0x2201, 0x1111, 0x1110, 0x2201, 0x1111, 0x1102, 0x2200,
   0x0001, 0x1102, 0x2222, 0x2220, 0x1102, 0x2222, 0x2201, 0x1022, 0x2220, 0x0011, 0x1022, 0x0001, 0x1111, 0x0200, 0x1111, 0x1111,
   0x1011, 0x1111, 0x1111, 0x1111, 0x1111, 0x1111, 0xffff, 0xffff, 0xffff, 0xffff, 0xffff, 0xffff, 0xffff, 0xffff, 0xffff, 0xffff,
  /* Character 0x6f */ 
   0x1111, 0x1111, 0x1111, 0x1111, 0x1111, 0x1111, 0x1111, 0x1111, 0x1111, 0x1111, 0x1111, 0x1111, 0x1110, 0x1111, 0x1111, 0x1102,
   0x0111, 0x1111, 0x1102, 0x0111, 0x1101, 0x1102, 0x2010, 0x0020, 0x1102, 0x2002, 0x2201, 0x1102, 0x2222, 0x2011, 0x1102, 0x2222,
   0x0111, 0x1102, 0x2220, 0x1111, 0x1102, 0x2201, 0x1111, 0x1102, 0x2011, 0x1111, 0x1102, 0x0111, 0x1111, 0x1110, 0x1111, 0x1111,
   0x1111, 0x1111, 0x1111, 0x1111, 0x1111, 0x1111, 0xffff, 0xffff, 0xffff, 0xffff, 0xffff, 0xffff, 0xffff, 0xffff, 0xffff, 0xffff,
  /* Character 0x70 */ 
   0x1111, 0x1111, 0x1111, 0x1111, 0x1111, 0x1111, 0x1111, 0x1111, 0x1111, 0x1111, 0x1111, 0x1111, 0x1111, 0x1111, 0x1111, 0x1111,
   0x0000, 0x1111, 0x1100, 0x2222, 0x0011, 0x1022, 0x0000, 0x2201, 0x1020, 0x1111, 0x0201, 0x0201, 0x1110, 0x5020, 0x0201, 0x1105,
   0x0020, 0x0201, 0x1050, 0x1020, 0x1011, 0x1001, 0x1101, 0x1111, 0x1111, 0x1111, 0x1111, 0x1111, 0x1111, 0x1111, 0x1111, 0x1111,
   0x1111, 0x1111, 0x1111, 0x1111, 0x1111, 0x1111, 0xffff, 0xffff, 0xffff, 0xffff, 0xffff, 0xffff, 0xffff, 0xffff, 0xffff, 0xffff,
  /* Character 0x71 */ 
   0x1111, 0x1111, 0x1111, 0x1111, 0x1111, 0x1111, 0x1110, 0x0000, 0x1111, 0x1102, 0x2222, 0x0111, 0x1110, 0x0000, 0x2011, 0x1111,
   0x1111, 0x0201, 0x1111, 0x1111, 0x0201, 0x1111, 0x0000, 0x2011, 0x1110, 0x2222, 0x0111, 0x1102, 0x0000, 0x1111, 0x1020, 0x1111,
   0x1111, 0x1020, 0x1110, 0x1111, 0x1020, 0x1102, 0x0111, 0x1102, 0x0002, 0x2011, 0x1110, 0x2222, 0x2201, 0x1111, 0x0002, 0x2011,
   0x1111, 0x1102, 0x0111, 0x1111, 0x1110, 0x1111, 0xffff, 0xffff, 0xffff, 0xffff, 0xffff, 0xffff, 0xffff, 0xffff, 0xffff, 0xffff,
  /* Character 0x72 */ 
   0x1111, 0x1111, 0x1111, 0x1111, 0x1111, 0x1111, 0x1111, 0x1111, 0x1111, 0x1111, 0x1111, 0x1111, 0x1111, 0x1111, 0x1111, 0x1111,
   0x1111, 0x1111, 0x1111, 0x1111, 0x1111, 0x1111, 0x1111, 0x1111, 0x1122, 0x2222, 0x2222, 0x1100, 0x0000, 0x0000, 0x1111, 0x1111,
   0x1111, 0x1111, 0x1111, 0x1111, 0x1111, 0x1111, 0x1111, 0x1111, 0x1111, 0x1111, 0x1111, 0x1111, 0x1111, 0x1111, 0x1111, 0x1111,
   0x1111, 0x1111, 0x1111, 0x1111, 0x1111, 0x1111, 0xffff, 0xffff, 0xffff, 0xffff, 0xffff, 0xffff, 0xffff, 0xffff, 0xffff, 0xffff,
  /* Character 0x73 */ 
   0x1111, 0x1111, 0x1111, 0x1111, 0x1111, 0x1111, 0x1111, 0x1111, 0x1111, 0x2011, 0x1111, 0x1102, 0x0201, 0x1111, 0x1020, 0x1020,
   0x1111, 0x0201, 0x1102, 0x0110, 0x2011, 0x1110, 0x1111, 0x0111, 0x1111, 0x1111, 0x1111, 0x1111, 0x1111, 0x1111, 0x1110, 0x1111,
   0x0111, 0x1102, 0x0110, 0x2011, 0x1020, 0x1111, 0x0201, 0x0201, 0x1111, 0x1020, 0x2011, 0x1111, 0x1102, 0x1111, 0x1111, 0x1111,
   0x1111, 0x1111, 0x1111, 0x1111, 0x1111, 0x1111, 0xffff, 0xffff, 0xffff, 0xffff, 0xffff, 0xffff, 0xffff, 0xffff, 0xffff, 0xffff,
  /* Character 0x74 */ 
   0x1111, 0x1111, 0x1111, 0x1111, 0x1111, 0x1111, 0x1111, 0x1111, 0x1111, 0x1111, 0x1111, 0x1111, 0x1111, 0x1111, 0x1111, 0x1111,
   0x1111, 0x1111, 0x1111, 0x1111, 0x1111, 0x1111, 0x1111, 0x1111, 0x2222, 0x2222, 0x2211, 0x0000, 0x0000, 0x0011, 0x1111, 0x1111,
   0x1111, 0x1111, 0x1111, 0x1111, 0x1111, 0x1111, 0x1111, 0x1111, 0x1111, 0x1111, 0x1111, 0x1111, 0x1111, 0x1111, 0x1111, 0x1111,
   0x1111, 0x1111, 0x1111, 0x1111, 0x1111, 0x1111, 0xffff, 0xffff, 0xffff, 0xffff, 0xffff, 0xffff, 0xffff, 0xffff, 0xffff, 0xffff,
  /* Character 0x75 */ 
   0x1111, 0x1101, 0x1111, 0x1111, 0x1020, 0x1111, 0x1111, 0x0222, 0x0111, 0x1110, 0x2222, 0x2011, 0x1102, 0x2000, 0x2201, 0x1110,
   0x0111, 0x0011, 0x1111, 0x1111, 0x1111, 0x1111, 0x1111, 0x1111, 0x1111, 0x1111, 0x1111, 0x1111, 0x1111, 0x1111, 0x1111, 0x1111,
   0x1111, 0x1111, 0x1111, 0x1111, 0x1111, 0x1111, 0x1111, 0x1111, 0x1111, 0x1111, 0x1111, 0x1111, 0x1111, 0x1111, 0x1111, 0x1111,
   0x1111, 0x1111, 0x1111, 0x1111, 0x1111, 0x1111, 0xffff, 0xffff, 0xffff, 0xffff, 0xffff, 0xffff, 0xffff, 0xffff, 0xffff, 0xffff,
  /* Character 0x76 */ 
   0x1111, 0x1111, 0x1111, 0x1111, 0x1111, 0x1111, 0x1111, 0x1111, 0x1111, 0x1111, 0x1111, 0x1111, 0x1111, 0x1111, 0x1111, 0x1111,
   0x1111, 0x1111, 0x1111, 0x1111, 0x1111, 0x1111, 0x1111, 0x1111, 0x1111, 0x1111, 0x1111, 0x1111, 0x1111, 0x1111, 0x1111, 0x1111,
   0x1111, 0x1110, 0x0111, 0x0011, 0x1102, 0x2000, 0x2201, 0x1110, 0x2222, 0x2011, 0x1111, 0x0222, 0x0111, 0x1111, 0x1020, 0x1111,
   0x1111, 0x1101, 0x1111, 0x1111, 0x1111, 0x1111, 0xffff, 0xffff, 0xffff, 0xffff, 0xffff, 0xffff, 0xffff, 0xffff, 0xffff, 0xffff,
  /* Character 0x77 */ 
   0x1111, 0x1111, 0x1111, 0x1111, 0x1111, 0x1111, 0x1111, 0x1111, 0x1111, 0x1111, 0x1111, 0x1111, 0x1111, 0x1110, 0x1111, 0x1111,
   0x1102, 0x0111, 0x1111, 0x1102, 0x2011, 0x1111, 0x1110, 0x2201, 0x1111, 0x1110, 0x2220, 0x1111, 0x1110, 0x2201, 0x1111, 0x1102,
   0x2011, 0x1111, 0x1102, 0x0111, 0x1111, 0x1110, 0x1111, 0x1111, 0x1111, 0x1111, 0x1111, 0x1111, 0x1111, 0x1111, 0x1111, 0x1111,
   0x1111, 0x1111, 0x1111, 0x1111, 0x1111, 0x1111, 0xffff, 0xffff, 0xffff, 0xffff, 0xffff, 0xffff, 0xffff, 0xffff, 0xffff, 0xffff,
  /* Character 0x78 */ 
   0x1111, 0x1111, 0x1111, 0x1111, 0x1111, 0x1111, 0x1111, 0x1111, 0x1111, 0x1111, 0x1111, 0x1111, 0x1111, 0x0111, 0x1111, 0x1110,
   0x2011, 0x1111, 0x1102, 0x2011, 0x1111, 0x1022, 0x0111, 0x1111, 0x0222, 0x0111, 0x1111, 0x1022, 0x0111, 0x1111, 0x1102, 0x2011,
   0x1111, 0x1110, 0x2011, 0x1111, 0x1111, 0x0111, 0x1111, 0x1111, 0x1111, 0x1111, 0x1111, 0x1111, 0x1111, 0x1111, 0x1111, 0x1111,
   0x1111, 0x1111, 0x1111, 0x1111, 0x1111, 0x1111, 0xffff, 0xffff, 0xffff, 0xffff, 0xffff, 0xffff, 0xffff, 0xffff, 0xffff, 0xffff,
  /* Character 0x79 */ 
   0x1111, 0x1111, 0x1111, 0x1111, 0x1111, 0x1111, 0x1111, 0x1111, 0x1111, 0x1111, 0x1111, 0x1111, 0x1111, 0x1111, 0x1111, 0x1111,
   0x1111, 0x1111, 0x1111, 0x1111, 0x1111, 0x1111, 0x1111, 0x1111, 0x1111, 0x1111, 0x1111, 0x1111, 0x1111, 0x1111, 0x1111, 0x1111,
   0x1111, 0x1111, 0x1111, 0x1111, 0x1111, 0x1111, 0x1111, 0x1111, 0x1111, 0x1111, 0x1111, 0x1111, 0x1111, 0x1111, 0x1111, 0x1111,
   0x1111, 0x1111, 0x1111, 0x1111, 0x1111, 0x1111, 0xffff, 0xffff, 0xffff, 0xffff, 0xffff, 0xffff, 0xffff, 0xffff, 0xffff, 0xffff,
  /* Character 0x7a */ 
   0x1111, 0x1111, 0x1111, 0x1111, 0x1111, 0x1111, 0x1111, 0x1001, 0x1111, 0x1111, 0x0220, 0x1111, 0x1111, 0x0200, 0x1111, 0x1111,
   0x0220, 0x1111, 0x1111, 0x0200, 0x1111, 0x1111, 0x0220, 0x1111, 0x1111, 0x0200, 0x1111, 0x1111, 0x0220, 0x1111, 0x1111, 0x0500,
   0x1111, 0x1111, 0x0550, 0x1111, 0x1111, 0x0550, 0x1111, 0x1110, 0x5555, 0x0111, 0x1110, 0x5555, 0x0111, 0x1111, 0x0550, 0x1111,
   0x1111, 0x1001, 0x1111, 0x1111, 0x1111, 0x1111, 0xffff, 0xffff, 0xffff, 0xffff, 0xffff, 0xffff, 0xffff, 0xffff, 0xffff, 0xffff,
  /* Character 0x7b */ 
   0x1111, 0x1111, 0x1111, 0x1111, 0x1111, 0x1111, 0x1101, 0x1110, 0x0111, 0x1020, 0x1102, 0x2011, 0x1020, 0x1020, 0x0201, 0x1020,
   0x1020, 0x0201, 0x1020, 0x0020, 0x0201, 0x1022, 0x2002, 0x2011, 0x1100, 0x0110, 0x0201, 0x1111, 0x1111, 0x0011, 0x1111, 0x1110,
   0x2201, 0x1111, 0x1000, 0x2201, 0x1111, 0x0220, 0x2201, 0x1100, 0x0220, 0x2201, 0x1022, 0x0220, 0x2201, 0x1022, 0x0220, 0x2201,
   0x1100, 0x0000, 0x0011, 0x1111, 0x1111, 0x1111, 0xffff, 0xffff, 0xffff, 0xffff, 0xffff, 0xffff, 0xffff, 0xffff, 0xffff, 0xffff,
  /* Character 0x7c */ 
   0x1111, 0x1111, 0x1111, 0x1111, 0x1111, 0x1111, 0x1111, 0x1111, 0x1111, 0x1111, 0x1001, 0x1111, 0x1111, 0x0220, 0x1111, 0x1111,
   0x0220, 0x1111, 0x1111, 0x0220, 0x1111, 0x1111, 0x0220, 0x1111, 0x1111, 0x0220, 0x1111, 0x1111, 0x0220, 0x1111, 0x1111, 0x0220,
   0x1111, 0x1111, 0x0220, 0x1111, 0x1111, 0x0220, 0x1111, 0x1111, 0x0220, 0x1111, 0x1111, 0x0220, 0x1111, 0x1111, 0x1001, 0x1111,
   0x1111, 0x1111, 0x1111, 0x1111, 0x1111, 0x1111, 0xffff, 0xffff, 0xffff, 0xffff, 0xffff, 0xffff, 0xffff, 0xffff, 0xffff, 0xffff,
  /* Character 0x7d */ 
   0x1111, 0x1111, 0x1111, 0x1111, 0x1111, 0x1111, 0x1111, 0x1111, 0x1111, 0x1111, 0x1111, 0x1111, 0x1111, 0x1111, 0x1111, 0x1111,
   0x1111, 0x1111, 0x1111, 0x1111, 0x1111, 0x1101, 0x1111, 0x1111, 0x1020, 0x0101, 0x0111, 0x1020, 0x2020, 0x2011, 0x1020, 0x2022,
   0x2011, 0x1022, 0x0020, 0x2011, 0x1020, 0x2020, 0x2011, 0x1020, 0x2020, 0x2011, 0x1101, 0x0101, 0x0111, 0x1111, 0x1111, 0x1111,
   0x1111, 0x1111, 0x1111, 0x1111, 0x1111, 0x1111, 0xffff, 0xffff, 0xffff, 0xffff, 0xffff, 0xffff, 0xffff, 0xffff, 0xffff, 0xffff,
  /* Character 0x7e */ 
   0x1111, 0x1111, 0x1111, 0x1111, 0x1111, 0x1111, 0x1111, 0x1111, 0x1111, 0x1111, 0x1111, 0x1111, 0x1111, 0x1111, 0x1111, 0x1111,
   0x1111, 0x1111, 0x1111, 0x1111, 0x1111, 0x1101, 0x0111, 0x1111, 0x1020, 0x2000, 0x0111, 0x1022, 0x2022, 0x2011, 0x1020, 0x2002,
   0x0111, 0x1020, 0x2002, 0x0111, 0x1020, 0x2002, 0x0111, 0x1020, 0x2022, 0x2011, 0x1101, 0x0100, 0x0111, 0x1111, 0x1111, 0x1111,
   0x1111, 0x1111, 0x1111, 0x1111, 0x1111, 0x1111, 0xffff, 0xffff, 0xffff, 0xffff, 0xffff, 0xffff, 0xffff, 0xffff, 0xffff, 0xffff,
  /* Character 0x7f */ 
   0x1111, 0x1111, 0x1111, 0x1111, 0x1111, 0x1111, 0x1111, 0x1111, 0x1111, 0x1111, 0x1111, 0x1111, 0x1111, 0x1111, 0x1111, 0x1111,
   0x1111, 0x1111, 0x1111, 0x1111, 0x1111, 0x1101, 0x1011, 0x0001, 0x1020, 0x0200, 0x2220, 0x0202, 0x0201, 0x0201, 0x0222, 0x0201,
   0x0201, 0x0202, 0x0200, 0x0201, 0x0202, 0x0222, 0x0201, 0x1010, 0x1000, 0x1011, 0x1111, 0x1111, 0x1111, 0x1111, 0x1111, 0x1111,
   0x1111, 0x1111, 0x1111, 0x1111, 0x1111, 0x1111, 0xffff, 0xffff, 0xffff, 0xffff, 0xffff, 0xffff, 0xffff, 0xffff, 0xffff, 0xffff,
  /* Character 0x80 */ 
   0x1110, 0x0000, 0x0111, 0x1102, 0x2222, 0x2011, 0x1110, 0x0000, 0x0111, 0x1111, 0x1111, 0x1111, 0x1111, 0x1111, 0x1111, 0x1111,
   0x1111, 0x1111, 0x1111, 0x1111, 0x1111, 0x1111, 0x1111, 0x1111, 0x1111, 0x1111, 0x1111, 0x1111, 0x1111, 0x1111, 0x1111, 0x1111,
   0x1111, 0x1111, 0x1111, 0x1111, 0x1111, 0x1111, 0x1111, 0x1111, 0x1111, 0x1111, 0x1111, 0x1111, 0x1111, 0x1111, 0x1111, 0x1111,
   0x1111, 0x1111, 0x1111, 0x1111, 0x1111, 0x1111, 0xffff, 0xffff, 0xffff, 0xffff, 0xffff, 0xffff, 0xffff, 0xffff, 0xffff, 0xffff,
  /* Character 0x81 */ 
   0x1111, 0x1111, 0x1111, 0x1111, 0x1111, 0x1111, 0x1110, 0x0000, 0x0111, 0x1102, 0x2222, 0x2011, 0x1110, 0x0000, 0x0111, 0x1111,
   0x1111, 0x1111, 0x1111, 0x1111, 0x1111, 0x1111, 0x1111, 0x1111, 0x1111, 0x1111, 0x1111, 0x1111, 0x1111, 0x1111, 0x1111, 0x1111,
   0x1111, 0x1111, 0x1111, 0x1111, 0x1111, 0x1111, 0x1111, 0x1111, 0x1111, 0x1111, 0x1111, 0x1111, 0x1111, 0x1111, 0x1111, 0x1111,
   0x1111, 0x1111, 0x1111, 0x1111, 0x1111, 0x1111, 0xffff, 0xffff, 0xffff, 0xffff, 0xffff, 0xffff, 0xffff, 0xffff, 0xffff, 0xffff,
  /* Character 0x82 */ 
   0x1111, 0x1111, 0x1111, 0x1111, 0x1111, 0x1111, 0x1111, 0x1111, 0x1111, 0x1111, 0x1111, 0x1111, 0x1110, 0x0000, 0x0111, 0x1102,
   0x2222, 0x2011, 0x1110, 0x0000, 0x0111, 0x1111, 0x1111, 0x1111, 0x1111, 0x1111, 0x1111, 0x1111, 0x1111, 0x1111, 0x1111, 0x1111,
   0x1111, 0x1111, 0x1111, 0x1111, 0x1111, 0x1111, 0x1111, 0x1111, 0x1111, 0x1111, 0x1111, 0x1111, 0x1111, 0x1111, 0x1111, 0x1111,
   0x1111, 0x1111, 0x1111, 0x1111, 0x1111, 0x1111, 0xffff, 0xffff, 0xffff, 0xffff, 0xffff, 0xffff, 0xffff, 0xffff, 0xffff, 0xffff,
  /* Character 0x83 */ 
   0x1111, 0x1111, 0x1111, 0x1111, 0x1111, 0x1111, 0x1111, 0x1111, 0x1111, 0x1111, 0x1111, 0x1111, 0x1111, 0x1111, 0x1111, 0x1111,
   0x1111, 0x1111, 0x1110, 0x0000, 0x0111, 0x1102, 0x2222, 0x2011, 0x1110, 0x0000, 0x0111, 0x1111, 0x1111, 0x1111, 0x1111, 0x1111,
   0x1111, 0x1111, 0x1111, 0x1111, 0x1111, 0x1111, 0x1111, 0x1111, 0x1111, 0x1111, 0x1111, 0x1111, 0x1111, 0x1111, 0x1111, 0x1111,
   0x1111, 0x1111, 0x1111, 0x1111, 0x1111, 0x1111, 0xffff, 0xffff, 0xffff, 0xffff, 0xffff, 0xffff, 0xffff, 0xffff, 0xffff, 0xffff,
  /* Character 0x84 */ 
   0x1111, 0x1111, 0x1111, 0x1111, 0x1111, 0x1111, 0x1111, 0x1111, 0x1111, 0x1111, 0x1111, 0x1111, 0x1111, 0x1111, 0x1111, 0x1111,
   0x1111, 0x1111, 0x1111, 0x1111, 0x1111, 0x1111, 0x1111, 0x1111, 0x1110, 0x0000, 0x0111, 0x1102, 0x2222, 0x2011, 0x1110, 0x0000,
   0x0111, 0x1111, 0x1111, 0x1111, 0x1111, 0x1111, 0x1111, 0x1111, 0x1111, 0x1111, 0x1111, 0x1111, 0x1111, 0x1111, 0x1111, 0x1111,
   0x1111, 0x1111, 0x1111, 0x1111, 0x1111, 0x1111, 0xffff, 0xffff, 0xffff, 0xffff, 0xffff, 0xffff, 0xffff, 0xffff, 0xffff, 0xffff,
  /* Character 0x85 */ 
   0x1111, 0x1111, 0x1111, 0x1111, 0x1111, 0x1111, 0x1111, 0x1111, 0x1111, 0x1111, 0x1111, 0x1111, 0x1111, 0x1111, 0x1111, 0x1111,
   0x1111, 0x1111, 0x1111, 0x1111, 0x1111, 0x1111, 0x1111, 0x1111, 0x1111, 0x1111, 0x1111, 0x1111, 0x1111, 0x1111, 0x1110, 0x0000,
   0x0111, 0x1102, 0x2222, 0x2011, 0x1110, 0x0000, 0x0111, 0x1111, 0x1111, 0x1111, 0x1111, 0x1111, 0x1111, 0x1111, 0x1111, 0x1111,
   0x1111, 0x1111, 0x1111, 0x1111, 0x1111, 0x1111, 0xffff, 0xffff, 0xffff, 0xffff, 0xffff, 0xffff, 0xffff, 0xffff, 0xffff, 0xffff,
  /* Character 0x86 */ 
   0x1111, 0x1111, 0x1111, 0x1111, 0x1111, 0x1111, 0x1111, 0x1111, 0x1111, 0x1111, 0x1111, 0x1111, 0x1111, 0x1111, 0x1111, 0x1111,
   0x1111, 0x1111, 0x1111, 0x1111, 0x1111, 0x1111, 0x1111, 0x1111, 0x1111, 0x1111, 0x1111, 0x1111, 0x1111, 0x1111, 0x1111, 0x1111,
   0x1111, 0x1111, 0x1111, 0x1111, 0x1110, 0x0000, 0x0111, 0x1102, 0x2222, 0x2011, 0x1110, 0x0000, 0x0111, 0x1111, 0x1111, 0x1111,
   0x1111, 0x1111, 0x1111, 0x1111, 0x1111, 0x1111, 0xffff, 0xffff, 0xffff, 0xffff, 0xffff, 0xffff, 0xffff, 0xffff, 0xffff, 0xffff,
  /* Character 0x87 */ 
   0x1111, 0x1111, 0x1111, 0x1111, 0x1111, 0x1111, 0x1111, 0x1111, 0x1111, 0x1111, 0x1111, 0x1111, 0x1111, 0x1111, 0x1111, 0x1111,
   0x1111, 0x1111, 0x1111, 0x1111, 0x1111, 0x1111, 0x1111, 0x1111, 0x1111, 0x1111, 0x1111, 0x1111, 0x1111, 0x1111, 0x1111, 0x1111,
   0x1111, 0x1111, 0x1111, 0x1111, 0x1111, 0x1111, 0x1111, 0x1111, 0x1111, 0x1111, 0x1110, 0x0000, 0x0111, 0x1102, 0x2222, 0x2011,
   0x1110, 0x0000, 0x0111, 0x1111, 0x1111, 0x1111, 0xffff, 0xffff, 0xffff, 0xffff, 0xffff, 0xffff, 0xffff, 0xffff, 0xffff, 0xffff,
  /* Character 0x88 */ 
   0x1111, 0x1111, 0x1111, 0x1111, 0x1111, 0x1111, 0x1111, 0x1111, 0x1111, 0x1111, 0x1111, 0x1111, 0x1111, 0x1111, 0x1111, 0x1111,
   0x1111, 0x1111, 0x1111, 0x1111, 0x1111, 0x1111, 0x1111, 0x1111, 0x1111, 0x1111, 0x1111, 0x1111, 0x1111, 0x1111, 0x1111, 0x1111,
   0x1111, 0x1111, 0x1111, 0x1111, 0x1111, 0x1111, 0x1111, 0x1111, 0x1111, 0x1111, 0x1111, 0x1111, 0x1111, 0x1110, 0x0000, 0x0111,
   0x1102, 0x2222, 0x2011, 0x1110, 0x0000, 0x0111, 0xffff, 0xffff, 0xffff, 0xffff, 0xffff, 0xffff, 0xffff, 0xffff, 0xffff, 0xffff,
  /* Character 0x89 */ 
   0x1111, 0x1111, 0x1111, 0x1111, 0x1111, 0x1111, 0x1111, 0x1111, 0x1111, 0x1111, 0x1111, 0x1111, 0x1111, 0x1111, 0x1111, 0x1111,
   0x1111, 0x1111, 0x1111, 0x1111, 0x1111, 0x1101, 0x1111, 0x0111, 0x1020, 0x1110, 0x2011, 0x1020, 0x1102, 0x0201, 0x1020, 0x1102,
   0x2201, 0x1020, 0x0102, 0x0201, 0x1022, 0x2002, 0x0201, 0x1100, 0x0110, 0x1011, 0x1111, 0x1111, 0x1111, 0x1111, 0x1111, 0x1111,
   0x1111, 0x1111, 0x1111, 0x1111, 0x1111, 0x1111, 0xffff, 0xffff, 0xffff, 0xffff, 0xffff, 0xffff, 0xffff, 0xffff, 0xffff, 0xffff,
  /* Character 0x8a */ 
   0x1111, 0x1111, 0x1111, 0x1111, 0x1111, 0x1111, 0x1111, 0x1111, 0x1111, 0x1111, 0x1111, 0x1100, 0x1111, 0x1111, 0x1022, 0x1111,
   0x1111, 0x1020, 0x1111, 0x1111, 0x1020, 0x1111, 0x1111, 0x1020, 0x1111, 0x1111, 0x1020, 0x1111, 0x1111, 0x1020, 0x1111, 0x1111,
   0x1020, 0x1111, 0x1111, 0x1020, 0x1111, 0x1111, 0x1020, 0x1111, 0x1111, 0x1022, 0x1111, 0x1111, 0x1100, 0x1111, 0x1111, 0x1111,
   0x1111, 0x1111, 0x1111, 0x1111, 0x1111, 0x1111, 0xffff, 0xffff, 0xffff, 0xffff, 0xffff, 0xffff, 0xffff, 0xffff, 0xffff, 0xffff,
  /* Character 0x8b */ 
   0x1111, 0x1111, 0x1111, 0x1111, 0x1111, 0x1111, 0x1111, 0x1111, 0x1111, 0x0000, 0x0000, 0x0000, 0x2222, 0x2222, 0x2222, 0x0000,
   0x0000, 0x0000, 0xffff, 0xffff, 0xffff, 0xffff, 0xffff, 0xffff, 0xffff, 0xffff, 0xffff, 0xffff, 0xffff, 0xffff, 0xffff, 0xffff,
   0xffff, 0xffff, 0xffff, 0xffff, 0x0000, 0x0000, 0x0000, 0x2222, 0x2222, 0x2222, 0x0000, 0x0000, 0x0000, 0x1111, 0x1111, 0x1111,
   0x1111, 0x1111, 0x1111, 0x1111, 0x1111, 0x1111, 0xffff, 0xffff, 0xffff, 0xffff, 0xffff, 0xffff, 0xffff, 0xffff, 0xffff, 0xffff,
  /* Character 0x8c */ 
   0x1111, 0x1111, 0x1111, 0x1111, 0x1111, 0x1111, 0x1111, 0x1111, 0x1111, 0x0000, 0x0000, 0x0000, 0x2222, 0x2222, 0x2222, 0x0000,
   0x0000, 0x0000, 0xffff, 0xff01, 0x1111, 0xffff, 0xff01, 0x1111, 0xffff, 0xff01, 0x1111, 0xffff, 0xff01, 0x1111, 0xffff, 0xff01,
   0x1111, 0xffff, 0xff01, 0x1111, 0x0000, 0x0000, 0x0000, 0x2222, 0x2222, 0x2222, 0x0000, 0x0000, 0x0000, 0x1111, 0x1111, 0x1111,
   0x1111, 0x1111, 0x1111, 0x1111, 0x1111, 0x1111, 0xffff, 0xffff, 0xffff, 0xffff, 0xffff, 0xffff, 0xffff, 0xffff, 0xffff, 0xffff,
  /* Character 0x8d */ 
   0x1111, 0x1111, 0x1111, 0x1111, 0x1111, 0x1111, 0x1111, 0x1111, 0x1111, 0x0000, 0x0000, 0x0000, 0x2222, 0x2222, 0x2222, 0x0000,
   0x0000, 0x0000, 0x1111, 0x1111, 0x1111, 0x1111, 0x1111, 0x1111, 0x1111, 0x1111, 0x1111, 0x1111, 0x1111, 0x1111, 0x1111, 0x1111,
   0x1111, 0x1111, 0x1111, 0x1111, 0x0000, 0x0000, 0x0000, 0x2222, 0x2222, 0x2222, 0x0000, 0x0000, 0x0000, 0x1111, 0x1111, 0x1111,
   0x1111, 0x1111, 0x1111, 0x1111, 0x1111, 0x1111, 0xffff, 0xffff, 0xffff, 0xffff, 0xffff, 0xffff, 0xffff, 0xffff, 0xffff, 0xffff,
  /* Character 0x8e */ 
   0x1111, 0x1111, 0x1111, 0x1111, 0x1111, 0x1111, 0x1111, 0x1111, 0x1111, 0x0000, 0x0000, 0x0000, 0x2222, 0x2222, 0x2222, 0x0000,
   0x0000, 0x0000, 0x0111, 0x1111, 0x1111, 0x0111, 0x1111, 0x1111, 0x0111, 0x1111, 0x1111, 0x0111, 0x1111, 0x1111, 0x0111, 0x1111,
   0x1111, 0x0111, 0x1111, 0x1111, 0x0000, 0x0000, 0x0000, 0x2222, 0x2222, 0x2222, 0x0000, 0x0000, 0x0000, 0x1111, 0x1111, 0x1111,
   0x1111, 0x1111, 0x1111, 0x1111, 0x1111, 0x1111, 0xffff, 0xffff, 0xffff, 0xffff, 0xffff, 0xffff, 0xffff, 0xffff, 0xffff, 0xffff,
  /* Character 0x8f */ 
   0x1111, 0x1111, 0x1111, 0x1111, 0x1111, 0x1111, 0x1111, 0x1111, 0x1111, 0x0011, 0x1111, 0x1111, 0x2201, 0x1111, 0x1111, 0x0201,
   0x1111, 0x1111, 0x0201, 0x1111, 0x1111, 0x0201, 0x1111, 0x1111, 0x0201, 0x1111, 0x1111, 0x0201, 0x1111, 0x1111, 0x0201, 0x1111,
   0x1111, 0x0201, 0x1111, 0x1111, 0x0201, 0x1111, 0x1111, 0x2201, 0x1111, 0x1111, 0x0011, 0x1111, 0x1111, 0x1111, 0x1111, 0x1111,
   0x1111, 0x1111, 0x1111, 0x1111, 0x1111, 0x1111, 0xffff, 0xffff, 0xffff, 0xffff, 0xffff, 0xffff, 0xffff, 0xffff, 0xffff, 0xffff,
  /* Character 0x90 */ 
   0x1111, 0x1111, 0x1111, 0x1110, 0x0000, 0x0011, 0x1104, 0x4444, 0x4401, 0x1104, 0x4444, 0x4401, 0x1104, 0x4444, 0x4401, 0x1104,
   0x4444, 0x4401, 0x1104, 0x4444, 0x4401, 0x1104, 0x4444, 0x4401, 0x1104, 0x4444, 0x4401, 0x1104, 0x4444, 0x4401, 0x1104, 0x4444,
   0x4401, 0x1104, 0x4444, 0x4401, 0x1104, 0x4444, 0x4401, 0x1104, 0x4444, 0x4401, 0x1104, 0x4444, 0x4401, 0x1104, 0x4444, 0x4401,
   0x1104, 0x4444, 0x4401, 0x1110, 0x0000, 0x0011, 0xffff, 0xffff, 0xffff, 0xffff, 0xffff, 0xffff, 0xffff, 0xffff, 0xffff, 0xffff,
  /* Character 0x91 */ 
   0x1111, 0x1111, 0x1111, 0x1110, 0x0000, 0x0011, 0x1102, 0x2222, 0x2201, 0x1102, 0x0000, 0x0201, 0x1102, 0x0000, 0x0201, 0x1104,
   0x4444, 0x4401, 0x1104, 0x4444, 0x4401, 0x1104, 0x4444, 0x4401, 0x1104, 0x4444, 0x4401, 0x1104, 0x4444, 0x4401, 0x1104, 0x4444,
   0x4401, 0x1104, 0x4444, 0x4401, 0x1104, 0x4444, 0x4401, 0x1104, 0x4444, 0x4401, 0x1104, 0x4444, 0x4401, 0x1104, 0x4444, 0x4401,
   0x1104, 0x4444, 0x4401, 0x1110, 0x0000, 0x0011, 0xffff, 0xffff, 0xffff, 0xffff, 0xffff, 0xffff, 0xffff, 0xffff, 0xffff, 0xffff,
  /* Character 0x92 */ 
   0x1111, 0x1111, 0x1111, 0x1110, 0x0000, 0x0011, 0x1102, 0x2222, 0x2201, 0x1102, 0x0000, 0x0201, 0x1102, 0x0000, 0x0201, 0x1102,
   0x0000, 0x0201, 0x1102, 0x0000, 0x0201, 0x1104, 0x4444, 0x4401, 0x1104, 0x4444, 0x4401, 0x1104, 0x4444, 0x4401, 0x1104, 0x4444,
   0x4401, 0x1104, 0x4444, 0x4401, 0x1104, 0x4444, 0x4401, 0x1104, 0x4444, 0x4401, 0x1104, 0x4444, 0x4401, 0x1104, 0x4444, 0x4401,
   0x1104, 0x4444, 0x4401, 0x1110, 0x0000, 0x0011, 0xffff, 0xffff, 0xffff, 0xffff, 0xffff, 0xffff, 0xffff, 0xffff, 0xffff, 0xffff,
  /* Character 0x93 */ 
   0x1111, 0x1111, 0x1111, 0x1110, 0x0000, 0x0011, 0x1102, 0x2222, 0x2201, 0x1102, 0x0000, 0x0201, 0x1102, 0x0000, 0x0201, 0x1102,
   0x0000, 0x0201, 0x1102, 0x0000, 0x0201, 0x1102, 0x0000, 0x0201, 0x1102, 0x0000, 0x0201, 0x1104, 0x4444, 0x4401, 0x1104, 0x4444,
   0x4401, 0x1104, 0x4444, 0x4401, 0x1104, 0x4444, 0x4401, 0x1104, 0x4444, 0x4401, 0x1104, 0x4444, 0x4401, 0x1104, 0x4444, 0x4401,
   0x1104, 0x4444, 0x4401, 0x1110, 0x0000, 0x0011, 0xffff, 0xffff, 0xffff, 0xffff, 0xffff, 0xffff, 0xffff, 0xffff, 0xffff, 0xffff,
  /* Character 0x94 */ 
   0x1111, 0x1111, 0x1111, 0x1110, 0x0000, 0x0011, 0x1102, 0x2222, 0x2201, 0x1102, 0x0000, 0x0201, 0x1102, 0x0000, 0x0201, 0x1102,
   0x0000, 0x0201, 0x1102, 0x0000, 0x0201, 0x1102, 0x0000, 0x0201, 0x1102, 0x0000, 0x0201, 0x1102, 0x0000, 0x0201, 0x1102, 0x0000,
   0x0201, 0x1102, 0x0000, 0x0201, 0x1107, 0x7777, 0x7701, 0x1107, 0x7777, 0x7701, 0x1107, 0x7777, 0x7701, 0x1107, 0x7777, 0x7701,
   0x1107, 0x7777, 0x7701, 0x1110, 0x0000, 0x0011, 0xffff, 0xffff, 0xffff, 0xffff, 0xffff, 0xffff, 0xffff, 0xffff, 0xffff, 0xffff,
  /* Character 0x95 */ 
   0x1111, 0x1111, 0x1111, 0x1110, 0x0000, 0x0011, 0x1102, 0x2222, 0x2201, 0x1102, 0x0000, 0x0201, 0x1102, 0x0000, 0x0201, 0x1102,
   0x0000, 0x0201, 0x1102, 0x0000, 0x0201, 0x1102, 0x0000, 0x0201, 0x1102, 0x0000, 0x0201, 0x1102, 0x0000, 0x0201, 0x1102, 0x0000,
   0x0201, 0x1102, 0x0000, 0x0201, 0x1102, 0x0000, 0x0201, 0x1102, 0x0000, 0x0201, 0x1107, 0x7777, 0x7701, 0x1107, 0x7777, 0x7701,
   0x1107, 0x7777, 0x7701, 0x1110, 0x0000, 0x0011, 0xffff, 0xffff, 0xffff, 0xffff, 0xffff, 0xffff, 0xffff, 0xffff, 0xffff, 0xffff,
  /* Character 0x96 */ 
   0x1111, 0x1111, 0x1111, 0x1110, 0x0000, 0x0011, 0x1102, 0x2222, 0x2201, 0x1102, 0x0000, 0x0201, 0x1102, 0x0000, 0x0201, 0x1102,
   0x0000, 0x0201, 0x1102, 0x0000, 0x0201, 0x1102, 0x0000, 0x0201, 0x1102, 0x0000, 0x0201, 0x1102, 0x0000, 0x0201, 0x1102, 0x0000,
   0x0201, 0x1102, 0x0000, 0x0201, 0x1102, 0x0000, 0x0201, 0x1102, 0x0000, 0x0201, 0x1102, 0x0000, 0x0201, 0x1102, 0x0000, 0x0201,
   0x1105, 0x5555, 0x5501, 0x1110, 0x0000, 0x0011, 0xffff, 0xffff, 0xffff, 0xffff, 0xffff, 0xffff, 0xffff, 0xffff, 0xffff, 0xffff,
  /* Character 0x97 */ 
   0x1111, 0x1111, 0x1111, 0x1110, 0x0000, 0x0011, 0x1105, 0x5555, 0x5501, 0x1105, 0x5000, 0x5501, 0x1105, 0x5000, 0x5501, 0x1105,
   0x5000, 0x5501, 0x1105, 0x5000, 0x5501, 0x1105, 0x5000, 0x5501, 0x1105, 0x5000, 0x5501, 0x1105, 0x5000, 0x5501, 0x1105, 0x5000,
   0x5501, 0x1105, 0x5000, 0x5501, 0x1105, 0x5000, 0x5501, 0x1105, 0x5000, 0x5501, 0x1105, 0x5000, 0x5501, 0x1105, 0x5000, 0x5501,
   0x1105, 0x5555, 0x5501, 0x1110, 0x0000, 0x0011, 0xffff, 0xffff, 0xffff, 0xffff, 0xffff, 0xffff, 0xffff, 0xffff, 0xffff, 0xffff,
  /* Character 0x98 */ 
   0x1111, 0x1111, 0x1111, 0x1111, 0x1111, 0x1111, 0x1111, 0x1111, 0x1111, 0x1111, 0x1111, 0x1111, 0x1111, 0x1111, 0x1111, 0x1111,
   0x1111, 0x1111, 0x1111, 0x1111, 0x1111, 0x1101, 0x1110, 0x0011, 0x1020, 0x1102, 0x2201, 0x1020, 0x1102, 0x0201, 0x1020, 0x1102,
   0x0201, 0x1020, 0x0102, 0x0201, 0x1022, 0x2002, 0x2201, 0x1100, 0x0110, 0x0011, 0x1111, 0x1111, 0x1111, 0x1111, 0x1111, 0x1111,
   0x1111, 0x1111, 0x1111, 0x1111, 0x1111, 0x1111, 0xffff, 0xffff, 0xffff, 0xffff, 0xffff, 0xffff, 0xffff, 0xffff, 0xffff, 0xffff,
  /* Character 0x99 */ 
   0x1111, 0x1111, 0x1111, 0x1100, 0x0100, 0x0111, 0x1022, 0x2022, 0x2011, 0x1020, 0x0102, 0x0111, 0x1022, 0x0102, 0x0111, 0x1020,
   0x1102, 0x0111, 0x1020, 0x1102, 0x0111, 0x1100, 0x0000, 0x0111, 0x1022, 0x2222, 0x2011, 0x1100, 0x0000, 0x0111, 0x1110, 0x0220,
   0x1111, 0x1110, 0x2001, 0x1111, 0x1110, 0x2220, 0x1111, 0x1111, 0x0020, 0x1111, 0x1110, 0x2220, 0x1111, 0x1111, 0x0001, 0x1111,
   0x1111, 0x1111, 0x1111, 0x1111, 0x1111, 0x1111, 0xffff, 0xffff, 0xffff, 0xffff, 0xffff, 0xffff, 0xffff, 0xffff, 0xffff, 0xffff,
  /* Character 0x9a */ 
   0x1111, 0x1111, 0x1111, 0x1111, 0x1111, 0x1111, 0x1111, 0x1111, 0x1111, 0x1111, 0x1111, 0x1111, 0x1111, 0x1111, 0x1111, 0x1111,
   0x1111, 0x1111, 0x1111, 0x1111, 0x1111, 0x1111, 0x1001, 0x1111, 0x1111, 0x0220, 0x1111, 0x1110, 0x2002, 0x0111, 0x1110, 0x2002,
   0x0111, 0x1110, 0x2222, 0x0111, 0x1110, 0x2002, 0x0111, 0x1110, 0x2002, 0x0111, 0x1110, 0x2002, 0x0111, 0x1111, 0x0110, 0x1111,
   0x1111, 0x1111, 0x1111, 0x1111, 0x1111, 0x1111, 0xffff, 0xffff, 0xffff, 0xffff, 0xffff, 0xffff, 0xffff, 0xffff, 0xffff, 0xffff,
  /* Character 0x9b */ 
   0x1111, 0x1111, 0x1111, 0x1111, 0x1111, 0x1111, 0x1111, 0x1111, 0x1111, 0x1100, 0x0100, 0x1111, 0x1022, 0x2022, 0x0111, 0x1020,
   0x2020, 0x2011, 0x1020, 0x2020, 0x2011, 0x1020, 0x2020, 0x2011, 0x1022, 0x2020, 0x2011, 0x1100, 0x0100, 0x0111, 0x1020, 0x2022,
   0x0111, 0x1022, 0x2020, 0x2011, 0x1020, 0x2020, 0x2011, 0x1020, 0x2020, 0x2011, 0x1020, 0x2020, 0x2011, 0x1101, 0x0101, 0x0111,
   0x1111, 0x1111, 0x1111, 0x1111, 0x1111, 0x1111, 0xffff, 0xffff, 0xffff, 0xffff, 0xffff, 0xffff, 0xffff, 0xffff, 0xffff, 0xffff,
  /* Character 0x9c */ 
   0x1111, 0x1111, 0x1111, 0x1111, 0x1111, 0x1111, 0x1111, 0x1111, 0x1111, 0x1100, 0x0100, 0x1111, 0x1022, 0x2020, 0x1111, 0x1020,
   0x0020, 0x1111, 0x1022, 0x2020, 0x1111, 0x1020, 0x0020, 0x0111, 0x1020, 0x1022, 0x2011, 0x1100, 0x0100, 0x0111, 0x1020, 0x2022,
   0x0111, 0x1022, 0x2020, 0x2011, 0x1020, 0x2020, 0x2011, 0x1020, 0x2020, 0x2011, 0x1020, 0x2020, 0x2011, 0x1101, 0x0101, 0x0111,
   0x1111, 0x1111, 0x1111, 0x1111, 0x1111, 0x1111, 0xffff, 0xffff, 0xffff, 0xffff, 0xffff, 0xffff, 0xffff, 0xffff, 0xffff, 0xffff,
  /* Character 0x9d */ 
   0x1111, 0x1111, 0x1111, 0x1111, 0x1111, 0x1111, 0x1111, 0x1111, 0x1111, 0x1111, 0x1111, 0x1111, 0x1111, 0x1111, 0x1111, 0x1111,
   0x1111, 0x1111, 0x1111, 0x1111, 0x1111, 0x1111, 0x1111, 0x1111, 0x0101, 0x0011, 0x0101, 0x2020, 0x2200, 0x2020, 0x2220, 0x2020,
   0x2020, 0x2020, 0x2200, 0x2220, 0x2020, 0x2000, 0x2020, 0x2020, 0x2010, 0x2020, 0x0101, 0x0111, 0x0101, 0x1111, 0x1111, 0x1111,
   0x1111, 0x1111, 0x1111, 0x1111, 0x1111, 0x1111, 0xffff, 0xffff, 0xffff, 0xffff, 0xffff, 0xffff, 0xffff, 0xffff, 0xffff, 0xffff,
  /* Character 0x9e */ 
   0x1111, 0x1111, 0x1111, 0x1101, 0x1101, 0x0111, 0x1020, 0x0020, 0x2011, 0x1020, 0x2022, 0x2011, 0x1022, 0x0020, 0x2011, 0x1020,
   0x2020, 0x2011, 0x1020, 0x2020, 0x2011, 0x1100, 0x0000, 0x0111, 0x1022, 0x2222, 0x2011, 0x1100, 0x0000, 0x0111, 0x1110, 0x2020,
   0x1111, 0x1110, 0x2020, 0x1111, 0x1110, 0x2220, 0x1111, 0x1110, 0x2020, 0x1111, 0x1110, 0x2020, 0x1111, 0x1111, 0x0101, 0x1111,
   0x1111, 0x1111, 0x1111, 0x1111, 0x1111, 0x1111, 0xffff, 0xffff, 0xffff, 0xffff, 0xffff, 0xffff, 0xffff, 0xffff, 0xffff, 0xffff,
  /* Character 0x9f */ 
   0x1111, 0x1111, 0x1111, 0x1111, 0x0101, 0x1111, 0x1110, 0x2020, 0x1111, 0x1110, 0x2220, 0x1111, 0x1110, 0x2020, 0x1111, 0x1110,
   0x2020, 0x1111, 0x1110, 0x2020, 0x1111, 0x1100, 0x0000, 0x0111, 0x1022, 0x2222, 0x2011, 0x1100, 0x0000, 0x0111, 0x1110, 0x0220,
   0x1111, 0x1110, 0x2001, 0x1111, 0x1110, 0x2220, 0x1111, 0x1111, 0x0020, 0x1111, 0x1110, 0x2220, 0x1111, 0x1111, 0x0001, 0x1111,
   0x1111, 0x1111, 0x1111, 0x1111, 0x1111, 0x1111, 0xffff, 0xffff, 0xffff, 0xffff, 0xffff, 0xffff, 0xffff, 0xffff, 0xffff, 0xffff,
  /* Character 0xa0 */ 
   0x1111, 0x1111, 0x1111, 0x1111, 0x1111, 0x1111, 0x1111, 0x1111, 0x1111, 0x1111, 0x1111, 0x1111, 0x1111, 0x1111, 0x1111, 0x1111,
   0x1111, 0x1111, 0x1111, 0x1111, 0x1111, 0x1111, 0x1111, 0x1111, 0x1111, 0x1111, 0x1111, 0x1111, 0x1111, 0x1111, 0x1111, 0x1111,
   0x1111, 0x1001, 0x1111, 0x1111, 0x1100, 0x0111, 0x1111, 0x1100, 0x0011, 0x1111, 0x1100, 0x0000, 0x1111, 0x1110, 0x1100, 0x0011,
   0x1110, 0x0111, 0x0000, 0x1111, 0x0111, 0x1100, 0xffff, 0xffff, 0xffff, 0xffff, 0xffff, 0xffff, 0xffff, 0xffff, 0xffff, 0xffff,
  /* Character 0xa1 */ 
   0x1111, 0x1111, 0x1111, 0x1111, 0x1111, 0x1111, 0x1111, 0x1111, 0x1111, 0x1111, 0x1111, 0x1111, 0x1111, 0x1111, 0x1111, 0x1111,
   0x1111, 0x1111, 0x1111, 0x1111, 0x1111, 0x1111, 0x1111, 0x1111, 0x1111, 0x1111, 0x1111, 0x1111, 0x1111, 0x1111, 0x1111, 0x1111,
   0x1111, 0x1111, 0x1111, 0x1111, 0x1111, 0x1111, 0x1111, 0x1111, 0x1111, 0x1111, 0x1111, 0x1111, 0x1111, 0x1111, 0x1111, 0x1111,
   0x1111, 0x1111, 0x1111, 0x0111, 0x1111, 0x1111, 0xffff, 0xffff, 0xffff, 0xffff, 0xffff, 0xffff, 0xffff, 0xffff, 0xffff, 0xffff,
  /* Character 0xa2 */ 
   0x1111, 0x1111, 0x1111, 0x1111, 0x1111, 0x1111, 0x1111, 0x1111, 0x1111, 0x1111, 0x1111, 0x1111, 0x1111, 0x1111, 0x1111, 0x1111,
   0x1111, 0x1111, 0x1111, 0x1111, 0x1111, 0x1111, 0x1111, 0x1111, 0x1111, 0x1111, 0x1111, 0x1111, 0x1111, 0x1111, 0x1111, 0x1111,
   0x1111, 0x1111, 0x1111, 0x1111, 0x1111, 0x1111, 0x1111, 0x1111, 0x1111, 0x1111, 0x1111, 0x1111, 0x1111, 0x1111, 0x1111, 0x1111,
   0x1111, 0x1111, 0x1111, 0x1111, 0x1111, 0x1111, 0xffff, 0xffff, 0xffff, 0xffff, 0xffff, 0xffff, 0xffff, 0xffff, 0xffff, 0xffff,
  /* Character 0xa3 */ 
   0x1111, 0x1111, 0x1111, 0x1111, 0x1111, 0x1111, 0x1111, 0x1111, 0x1111, 0x1111, 0x1111, 0x1111, 0x1111, 0x1111, 0x1111, 0x1111,
   0x1111, 0x1111, 0x1111, 0x1111, 0x1111, 0x1111, 0x1111, 0x1111, 0x1111, 0x1111, 0x1111, 0x1111, 0x1111, 0x1111, 0x1111, 0x1111,
   0x1111, 0x1111, 0x1111, 0x1111, 0x1111, 0x1111, 0x1111, 0x1111, 0x1111, 0x1111, 0x1111, 0x1111, 0x1111, 0x1111, 0x1111, 0x1111,
   0x1111, 0x1111, 0x1111, 0x1111, 0x1111, 0x1111, 0xffff, 0xffff, 0xffff, 0xffff, 0xffff, 0xffff, 0xffff, 0xffff, 0xffff, 0xffff,
  /* Character 0xa4 */ 
   0x1111, 0x1111, 0x1111, 0x1111, 0x1111, 0x1111, 0x1111, 0x1111, 0x1111, 0x1111, 0x1111, 0x1111, 0x1111, 0x1111, 0x1111, 0x1111,
   0x1111, 0x1111, 0x1111, 0x1111, 0x1111, 0x1111, 0x1111, 0x1111, 0x1111, 0x1111, 0x1111, 0x1111, 0x1111, 0x1111, 0x1111, 0x1111,
   0x1111, 0x1111, 0x1111, 0x1111, 0x1111, 0x1111, 0x1111, 0x1111, 0x1111, 0x1111, 0x1111, 0x1111, 0x1111, 0x1111, 0x1111, 0x1111,
   0x1111, 0x1111, 0x1111, 0x1111, 0x1111, 0x1111, 0xffff, 0xffff, 0xffff, 0xffff, 0xffff, 0xffff, 0xffff, 0xffff, 0xffff, 0xffff,
  /* Character 0xa5 */ 
   0x1111, 0x1111, 0x1111, 0x1111, 0x1111, 0x1111, 0x1111, 0x1111, 0x1111, 0x1111, 0x1111, 0x1111, 0x1111, 0x1111, 0x1111, 0x1111,
   0x1111, 0x1111, 0x1111, 0x1111, 0x1111, 0x1111, 0x1111, 0x1111, 0x1111, 0x1111, 0x1111, 0x1111, 0x1111, 0x1111, 0x1111, 0x1111,
   0x1111, 0x1111, 0x1111, 0x1111, 0x1111, 0x1111, 0x1111, 0x1111, 0x1111, 0x1111, 0x1111, 0x1111, 0x1111, 0x1111, 0x1111, 0x1111,
   0x1111, 0x1111, 0x1111, 0x1111, 0x1111, 0x1111, 0xffff, 0xffff, 0xffff, 0xffff, 0xffff, 0xffff, 0xffff, 0xffff, 0xffff, 0xffff,
  /* Character 0xa6 */ 
   0x1111, 0x1111, 0x1111, 0x1111, 0x1111, 0x1111, 0x1111, 0x1111, 0x1111, 0x1111, 0x1111, 0x1111, 0x1111, 0x1111, 0x1111, 0x1111,
   0x1111, 0x1111, 0x1111, 0x1111, 0x1111, 0x1111, 0x1111, 0x1111, 0x1111, 0x1111, 0x1111, 0x1111, 0x1111, 0x1111, 0x1111, 0x1111,
   0x1111, 0x1111, 0x1111, 0x1111, 0x1111, 0x1111, 0x1111, 0x1111, 0x1111, 0x1111, 0x1111, 0x1111, 0x1111, 0x1111, 0x1111, 0x1111,
   0x1111, 0x1111, 0x1111, 0x1111, 0x1111, 0x1111, 0xffff, 0xffff, 0xffff, 0xffff, 0xffff, 0xffff, 0xffff, 0xffff, 0xffff, 0xffff,
  /* Character 0xa7 */ 
   0x1111, 0x1111, 0x1111, 0x1111, 0x1111, 0x1111, 0x1111, 0x1111, 0x1111, 0x1111, 0x1111, 0x1111, 0x1111, 0x1111, 0x1111, 0x1111,
   0x1111, 0x1111, 0x1111, 0x1111, 0x1111, 0x1111, 0x1111, 0x1111, 0x1111, 0x1111, 0x1111, 0x1111, 0x1111, 0x1111, 0x1111, 0x1111,
   0x1111, 0x1111, 0x1111, 0x1111, 0x1111, 0x1111, 0x1111, 0x1111, 0x1111, 0x1111, 0x1111, 0x1111, 0x1111, 0x1111, 0x1111, 0x1111,
   0x1111, 0x1111, 0x1111, 0x1111, 0x1111, 0x1111, 0xffff, 0xffff, 0xffff, 0xffff, 0xffff, 0xffff, 0xffff, 0xffff, 0xffff, 0xffff,
  /* Character 0xa8 */ 
   0x1111, 0x1111, 0x1111, 0x1111, 0x1111, 0x1111, 0x1111, 0x1111, 0x1111, 0x1111, 0x1111, 0x1111, 0x1111, 0x1111, 0x1111, 0x1111,
   0x1111, 0x1111, 0x1111, 0x1111, 0x1111, 0x1111, 0x1111, 0x1111, 0x1111, 0x1111, 0x1111, 0x1111, 0x1111, 0x1111, 0x1111, 0x1111,
   0x1111, 0x1111, 0x1111, 0x1111, 0x1111, 0x1111, 0x1111, 0x1111, 0x1111, 0x1111, 0x1111, 0x1111, 0x1111, 0x1111, 0x1111, 0x1111,
   0x1111, 0x1111, 0x1111, 0x1111, 0x1111, 0x1111, 0xffff, 0xffff, 0xffff, 0xffff, 0xffff, 0xffff, 0xffff, 0xffff, 0xffff, 0xffff,
  /* Character 0xa9 */ 
   0x1111, 0x1111, 0x1111, 0x1111, 0x1111, 0x1111, 0x1111, 0x1111, 0x1111, 0x1111, 0x1111, 0x1111, 0x1111, 0x1111, 0x1111, 0x1111,
   0x1111, 0x1111, 0x1111, 0x1111, 0x1111, 0x1111, 0x1111, 0x1111, 0x1111, 0x1111, 0x1111, 0x1111, 0x1111, 0x1111, 0x1111, 0x1111,
   0x1111, 0x1111, 0x1111, 0x1111, 0x1111, 0x1111, 0x1111, 0x1111, 0x1111, 0x1111, 0x1111, 0x1111, 0x1111, 0x1111, 0x1111, 0x1111,
   0x1111, 0x1111, 0x1111, 0x1111, 0x1111, 0x1111, 0xffff, 0xffff, 0xffff, 0xffff, 0xffff, 0xffff, 0xffff, 0xffff, 0xffff, 0xffff,
  /* Character 0xaa */ 
   0x1111, 0x1111, 0x1111, 0x1111, 0x1111, 0x1111, 0x1111, 0x1111, 0x1111, 0x1111, 0x1111, 0x1111, 0x1111, 0x1111, 0x1111, 0x1111,
   0x1111, 0x1111, 0x1111, 0x1111, 0x1111, 0x1111, 0x1111, 0x1111, 0x1111, 0x1111, 0x1111, 0x1111, 0x1111, 0x1111, 0x1111, 0x1111,
   0x1111, 0x1111, 0x1111, 0x1111, 0x1111, 0x1111, 0x1111, 0x1111, 0x1111, 0x1111, 0x1111, 0x1111, 0x1111, 0x1111, 0x1111, 0x1111,
   0x1111, 0x1111, 0x1111, 0x1111, 0x1111, 0x1111, 0xffff, 0xffff, 0xffff, 0xffff, 0xffff, 0xffff, 0xffff, 0xffff, 0xffff, 0xffff,
  /* Character 0xab */ 
   0x1111, 0x1111, 0x1111, 0x1111, 0x1111, 0x1111, 0x1111, 0x1111, 0x1111, 0x1111, 0x1111, 0x1111, 0x1111, 0x1111, 0x1111, 0x1111,
   0x1111, 0x1111, 0x1111, 0x1111, 0x1111, 0x1111, 0x1111, 0x1111, 0x1111, 0x1111, 0x1111, 0x1111, 0x1111, 0x1111, 0x1111, 0x1111,
   0x1111, 0x1111, 0x1111, 0x1111, 0x1111, 0x1111, 0x1111, 0x1111, 0x1111, 0x1111, 0x1111, 0x1111, 0x1111, 0x1111, 0x1111, 0x1111,
   0x1111, 0x1111, 0x1111, 0x1111, 0x1111, 0x1111, 0xffff, 0xffff, 0xffff, 0xffff, 0xffff, 0xffff, 0xffff, 0xffff, 0xffff, 0xffff,
  /* Character 0xac */ 
   0x1111, 0x1111, 0x1111, 0x1111, 0x1111, 0x1111, 0x1111, 0x1111, 0x1111, 0x1111, 0x1111, 0x1111, 0x1111, 0x1111, 0x1111, 0x1111,
   0x1111, 0x1111, 0x1111, 0x1111, 0x1111, 0x1111, 0x1111, 0x1111, 0x1111, 0x1111, 0x1111, 0x1111, 0x1111, 0x1111, 0x1111, 0x1111,
   0x1111, 0x1111, 0x1111, 0x1111, 0x1111, 0x1111, 0x1111, 0x1111, 0x1111, 0x1111, 0x1111, 0x1111, 0x1111, 0x1111, 0x1111, 0x1111,
   0x1111, 0x1111, 0x1111, 0x1111, 0x1111, 0x1111, 0xffff, 0xffff, 0xffff, 0xffff, 0xffff, 0xffff, 0xffff, 0xffff, 0xffff, 0xffff,
  /* Character 0xad */ 
   0x1111, 0x1111, 0x1111, 0x1111, 0x1111, 0x1111, 0x1111, 0x1111, 0x1111, 0x1111, 0x1111, 0x1111, 0x1111, 0x1111, 0x1111, 0x1111,
   0x1111, 0x1111, 0x1111, 0x1111, 0x1111, 0x1111, 0x1111, 0x1111, 0x1111, 0x1111, 0x1111, 0x1111, 0x1111, 0x1111, 0x1111, 0x1111,
   0x1111, 0x1111, 0x1111, 0x1111, 0x1111, 0x1111, 0x1111, 0x1111, 0x1111, 0x1111, 0x1111, 0x1111, 0x1111, 0x1111, 0x1111, 0x1111,
   0x1111, 0x1111, 0x1111, 0x1111, 0x1111, 0x1111, 0xffff, 0xffff, 0xffff, 0xffff, 0xffff, 0xffff, 0xffff, 0xffff, 0xffff, 0xffff,
  /* Character 0xae */ 
   0x1111, 0x1111, 0x1111, 0x1111, 0x1111, 0x1111, 0x1111, 0x1111, 0x1111, 0x1111, 0x1111, 0x1111, 0x1111, 0x1111, 0x1111, 0x1111,
   0x1111, 0x1111, 0x1111, 0x1111, 0x1111, 0x1111, 0x1111, 0x1111, 0x1111, 0x1111, 0x1111, 0x1111, 0x1111, 0x1111, 0x1111, 0x1111,
   0x1111, 0x1111, 0x1111, 0x1111, 0x1111, 0x1111, 0x1111, 0x1111, 0x1111, 0x1111, 0x1111, 0x1111, 0x1111, 0x1111, 0x1111, 0x1111,
   0x1111, 0x1111, 0x1111, 0x1111, 0x1111, 0x1111, 0xffff, 0xffff, 0xffff, 0xffff, 0xffff, 0xffff, 0xffff, 0xffff, 0xffff, 0xffff,
  /* Character 0xaf */ 
   0x1111, 0x1111, 0x1111, 0x1111, 0x1111, 0x1111, 0x1111, 0x1111, 0x1111, 0x1111, 0x1111, 0x1111, 0x1111, 0x1111, 0x1111, 0x1111,
   0x1111, 0x1111, 0x1111, 0x1111, 0x1111, 0x1111, 0x1111, 0x1111, 0x1111, 0x1111, 0x1111, 0x1111, 0x1111, 0x1111, 0x1111, 0x1111,
   0x1111, 0x1111, 0x1111, 0x1111, 0x1111, 0x1111, 0x1111, 0x1111, 0x1111, 0x1111, 0x1111, 0x1111, 0x1111, 0x1111, 0x1111, 0x1111,
   0x1111, 0x1111, 0x1111, 0x1111, 0x1111, 0x1111, 0xffff, 0xffff, 0xffff, 0xffff, 0xffff, 0xffff, 0xffff, 0xffff, 0xffff, 0xffff,
  /* Character 0xb0 */ 
   0x1111, 0x1111, 0x1111, 0x1111, 0x1111, 0x1111, 0x1111, 0x1111, 0x1111, 0x1111, 0x1111, 0x1111, 0x1111, 0x1111, 0x1111, 0x1111,
   0x1111, 0x1111, 0x1111, 0x1111, 0x1111, 0x1111, 0x1111, 0x1111, 0x1111, 0x1111, 0x1111, 0x1111, 0x1111, 0x1111, 0x1111, 0x1111,
   0x1111, 0x1111, 0x1111, 0x1111, 0x1111, 0x1111, 0x1111, 0x1111, 0x1111, 0x1111, 0x1111, 0x1111, 0x1111, 0x1111, 0x1111, 0x1111,
   0x1111, 0x1111, 0x1111, 0x1111, 0x1111, 0x1111, 0xffff, 0xffff, 0xffff, 0xffff, 0xffff, 0xffff, 0xffff, 0xffff, 0xffff, 0xffff,
  /* Character 0xb1 */ 
   0x1111, 0x1111, 0x1111, 0x1111, 0x1111, 0x1111, 0x1111, 0x1111, 0x1111, 0x1111, 0x1111, 0x1111, 0x1111, 0x1111, 0x1111, 0x1111,
   0x1111, 0x1111, 0x1111, 0x1111, 0x1111, 0x1111, 0x1111, 0x1111, 0x1111, 0x1111, 0x1111, 0x1111, 0x1111, 0x1111, 0x1111, 0x1111,
   0x1111, 0x1111, 0x1111, 0x1111, 0x1111, 0x1111, 0x1111, 0x1111, 0x1111, 0x1111, 0x1111, 0x1111, 0x1111, 0x1111, 0x1111, 0x1111,
   0x1111, 0x1111, 0x1111, 0x1111, 0x1111, 0x1111, 0xffff, 0xffff, 0xffff, 0xffff, 0xffff, 0xffff, 0xffff, 0xffff, 0xffff, 0xffff,
  /* Character 0xb2 */ 
   0x1111, 0x1111, 0x1111, 0x1111, 0x1111, 0x1111, 0x1111, 0x1111, 0x1111, 0x1111, 0x1111, 0x1111, 0x1111, 0x1111, 0x1111, 0x1111,
   0x1111, 0x1111, 0x1111, 0x1111, 0x1111, 0x1111, 0x1111, 0x1111, 0x1111, 0x1111, 0x1111, 0x1111, 0x1111, 0x1111, 0x1111, 0x1111,
   0x1111, 0x1111, 0x1111, 0x1111, 0x1111, 0x1111, 0x1111, 0x1111, 0x1111, 0x1111, 0x1111, 0x1111, 0x1111, 0x1111, 0x1111, 0x1111,
   0x1111, 0x1111, 0x1111, 0x1111, 0x1111, 0x1111, 0xffff, 0xffff, 0xffff, 0xffff, 0xffff, 0xffff, 0xffff, 0xffff, 0xffff, 0xffff,
  /* Character 0xb3 */ 
   0x1111, 0x1111, 0x1111, 0x1111, 0x1111, 0x1111, 0x1111, 0x1111, 0x1111, 0x1111, 0x1111, 0x1111, 0x1111, 0x1111, 0x1111, 0x1111,
   0x1111, 0x1111, 0x1111, 0x1111, 0x1111, 0x1111, 0x1111, 0x1111, 0x1111, 0x1111, 0x1111, 0x1111, 0x1111, 0x1111, 0x1111, 0x1111,
   0x1111, 0x1111, 0x1111, 0x1111, 0x1111, 0x1111, 0x1111, 0x1111, 0x1111, 0x1111, 0x1111, 0x1111, 0x1111, 0x1111, 0x1111, 0x1111,
   0x1111, 0x1111, 0x1111, 0x1111, 0x1111, 0x1111, 0xffff, 0xffff, 0xffff, 0xffff, 0xffff, 0xffff, 0xffff, 0xffff, 0xffff, 0xffff,
  /* Character 0xb4 */ 
   0x1111, 0x1111, 0x1111, 0x1111, 0x1111, 0x1111, 0x1111, 0x1111, 0x1111, 0x1111, 0x1111, 0x1111, 0x1111, 0x1111, 0x1111, 0x1111,
   0x1111, 0x1111, 0x1111, 0x1111, 0x1111, 0x1111, 0x1111, 0x1111, 0x1111, 0x1111, 0x1111, 0x1111, 0x1111, 0x1111, 0x1111, 0x1111,
   0x1111, 0x1111, 0x1111, 0x1111, 0x1111, 0x1111, 0x1111, 0x1111, 0x1111, 0x1111, 0x1111, 0x1111, 0x1111, 0x1111, 0x1111, 0x1111,
   0x1111, 0x1111, 0x1111, 0x1111, 0x1111, 0x1111, 0xffff, 0xffff, 0xffff, 0xffff, 0xffff, 0xffff, 0xffff, 0xffff, 0xffff, 0xffff,
  /* Character 0xb5 */ 
   0x1111, 0x1111, 0x1111, 0x1111, 0x1111, 0x1111, 0x1111, 0x1111, 0x1111, 0x1111, 0x1111, 0x1111, 0x1111, 0x1111, 0x1111, 0x1111,
   0x1111, 0x1111, 0x1111, 0x1111, 0x1111, 0x1111, 0x1111, 0x1111, 0x1111, 0x1111, 0x1111, 0x1111, 0x1111, 0x1111, 0x1111, 0x1111,
   0x1111, 0x1111, 0x1111, 0x1111, 0x1111, 0x1111, 0x1111, 0x1111, 0x1111, 0x1111, 0x1111, 0x1111, 0x1111, 0x1111, 0x1111, 0x1111,
   0x1111, 0x1111, 0x1111, 0x1111, 0x1111, 0x1111, 0xffff, 0xffff, 0xffff, 0xffff, 0xffff, 0xffff, 0xffff, 0xffff, 0xffff, 0xffff,
  /* Character 0xb6 */ 
   0x1111, 0x1111, 0x1111, 0x1111, 0x1111, 0x1111, 0x1111, 0x1111, 0x1111, 0x1111, 0x1111, 0x1111, 0x1111, 0x1111, 0x1111, 0x1111,
   0x1111, 0x1111, 0x1111, 0x1111, 0x1111, 0x1111, 0x1111, 0x1111, 0x1111, 0x1111, 0x1111, 0x1111, 0x1111, 0x1111, 0x1111, 0x1111,
   0x1111, 0x1111, 0x1111, 0x1111, 0x1111, 0x1111, 0x1111, 0x1111, 0x1111, 0x1111, 0x1111, 0x1111, 0x1111, 0x1111, 0x1111, 0x1111,
   0x1111, 0x1111, 0x1111, 0x1111, 0x1111, 0x1111, 0xffff, 0xffff, 0xffff, 0xffff, 0xffff, 0xffff, 0xffff, 0xffff, 0xffff, 0xffff,
  /* Character 0xb7 */ 
   0x1111, 0x1111, 0x1111, 0x1111, 0x1111, 0x1111, 0x1111, 0x1111, 0x1111, 0x1111, 0x1111, 0x1111, 0x1111, 0x1111, 0x1111, 0x1111,
   0x1111, 0x1111, 0x1111, 0x1111, 0x1111, 0x1111, 0x1111, 0x1111, 0x1111, 0x1111, 0x1111, 0x1111, 0x1111, 0x1111, 0x1111, 0x1111,
   0x1111, 0x1111, 0x1111, 0x1111, 0x1111, 0x1111, 0x1111, 0x1111, 0x1111, 0x1111, 0x1111, 0x1111, 0x1111, 0x1111, 0x1111, 0x1111,
   0x1111, 0x1111, 0x1111, 0x1111, 0x1111, 0x1111, 0xffff, 0xffff, 0xffff, 0xffff, 0xffff, 0xffff, 0xffff, 0xffff, 0xffff, 0xffff,
  /* Character 0xb8 */ 
   0x1011, 0x0011, 0x1110, 0x1000, 0x0011, 0x1111, 0x1100, 0x0011, 0x1111, 0x1100, 0x0001, 0x1111, 0x1110, 0x1111, 0x1111, 0x1110,
   0x0111, 0x1111, 0x1111, 0x0111, 0x1111, 0x1111, 0x0011, 0x1111, 0x1111, 0x1001, 0x1111, 0x1111, 0x1101, 0x1111, 0x1111, 0x1100,
   0x1111, 0x1111, 0x1110, 0x1111, 0x1111, 0x1110, 0x0111, 0x1111, 0x1111, 0x0011, 0x1111, 0x1111, 0x1011, 0x1111, 0x1111, 0x1100,
   0x1111, 0x1111, 0x1110, 0x1111, 0x1111, 0x1111, 0xffff, 0xffff, 0xffff, 0xffff, 0xffff, 0xffff, 0xffff, 0xffff, 0xffff, 0xffff,
  /* Character 0xb9 */ 
   0x0001, 0x1111, 0x1111, 0x1000, 0x0111, 0x1111, 0x1110, 0x0001, 0x1111, 0x1111, 0x1000, 0x0111, 0x1111, 0x1100, 0x0011, 0x1111,
   0x1111, 0x0000, 0x1111, 0x1111, 0x1100, 0x1111, 0x1111, 0x1111, 0x1111, 0x1111, 0x1111, 0x1111, 0x1011, 0x1111, 0x1111, 0x1110,
   0x0111, 0x1111, 0x1111, 0x1001, 0x1111, 0x1111, 0x1110, 0x1111, 0x1111, 0x1111, 0x1111, 0x1111, 0x1111, 0x1111, 0x1111, 0x1111,
   0x0111, 0x1111, 0x1111, 0x0001, 0x1111, 0x1111, 0xffff, 0xffff, 0xffff, 0xffff, 0xffff, 0xffff, 0xffff, 0xffff, 0xffff, 0xffff,
  /* Character 0xba */ 
   0x1111, 0x1111, 0x1111, 0x1111, 0x1111, 0x1111, 0x1111, 0x1111, 0x1111, 0x1111, 0x1111, 0x1111, 0x1111, 0x1111, 0x1111, 0x1111,
   0x1111, 0x1111, 0x0011, 0x1111, 0x1111, 0x0000, 0x1111, 0x1111, 0x1100, 0x0111, 0x1111, 0x1110, 0x0001, 0x1111, 0x1111, 0x1000,
   0x0111, 0x1111, 0x1110, 0x0001, 0x0111, 0x1111, 0x1000, 0x0000, 0x1111, 0x1110, 0x1100, 0x0011, 0x1110, 0x1111, 0x0000, 0x1110,
   0x1111, 0x1100, 0x0077, 0x1111, 0x1107, 0x0777, 0xffff, 0xffff, 0xffff, 0xffff, 0xffff, 0xffff, 0xffff, 0xffff, 0xffff, 0xffff,
  /* Character 0xbb */ 
   0x1111, 0x1111, 0x1111, 0x1111, 0x1111, 0x1111, 0x1111, 0x1111, 0x1111, 0x1111, 0x1111, 0x1111, 0x1111, 0x1111, 0x1111, 0x1111,
   0x1011, 0x1111, 0x1111, 0x1110, 0x1111, 0x1111, 0x1111, 0x0011, 0x1111, 0x1111, 0x1100, 0x1111, 0x1111, 0x1100, 0x1111, 0x1111,
   0x0000, 0x1111, 0x1110, 0x0000, 0x0111, 0x1110, 0x0000, 0x0011, 0x1110, 0x0000, 0x7777, 0x1110, 0x0000, 0x0777, 0x0000, 0x0000,
   0x7777, 0x7000, 0x0000, 0x7700, 0x0000, 0x0000, 0xffff, 0xffff, 0xffff, 0xffff, 0xffff, 0xffff, 0xffff, 0xffff, 0xffff, 0xffff,
  /* Character 0xbc */ 
   0x1111, 0x1111, 0x1111, 0x1111, 0x1111, 0x1111, 0x1111, 0x1111, 0x1111, 0x1111, 0x1111, 0x1111, 0x1111, 0x1111, 0x1111, 0x1111,
   0x1111, 0x1111, 0x1111, 0x1111, 0x1111, 0x1111, 0x1111, 0x1111, 0x1111, 0x1111, 0x1111, 0x0011, 0x1111, 0x1111, 0x0001, 0x1111,
   0x1111, 0x0000, 0x0111, 0x1111, 0x0000, 0x0011, 0x1111, 0x0000, 0x0001, 0x1111, 0x0001, 0x1000, 0x1111, 0x0011, 0x1110, 0x0111,
   0x0011, 0x1111, 0x0011, 0x0001, 0x1111, 0x1001, 0xffff, 0xffff, 0xffff, 0xffff, 0xffff, 0xffff, 0xffff, 0xffff, 0xffff, 0xffff,
  /* Character 0xbd */ 
   0x1111, 0x1111, 0x1111, 0x1111, 0x1111, 0x1111, 0x1111, 0x1111, 0x1111, 0x1111, 0x1111, 0x1111, 0x1111, 0x1111, 0x1111, 0x1111,
   0x1111, 0x1111, 0x1111, 0x1111, 0x1111, 0x1111, 0x1111, 0x1111, 0x1111, 0x1111, 0x1111, 0x1111, 0x1111, 0x1111, 0x1111, 0x1111,
   0x1111, 0x1111, 0x1111, 0x1111, 0x1111, 0x1111, 0x1111, 0x1111, 0x1111, 0x1111, 0x1111, 0x1111, 0x1111, 0x1111, 0x1111, 0x1111,
   0x1111, 0x1111, 0x1111, 0x1111, 0x1111, 0x1111, 0xffff, 0xffff, 0xffff, 0xffff, 0xffff, 0xffff, 0xffff, 0xffff, 0xffff, 0xffff,
  /* Character 0xbe */ 
   0x1111, 0x1111, 0x1111, 0x1111, 0x1111, 0x1111, 0x1111, 0x1111, 0x1111, 0x1111, 0x1111, 0x1111, 0x1111, 0x1111, 0x1111, 0x1111,
   0x1111, 0x1111, 0x1111, 0x1111, 0x1111, 0x1111, 0x1111, 0x1111, 0x1111, 0x1111, 0x1111, 0x1111, 0x1111, 0x1111, 0x1111, 0x1111,
   0x1111, 0x1111, 0x1111, 0x1111, 0x1111, 0x1111, 0x1111, 0x1111, 0x1111, 0x1111, 0x1111, 0x1111, 0x1111, 0x1111, 0x1111, 0x1111,
   0x1111, 0x1111, 0x1111, 0x1111, 0x1111, 0x1111, 0xffff, 0xffff, 0xffff, 0xffff, 0xffff, 0xffff, 0xffff, 0xffff, 0xffff, 0xffff,
  /* Character 0xbf */ 
   0x1111, 0x1111, 0x1111, 0x1111, 0x1111, 0x1111, 0x1111, 0x1111, 0x1111, 0x1111, 0x1111, 0x1111, 0x1111, 0x1111, 0x1111, 0x1111,
   0x1111, 0x1111, 0x1111, 0x1111, 0x1111, 0x1111, 0x1111, 0x1111, 0x1111, 0x1111, 0x1111, 0x1111, 0x1111, 0x1111, 0x1111, 0x1111,
   0x1111, 0x1111, 0x1111, 0x1111, 0x1111, 0x1111, 0x1111, 0x1111, 0x1111, 0x1111, 0x1111, 0x1111, 0x1111, 0x1111, 0x1111, 0x1111,
   0x1111, 0x1111, 0x1111, 0x7711, 0x1111, 0x1111, 0xffff, 0xffff, 0xffff, 0xffff, 0xffff, 0xffff, 0xffff, 0xffff, 0xffff, 0xffff,
  /* Character 0xc0 */ 
   0x1111, 0x1111, 0x1111, 0x1111, 0x1111, 0x1111, 0x1111, 0x1111, 0x1111, 0x1111, 0x1111, 0x1111, 0x1111, 0x1111, 0x1111, 0x1111,
   0x1111, 0x1111, 0x1111, 0x1111, 0x1111, 0x1111, 0x1111, 0x1111, 0x1111, 0x1111, 0x1111, 0x1111, 0x1111, 0x1111, 0x1111, 0x1111,
   0x1111, 0x1111, 0x1111, 0x1111, 0x1111, 0x1111, 0x1111, 0x1111, 0x1111, 0x1111, 0x1111, 0x1111, 0x1111, 0x1111, 0x1111, 0x1111,
   0x1111, 0x1111, 0x1111, 0x1111, 0x1111, 0x1111, 0xffff, 0xffff, 0xffff, 0xffff, 0xffff, 0xffff, 0xffff, 0xffff, 0xffff, 0xffff,
  /* Character 0xc1 */ 
   0x1111, 0x1111, 0x1111, 0x1111, 0x1111, 0x1111, 0x1111, 0x1111, 0x1111, 0x1111, 0x1111, 0x1111, 0x1111, 0x1111, 0x1111, 0x1111,
   0x1111, 0x1111, 0x1111, 0x1111, 0x1111, 0x1111, 0x1111, 0x1111, 0x1111, 0x1111, 0x1111, 0x1111, 0x1111, 0x1111, 0x1111, 0x1111,
   0x1111, 0x1111, 0x1111, 0x1111, 0x1111, 0x1111, 0x1111, 0x1111, 0x1111, 0x1111, 0x1111, 0x1111, 0x1111, 0x1111, 0x1111, 0x1111,
   0x1111, 0x1111, 0x1111, 0x7111, 0x1111, 0x1111, 0xffff, 0xffff, 0xffff, 0xffff, 0xffff, 0xffff, 0xffff, 0xffff, 0xffff, 0xffff,
  /* Character 0xc2 */ 
   0x1111, 0x1111, 0x1111, 0x1111, 0x1111, 0x1111, 0x1111, 0x1111, 0x1111, 0x1111, 0x1111, 0x1111, 0x1111, 0x1111, 0x1111, 0x1111,
   0x1111, 0x1111, 0x1111, 0x1111, 0x1111, 0x1111, 0x1111, 0x1111, 0x1111, 0x1111, 0x1111, 0x1111, 0x1111, 0x1111, 0x1111, 0x1111,
   0x1111, 0x1111, 0x1111, 0x1111, 0x1111, 0x1111, 0x1111, 0x1111, 0x1111, 0x1111, 0x1111, 0x1111, 0x1111, 0x1111, 0x1111, 0x1111,
   0x1111, 0x1111, 0x1111, 0x1111, 0x7111, 0x1711, 0xffff, 0xffff, 0xffff, 0xffff, 0xffff, 0xffff, 0xffff, 0xffff, 0xffff, 0xffff,
  /* Character 0xc3 */ 
   0x1111, 0x1111, 0x1111, 0x1111, 0x1111, 0x1111, 0x1111, 0x1111, 0x1111, 0x1111, 0x1111, 0x1111, 0x1111, 0x1111, 0x1111, 0x1111,
   0x1111, 0x1111, 0x1111, 0x1111, 0x1111, 0x1111, 0x1111, 0x1111, 0x1111, 0x1111, 0x1111, 0x1111, 0x1111, 0x1111, 0x1111, 0x1111,
   0x1111, 0x1111, 0x1111, 0x1111, 0x1111, 0x1111, 0x1111, 0x1111, 0x1111, 0x1111, 0x1111, 0x1111, 0x1111, 0x1111, 0x1111, 0x1111,
   0x1111, 0x1111, 0x1111, 0x1111, 0x1111, 0x1111, 0xffff, 0xffff, 0xffff, 0xffff, 0xffff, 0xffff, 0xffff, 0xffff, 0xffff, 0xffff,
  /* Character 0xc4 */ 
   0x1111, 0x1111, 0x1111, 0x1111, 0x1111, 0x1111, 0x1111, 0x1111, 0x1111, 0x1111, 0x1111, 0x1111, 0x1111, 0x1111, 0x1111, 0x1111,
   0x1111, 0x1111, 0x1111, 0x1111, 0x1111, 0x1111, 0x1111, 0x1111, 0x1111, 0x1111, 0x1111, 0x1111, 0x1111, 0x1111, 0x1111, 0x1111,
   0x1111, 0x1111, 0x1111, 0x1111, 0x1111, 0x1111, 0x1111, 0x1111, 0x1111, 0x1111, 0x1111, 0x1111, 0x1111, 0x1111, 0x1111, 0x1111,
   0x1111, 0x1111, 0x1111, 0x1171, 0x1111, 0x1177, 0xffff, 0xffff, 0xffff, 0xffff, 0xffff, 0xffff, 0xffff, 0xffff, 0xffff, 0xffff,
  /* Character 0xc5 */ 
   0x1111, 0x1111, 0x1111, 0x1111, 0x1111, 0x1111, 0x1111, 0x1111, 0x1111, 0x1111, 0x1111, 0x1111, 0x1111, 0x1111, 0x1111, 0x1111,
   0x1111, 0x1111, 0x1111, 0x1111, 0x1111, 0x1111, 0x1111, 0x1111, 0x1111, 0x1111, 0x1111, 0x1111, 0x1111, 0x1111, 0x1111, 0x1111,
   0x1111, 0x1111, 0x1111, 0x1111, 0x1111, 0x1111, 0x1111, 0x1111, 0x1111, 0x1111, 0x1111, 0x1111, 0x1111, 0x1111, 0x1111, 0x1111,
   0x1111, 0x1111, 0x1111, 0x1117, 0x1111, 0x1111, 0xffff, 0xffff, 0xffff, 0xffff, 0xffff, 0xffff, 0xffff, 0xffff, 0xffff, 0xffff,
  /* Character 0xc6 */ 
   0x1111, 0x1111, 0x1111, 0x1111, 0x1111, 0x1111, 0x1111, 0x1111, 0x1111, 0x1111, 0x1111, 0x1111, 0x1111, 0x1111, 0x1111, 0x1111,
   0x1111, 0x1111, 0x1111, 0x1111, 0x1111, 0x1111, 0x1111, 0x1111, 0x1111, 0x1111, 0x1111, 0x1111, 0x1111, 0x1111, 0x1111, 0x1111,
   0x1111, 0x1111, 0x1111, 0x1111, 0x1111, 0x1111, 0x1111, 0x1111, 0x1111, 0x1111, 0x1111, 0x1111, 0x1111, 0x1111, 0x1111, 0x1111,
   0x1111, 0x1111, 0x1111, 0x1110, 0x0111, 0x1111, 0xffff, 0xffff, 0xffff, 0xffff, 0xffff, 0xffff, 0xffff, 0xffff, 0xffff, 0xffff,
  /* Character 0xc7 */ 
   0x1111, 0x1111, 0x1111, 0x1111, 0x1111, 0x1111, 0x1111, 0x1111, 0x1111, 0x1111, 0x1111, 0x1111, 0x1111, 0x1111, 0x1111, 0x1111,
   0x1111, 0x1111, 0x1111, 0x1111, 0x1111, 0x1111, 0x1111, 0x1111, 0x1111, 0x1111, 0x1111, 0x1111, 0x1111, 0x1111, 0x1111, 0x1111,
   0x1111, 0x1111, 0x1111, 0x1111, 0x1111, 0x1111, 0x1111, 0x1111, 0x1111, 0x1111, 0x1111, 0x1111, 0x1111, 0x1111, 0x1111, 0x1111,
   0x1111, 0x1111, 0x1111, 0x1111, 0x1101, 0x1110, 0xffff, 0xffff, 0xffff, 0xffff, 0xffff, 0xffff, 0xffff, 0xffff, 0xffff, 0xffff,
  /* Character 0xc8 */ 
   0x1111, 0x1111, 0x1111, 0x1111, 0x1111, 0x1111, 0x1111, 0x1111, 0x1111, 0x1111, 0x1111, 0x1111, 0x1111, 0x1111, 0x1111, 0x1111,
   0x1111, 0x1111, 0x1111, 0x1111, 0x1111, 0x1111, 0x1111, 0x1111, 0x1111, 0x1111, 0x1111, 0x1111, 0x1111, 0x1111, 0x1111, 0x1111,
   0x1111, 0x1111, 0x1111, 0x1111, 0x1111, 0x1111, 0x1111, 0x1111, 0x1111, 0x1111, 0x1111, 0x1111, 0x1111, 0x1111, 0x1111, 0x1111,
   0x1111, 0x1111, 0x1111, 0x0111, 0x0111, 0x1111, 0xffff, 0xffff, 0xffff, 0xffff, 0xffff, 0xffff, 0xffff, 0xffff, 0xffff, 0xffff,
  /* Character 0xc9 */ 
   0x1111, 0x1111, 0x1111, 0x1111, 0x1111, 0x1111, 0x1111, 0x1111, 0x1111, 0x1111, 0x1111, 0x1111, 0x1111, 0x1111, 0x1111, 0x1111,
   0x1111, 0x1111, 0x1111, 0x1111, 0x1111, 0x1111, 0x1111, 0x1111, 0x1111, 0x1111, 0x1111, 0x1111, 0x1111, 0x1111, 0x1111, 0x1111,
   0x1111, 0x1111, 0x1111, 0x1111, 0x1111, 0x1111, 0x1111, 0x1111, 0x1111, 0x1111, 0x1111, 0x1111, 0x1111, 0x1111, 0x1111, 0x1111,
   0x1111, 0x1111, 0x1111, 0x1111, 0x1100, 0x1110, 0xffff, 0xffff, 0xffff, 0xffff, 0xffff, 0xffff, 0xffff, 0xffff, 0xffff, 0xffff,
  /* Character 0xca */ 
   0x1111, 0x1111, 0x1111, 0x1111, 0x1111, 0x1111, 0x1111, 0x1111, 0x1111, 0x1111, 0x1111, 0x1111, 0x1111, 0x1111, 0x1111, 0x1111,
   0x1111, 0x1111, 0x1111, 0x1111, 0x1111, 0x1111, 0x1111, 0x1111, 0x1111, 0x1111, 0x1111, 0x1111, 0x1111, 0x1111, 0x1111, 0x1111,
   0x1111, 0x1111, 0x1111, 0x1111, 0x1111, 0x1111, 0x1111, 0x1111, 0x1111, 0x1111, 0x1111, 0x1111, 0x1111, 0x1111, 0x1111, 0x1111,
   0x1111, 0x1111, 0x1111, 0x1111, 0x1111, 0x1110, 0xffff, 0xffff, 0xffff, 0xffff, 0xffff, 0xffff, 0xffff, 0xffff, 0xffff, 0xffff,
  /* Character 0xcb */ 
   0x1111, 0x1111, 0x1111, 0x1111, 0x1111, 0x1111, 0x1111, 0x1111, 0x1111, 0x1111, 0x1111, 0x1111, 0x1111, 0x1111, 0x1111, 0x1111,
   0x1111, 0x1111, 0x1111, 0x1111, 0x1111, 0x1111, 0x1111, 0x1111, 0x1111, 0x1111, 0x1111, 0x1111, 0x1111, 0x1111, 0x1111, 0x1111,
   0x1111, 0x1111, 0x1111, 0x1111, 0x1111, 0x1111, 0x1111, 0x1111, 0x1111, 0x1111, 0x1111, 0x1111, 0x1111, 0x1111, 0x1111, 0x1111,
   0x1111, 0x1111, 0x1111, 0x0000, 0x0001, 0x1111, 0xffff, 0xffff, 0xffff, 0xffff, 0xffff, 0xffff, 0xffff, 0xffff, 0xffff, 0xffff,
  /* Character 0xcc */ 
   0x1111, 0x1111, 0x1111, 0x1111, 0x1111, 0x1111, 0x1111, 0x1111, 0x1111, 0x1111, 0x1111, 0x1111, 0x1111, 0x1111, 0x1111, 0x1111,
   0x1111, 0x1111, 0x1111, 0x1111, 0x1111, 0x1111, 0x1111, 0x1111, 0x1111, 0x1111, 0x1111, 0x1111, 0x1111, 0x1111, 0x1111, 0x1111,
   0x1111, 0x1111, 0x1111, 0x1111, 0x1111, 0x1111, 0x1111, 0x1111, 0x1111, 0x1111, 0x1111, 0x1111, 0x1111, 0x1111, 0x1111, 0x1111,
   0x1111, 0x1111, 0x1111, 0x1111, 0x1101, 0x1101, 0xffff, 0xffff, 0xffff, 0xffff, 0xffff, 0xffff, 0xffff, 0xffff, 0xffff, 0xffff,
  /* Character 0xcd */ 
   0x1111, 0x1111, 0x1111, 0x1111, 0x1111, 0x1111, 0x1111, 0x1111, 0x1111, 0x1111, 0x1111, 0x1111, 0x1111, 0x1111, 0x1111, 0x1111,
   0x1111, 0x1111, 0x1111, 0x1111, 0x1111, 0x1111, 0x1111, 0x1111, 0x1111, 0x1111, 0x1111, 0x1111, 0x1111, 0x1111, 0x1111, 0x1111,
   0x1111, 0x1111, 0x1111, 0x1111, 0x1111, 0x1111, 0x1111, 0x1111, 0x1111, 0x1111, 0x1111, 0x1111, 0x1111, 0x1111, 0x1111, 0x1111,
   0x1111, 0x1111, 0x1111, 0x1111, 0x1110, 0x0110, 0xffff, 0xffff, 0xffff, 0xffff, 0xffff, 0xffff, 0xffff, 0xffff, 0xffff, 0xffff,
  /* Character 0xce */ 
   0x1111, 0x1111, 0x1111, 0x1111, 0x1111, 0x1111, 0x1111, 0x1111, 0x1111, 0x1111, 0x1111, 0x1111, 0x1111, 0x1111, 0x1111, 0x1111,
   0x1111, 0x1111, 0x1111, 0x1111, 0x1111, 0x1111, 0x1111, 0x1111, 0x1111, 0x1111, 0x1111, 0x1111, 0x1111, 0x1111, 0x1111, 0x1111,
   0x1111, 0x1111, 0x1111, 0x1111, 0x1111, 0x1111, 0x1111, 0x1111, 0x1111, 0x1111, 0x1111, 0x1111, 0x1111, 0x1111, 0x1111, 0x1111,
   0x1111, 0x1111, 0x1111, 0x0111, 0x1011, 0x1111, 0xffff, 0xffff, 0xffff, 0xffff, 0xffff, 0xffff, 0xffff, 0xffff, 0xffff, 0xffff,
  /* Character 0xcf */ 
   0x1111, 0x1111, 0x1111, 0x1111, 0x1111, 0x1111, 0x1111, 0x1111, 0x1111, 0x1111, 0x1111, 0x1111, 0x1111, 0x1111, 0x1111, 0x1111,
   0x1111, 0x1111, 0x1111, 0x1111, 0x1111, 0x1111, 0x1111, 0x1111, 0x1111, 0x1111, 0x1111, 0x1111, 0x1111, 0x1111, 0x1111, 0x1111,
   0x1111, 0x1111, 0x1111, 0x1111, 0x1111, 0x1111, 0x1111, 0x1111, 0x1111, 0x1111, 0x1111, 0x1111, 0x1111, 0x1111, 0x1111, 0x1111,
   0x1111, 0x1111, 0x1111, 0x1111, 0x1111, 0x1101, 0xffff, 0xffff, 0xffff, 0xffff, 0xffff, 0xffff, 0xffff, 0xffff, 0xffff, 0xffff,
  /* Character 0xd0 */ 
   0x1111, 0x1111, 0x1111, 0x1111, 0x1111, 0x1111, 0x1111, 0x1111, 0x1111, 0x1111, 0x1111, 0x1111, 0x1111, 0x1111, 0x1111, 0x1111,
   0x1111, 0x1111, 0x1111, 0x1111, 0x1111, 0x1111, 0x1111, 0x1111, 0x1111, 0x1111, 0x1111, 0x1111, 0x1111, 0x1111, 0x1111, 0x1111,
   0x1111, 0x1111, 0x1111, 0x1111, 0x1111, 0x1111, 0x1111, 0x1111, 0x1111, 0x1111, 0x1111, 0x1111, 0x1111, 0x1111, 0x1111, 0x1111,
   0x1111, 0x1111, 0x1111, 0x1111, 0x1111, 0x1111, 0xffff, 0xffff, 0xffff, 0xffff, 0xffff, 0xffff, 0xffff, 0xffff, 0xffff, 0xffff,
  /* Character 0xd1 */ 
   0x1100, 0x0000, 0x1111, 0x1111, 0x1000, 0x0000, 0x1111, 0x1111, 0x1111, 0x1111, 0x1111, 0x1111, 0x1111, 0x1111, 0x1111, 0x1111,
   0x1111, 0x1111, 0x1111, 0x1111, 0x1111, 0x1111, 0x1111, 0x1111, 0x1111, 0x1111, 0x1111, 0x1111, 0x1111, 0x1111, 0x1111, 0x1111,
   0x1111, 0x1111, 0x1111, 0x1111, 0x1111, 0x1111, 0x1111, 0x1111, 0x1111, 0x1111, 0x1111, 0x1111, 0x1111, 0x1111, 0x1111, 0x1111,
   0x1111, 0x1111, 0x1111, 0x1111, 0x1111, 0x1111, 0xffff, 0xffff, 0xffff, 0xffff, 0xffff, 0xffff, 0xffff, 0xffff, 0xffff, 0xffff,
  /* Character 0xd2 */ 
   0x1000, 0x0000, 0x7777, 0x0000, 0x0017, 0x7777, 0x1111, 0x1111, 0x7777, 0x1111, 0x1111, 0x7777, 0x1111, 0x1111, 0x7777, 0x1111,
   0x1111, 0x7777, 0x1111, 0x1111, 0x7777, 0x1111, 0x1111, 0x1777, 0x1111, 0x1111, 0x1777, 0x1111, 0x1111, 0x1000, 0x1111, 0x1110,
   0x0000, 0x1111, 0x1100, 0x0000, 0x1111, 0x1000, 0x0000, 0x1111, 0x1000, 0x0000, 0x1111, 0x0700, 0x0000, 0x1111, 0x7777, 0x0700,
   0x1111, 0x7777, 0x7777, 0x1111, 0x7777, 0x7777, 0xffff, 0xffff, 0xffff, 0xffff, 0xffff, 0xffff, 0xffff, 0xffff, 0xffff, 0xffff,
  /* Character 0xd3 */ 
   0x7700, 0x0000, 0x0000, 0x7000, 0x0000, 0x0000, 0x7000, 0x0000, 0x0011, 0x7000, 0x0000, 0x0011, 0x7000, 0x0000, 0x0111, 0x7000,
   0x0000, 0x0111, 0x7700, 0x0001, 0x1111, 0x7000, 0x0011, 0x1111, 0x0000, 0x1111, 0x1111, 0x0000, 0x0111, 0x1111, 0x0000, 0x0011,
   0x1111, 0x0000, 0x0000, 0x1111, 0x0000, 0x0000, 0x0011, 0x0000, 0x0000, 0x0001, 0x0000, 0x0000, 0x0000, 0x0000, 0x0000, 0x0000,
   0x7000, 0x0000, 0x0000, 0x0000, 0x0000, 0x0000, 0xffff, 0xffff, 0xffff, 0xffff, 0xffff, 0xffff, 0xffff, 0xffff, 0xffff, 0xffff,
  /* Character 0xd4 */ 
   0x0000, 0x1111, 0x1101, 0x0000, 0x0011, 0x1100, 0x0000, 0x0000, 0x0100, 0x1100, 0x0000, 0x0000, 0x1111, 0x1111, 0x1100, 0x1111,
   0x1111, 0x1111, 0x1111, 0x1111, 0x1111, 0x1111, 0x1111, 0x1111, 0x1111, 0x1111, 0x1111, 0x1111, 0x1111, 0x1111, 0x1111, 0x1111,
   0x1111, 0x1111, 0x1111, 0x1111, 0x1111, 0x1111, 0x1111, 0x1111, 0x1111, 0x1111, 0x0111, 0x1111, 0x1111, 0x0001, 0x1111, 0x1111,
   0x0000, 0x0011, 0x0000, 0x0000, 0x0000, 0x0111, 0xffff, 0xffff, 0xffff, 0xffff, 0xffff, 0xffff, 0xffff, 0xffff, 0xffff, 0xffff,
  /* Character 0xd5 */ 
   0x1111, 0x1111, 0x1111, 0x1111, 0x1111, 0x1111, 0x1111, 0x1111, 0x1111, 0x0111, 0x1111, 0x1111, 0x0111, 0x1111, 0x1111, 0x1111,
   0x1111, 0x1111, 0x1111, 0x1111, 0x1111, 0x1111, 0x1111, 0x1111, 0x1111, 0x1111, 0x1111, 0x1111, 0x1111, 0x1111, 0x1111, 0x1111,
   0x1111, 0x1111, 0x1111, 0x1111, 0x1111, 0x1111, 0x1111, 0x1111, 0x1111, 0x1111, 0x1111, 0x0111, 0x1111, 0x1100, 0x1111, 0x1111,
   0x0001, 0x1111, 0x1111, 0x0011, 0x1111, 0x1111, 0xffff, 0xffff, 0xffff, 0xffff, 0xffff, 0xffff, 0xffff, 0xffff, 0xffff, 0xffff,
  /* Character 0xd6 */ 
   0x1111, 0x1111, 0x1111, 0x1111, 0x1111, 0x1117, 0x1111, 0x1111, 0x1117, 0x1111, 0x1111, 0x1117, 0x1111, 0x1111, 0x1177, 0x1111,
   0x1111, 0x1177, 0x1111, 0x1111, 0x1177, 0x1111, 0x1111, 0x1777, 0x1111, 0x1111, 0x1777, 0x1111, 0x1111, 0x1777, 0x1111, 0x1111,
   0x7777, 0x1111, 0x1111, 0x7777, 0x1111, 0x1111, 0x7777, 0x1111, 0x1117, 0x7777, 0x1111, 0x1117, 0x7777, 0x1111, 0x1117, 0x7777,
   0x1111, 0x1177, 0x7777, 0x1111, 0x1177, 0x7777, 0xffff, 0xffff, 0xffff, 0xffff, 0xffff, 0xffff, 0xffff, 0xffff, 0xffff, 0xffff,
  /* Character 0xd7 */ 
   0x7777, 0x7777, 0x7777, 0x7777, 0x7777, 0x7777, 0x7777, 0x7777, 0x7777, 0x7777, 0x7777, 0x7777, 0x7777, 0x7111, 0x1177, 0x7777,
   0x7111, 0x1117, 0x7777, 0x1111, 0x1117, 0x7777, 0x1111, 0x1177, 0x7777, 0x7777, 0x7777, 0x7777, 0x7777, 0x7777, 0x7777, 0x7777,
   0x7777, 0x7777, 0x7777, 0x7777, 0x7711, 0x1111, 0x1777, 0x7711, 0x1111, 0x1777, 0x7111, 0x1111, 0x1777, 0x7111, 0x1111, 0x7777,
   0x7111, 0x1177, 0x7777, 0x7777, 0x7777, 0x7777, 0xffff, 0xffff, 0xffff, 0xffff, 0xffff, 0xffff, 0xffff, 0xffff, 0xffff, 0xffff,
  /* Character 0xd8 */ 
   0x7777, 0x7111, 0x1117, 0x7777, 0x7111, 0x1117, 0x7777, 0x7711, 0x1117, 0x7777, 0x7111, 0x1177, 0x7777, 0x7111, 0x1177, 0x7777,
   0x7111, 0x1177, 0x7777, 0x1111, 0x1777, 0x7771, 0x1111, 0x1777, 0x7711, 0x1111, 0x1777, 0x7711, 0x1111, 0x7777, 0x7711, 0x1111,
   0x7777, 0x7771, 0x1111, 0x7777, 0x7771, 0x1117, 0x7777, 0x7771, 0x1117, 0x7777, 0x7771, 0x1177, 0x7777, 0x7771, 0x1177, 0x7777,
   0x7711, 0x1177, 0x7777, 0x7711, 0x1777, 0x7777, 0xffff, 0xffff, 0xffff, 0xffff, 0xffff, 0xffff, 0xffff, 0xffff, 0xffff, 0xffff,
  /* Character 0xd9 */ 
   0x7777, 0x7777, 0x7777, 0x7777, 0x7777, 0x7777, 0x7777, 0x7777, 0x7777, 0x7777, 0x7777, 0x7777, 0x7777, 0x7777, 0x7777, 0x7777,
   0x1111, 0x1111, 0x7771, 0x1111, 0x1111, 0x7771, 0x1111, 0x1111, 0x7777, 0x7777, 0x7777, 0x7777, 0x7777, 0x7777, 0x7777, 0x7777,
   0x7777, 0x7777, 0x7777, 0x7777, 0x7777, 0x7777, 0x7777, 0x7111, 0x1111, 0x1111, 0x7111, 0x1111, 0x1111, 0x7111, 0x1111, 0x1111,
   0x7777, 0x7777, 0x7777, 0x7777, 0x7777, 0x7777, 0xffff, 0xffff, 0xffff, 0xffff, 0xffff, 0xffff, 0xffff, 0xffff, 0xffff, 0xffff,
  /* Character 0xda */ 
   0x7777, 0x7111, 0x7777, 0x7777, 0x7111, 0x7777, 0x7777, 0x7117, 0x7777, 0x7777, 0x1117, 0x7777, 0x7777, 0x1117, 0x7777, 0x1111,
   0x1111, 0x1111, 0x1111, 0x1111, 0x1111, 0x1111, 0x1111, 0x1111, 0x7711, 0x1111, 0x1111, 0x7111, 0x1111, 0x1117, 0x7111, 0x1111,
   0x1117, 0x1111, 0x1111, 0x1117, 0x1111, 0x1111, 0x1177, 0x1111, 0x1111, 0x1177, 0x1111, 0x1111, 0x1777, 0x1111, 0x1111, 0x1777,
   0x1111, 0x1111, 0x1777, 0x1111, 0x1111, 0x7777, 0xffff, 0xffff, 0xffff, 0xffff, 0xffff, 0xffff, 0xffff, 0xffff, 0xffff, 0xffff,
  /* Character 0xdb */ 
   0x7777, 0x7777, 0x7777, 0x7777, 0x7777, 0x7777, 0x7777, 0x7777, 0x7777, 0x7777, 0x7777, 0x7777, 0x7777, 0x7777, 0x7777, 0x1777,
   0x7771, 0x1111, 0x7777, 0x7771, 0x1111, 0x7777, 0x7711, 0x1111, 0x7777, 0x7711, 0x1111, 0x7777, 0x7711, 0x1111, 0x7777, 0x7111,
   0x1111, 0x7777, 0x7111, 0x1111, 0x7777, 0x7111, 0x1111, 0x7777, 0x1111, 0x1111, 0x7777, 0x1111, 0x1117, 0x7771, 0x1111, 0x1117,
   0x7771, 0x1111, 0x1177, 0x7771, 0x1111, 0x1777, 0xffff, 0xffff, 0xffff, 0xffff, 0xffff, 0xffff, 0xffff, 0xffff, 0xffff, 0xffff,
  /* Character 0xdc */ 
   0x7771, 0x1111, 0x1777, 0x7771, 0x1111, 0x1777, 0x7711, 0x1111, 0x7777, 0x7711, 0x1117, 0x7777, 0x7711, 0x1177, 0x7777, 0x1111,
   0x1177, 0x7777, 0x1111, 0x1777, 0x7777, 0x1111, 0x7777, 0x7777, 0x1111, 0x7777, 0x7117, 0x1117, 0x7777, 0x7117, 0x1177, 0x7777,
   0x1117, 0x1177, 0x7771, 0x1117, 0x1777, 0x7771, 0x1117, 0x7777, 0x7711, 0x1117, 0x7777, 0x7777, 0x7777, 0x7777, 0x7777, 0x7777,
   0x7777, 0x7777, 0x7777, 0x7777, 0x7777, 0x7777, 0xffff, 0xffff, 0xffff, 0xffff, 0xffff, 0xffff, 0xffff, 0xffff, 0xffff, 0xffff,
  /* Character 0xdd */ 
   0x7777, 0x7111, 0x1111, 0x7777, 0x7111, 0x1111, 0x7777, 0x7111, 0x1111, 0x7777, 0x7111, 0x1111, 0x7777, 0x7111, 0x1111, 0x7777,
   0x7111, 0x1111, 0x7777, 0x7111, 0x1111, 0x7777, 0x7111, 0x1111, 0x7777, 0x7111, 0x1111, 0x7777, 0x7111, 0x1110, 0x7777, 0x7111,
   0x1110, 0x7777, 0x7111, 0x1110, 0x7777, 0x7111, 0x1100, 0x7777, 0x7111, 0x1100, 0x7777, 0x7111, 0x1100, 0x7777, 0x7111, 0x1000,
   0x7777, 0x7111, 0x1000, 0x7777, 0x7111, 0x1000, 0xffff, 0xffff, 0xffff, 0xffff, 0xffff, 0xffff, 0xffff, 0xffff, 0xffff, 0xffff,
  /* Character 0xde */ 
   0x1110, 0x0000, 0x0000, 0x1100, 0x0000, 0x0000, 0x1100, 0x0000, 0x0000, 0x1100, 0x0000, 0x0000, 0x1000, 0x0000, 0x0000, 0x1000,
   0x0001, 0x1111, 0x1000, 0x0001, 0x1111, 0x0000, 0x0001, 0x1111, 0x0000, 0x0000, 0x0000, 0x0000, 0x0000, 0x0000, 0x0000, 0x0000,
   0x0000, 0x0000, 0x0000, 0x0000, 0x0000, 0x0000, 0x0000, 0x0000, 0x0111, 0x1111, 0x0000, 0x1111, 0x1111, 0x0000, 0x1111, 0x1111,
   0x0001, 0x1111, 0x1111, 0x0001, 0x1111, 0x1111, 0xffff, 0xffff, 0xffff, 0xffff, 0xffff, 0xffff, 0xffff, 0xffff, 0xffff, 0xffff,
  /* Character 0xdf */ 
   0x0000, 0x0001, 0x1110, 0x0000, 0x0001, 0x1100, 0x0000, 0x0001, 0x1100, 0x0000, 0x0011, 0x1000, 0x0000, 0x0011, 0x1000, 0x1111,
   0x1111, 0x1000, 0x1111, 0x1111, 0x0000, 0x1111, 0x1111, 0x0000, 0x0001, 0x1111, 0x0000, 0x0001, 0x1110, 0x0000, 0x0011, 0x1110,
   0x0000, 0x0011, 0x1110, 0x0000, 0x0011, 0x1100, 0x0000, 0x1111, 0x1100, 0x0000, 0x1111, 0x1100, 0x0000, 0x1111, 0x1000, 0x0000,
   0x1111, 0x1000, 0x0000, 0x1111, 0x1000, 0x0000, 0xffff, 0xffff, 0xffff, 0xffff, 0xffff, 0xffff, 0xffff, 0xffff, 0xffff, 0xffff,
  /* Character 0xe0 */ 
   0x0000, 0x0111, 0x1111, 0x0000, 0x0111, 0x1111, 0x0000, 0x1111, 0x1111, 0x0000, 0x1111, 0x1111, 0x0000, 0x1111, 0x1111, 0x0001,
   0x1111, 0x1111, 0x0001, 0x1111, 0x1111, 0x0011, 0x1111, 0x1111, 0x0011, 0x1111, 0x1111, 0x0011, 0x1111, 0x1111, 0x0111, 0x1111,
   0x1111, 0x0111, 0x1111, 0x1111, 0x0111, 0x1111, 0x1111, 0x1111, 0x1111, 0x1111, 0x1111, 0x1111, 0x1111, 0x1111, 0x1111, 0x1111,
   0x0000, 0x0000, 0x0111, 0x0000, 0x0000, 0x0111, 0xffff, 0xffff, 0xffff, 0xffff, 0xffff, 0xffff, 0xffff, 0xffff, 0xffff, 0xffff,
  /* Character 0xe1 */ 
   0x1111, 0x1100, 0x0000, 0x1111, 0x1000, 0x0000, 0x1111, 0x1000, 0x0001, 0x1111, 0x1000, 0x0001, 0x1111, 0x0000, 0x0001, 0x1111,
   0x0000, 0x0011, 0x1110, 0x0000, 0x0011, 0x1110, 0x0000, 0x0011, 0x1110, 0x0000, 0x0111, 0x1100, 0x0000, 0x0111, 0x1100, 0x0000,
   0x1111, 0x1100, 0x0000, 0x1111, 0x1000, 0x0000, 0x1110, 0x1000, 0x0001, 0x1110, 0x1000, 0x0001, 0x1110, 0x0000, 0x0001, 0x1110,
   0x0000, 0x0011, 0x1110, 0x0000, 0x0011, 0x1110, 0xffff, 0xffff, 0xffff, 0xffff, 0xffff, 0xffff, 0xffff, 0xffff, 0xffff, 0xffff,
  /* Character 0xe2 */ 
   0x1111, 0x1111, 0x1000, 0x1111, 0x1110, 0x0000, 0x1111, 0x1000, 0x0000, 0x1111, 0x0000, 0x0000, 0x1110, 0x0000, 0x0001, 0x1110,
   0x0000, 0x0011, 0x1100, 0x0000, 0x0111, 0x1000, 0x0000, 0x1111, 0x1000, 0x0000, 0x1111, 0x1000, 0x0001, 0x1111, 0x0000, 0x0001,
   0x1111, 0x0000, 0x0011, 0x1111, 0x0000, 0x0011, 0x1111, 0x0000, 0x0011, 0x1111, 0x0000, 0x0011, 0x1111, 0x0000, 0x0001, 0x1111,
   0x0000, 0x0000, 0x1111, 0x0000, 0x0000, 0x0000, 0xffff, 0xffff, 0xffff, 0xffff, 0xffff, 0xffff, 0xffff, 0xffff, 0xffff, 0xffff,
  /* Character 0xe3 */ 
   0x0000, 0x0000, 0x0111, 0x0000, 0x0000, 0x0111, 0x0000, 0x0000, 0x0011, 0x0000, 0x0000, 0x0011, 0x1110, 0x0000, 0x0011, 0x1111,
   0x0000, 0x0011, 0x1111, 0x0000, 0x0011, 0x1111, 0x1111, 0x1111, 0x1111, 0x1111, 0x1111, 0x1111, 0x1111, 0x1111, 0x1000, 0x0000,
   0x0011, 0x0000, 0x0000, 0x0111, 0x0000, 0x0000, 0x0111, 0x0000, 0x0000, 0x0111, 0x1100, 0x0000, 0x1111, 0x1000, 0x0000, 0x1111,
   0x0000, 0x0001, 0x1110, 0x0000, 0x0001, 0x1110, 0xffff, 0xffff, 0xffff, 0xffff, 0xffff, 0xffff, 0xffff, 0xffff, 0xffff, 0xffff,
  /* Character 0xe4 */ 
   0x1111, 0x1000, 0x0000, 0x1111, 0x1000, 0x0001, 0x1111, 0x0000, 0x0001, 0x1111, 0x0000, 0x0011, 0x1111, 0x0000, 0x0011, 0x1110,
   0x0000, 0x0011, 0x1110, 0x0000, 0x0111, 0x1110, 0x0000, 0x0000, 0x1100, 0x0000, 0x0000, 0x1100, 0x0000, 0x0000, 0x1100, 0x0000,
   0x0000, 0x1000, 0x0000, 0x0000, 0x1000, 0x0000, 0x0000, 0x1000, 0x0001, 0x1111, 0x0000, 0x0001, 0x1111, 0x0000, 0x0011, 0x1111,
   0x0000, 0x0011, 0x1111, 0x0000, 0x0011, 0x1111, 0xffff, 0xffff, 0xffff, 0xffff, 0xffff, 0xffff, 0xffff, 0xffff, 0xffff, 0xffff,
  /* Character 0xe5 */ 
   0x1111, 0x1110, 0x0000, 0x1111, 0x1100, 0x0000, 0x1111, 0x1100, 0x0000, 0x1111, 0x1100, 0x0000, 0x1111, 0x1000, 0x0000, 0x1111,
   0x1000, 0x0001, 0x1111, 0x1000, 0x0001, 0x0000, 0x0000, 0x0011, 0x0000, 0x0000, 0x0011, 0x0000, 0x0000, 0x0011, 0x0000, 0x0000,
   0x0111, 0x0000, 0x0000, 0x0111, 0x0000, 0x0000, 0x0111, 0x1100, 0x0000, 0x1111, 0x1100, 0x0000, 0x1111, 0x1000, 0x0000, 0x1111,
   0x1000, 0x0001, 0x1111, 0x1000, 0x0001, 0x1111, 0xffff, 0xffff, 0xffff, 0xffff, 0xffff, 0xffff, 0xffff, 0xffff, 0xffff, 0xffff,
  /* Character 0xe6 */ 
   0x0111, 0x0000, 0x0000, 0x0110, 0x0000, 0x0000, 0x1110, 0x0000, 0x0000, 0x1110, 0x0000, 0x0000, 0x1100, 0x0000, 0x0000, 0x1111,
   0x1111, 0x0000, 0x1111, 0x1111, 0x0000, 0x1111, 0x1111, 0x0000, 0x1111, 0x1110, 0x0000, 0x1111, 0x1110, 0x0000, 0x1111, 0x1100,
   0x0000, 0x1111, 0x1100, 0x0000, 0x1111, 0x1100, 0x0000, 0x1111, 0x1000, 0x0000, 0x1111, 0x1000, 0x0001, 0x1111, 0x1000, 0x0001,
   0x1111, 0x0000, 0x0001, 0x1111, 0x0000, 0x0011, 0xffff, 0xffff, 0xffff, 0xffff, 0xffff, 0xffff, 0xffff, 0xffff, 0xffff, 0xffff,
  /* Character 0xe7 */ 
   0x0000, 0x0000, 0x0001, 0x0000, 0x0000, 0x0011, 0x0000, 0x0000, 0x0011, 0x0000, 0x0000, 0x0011, 0x0000, 0x0000, 0x0111, 0x0001,
   0x1111, 0x1111, 0x0011, 0x1111, 0x1111, 0x0011, 0x1111, 0x1111, 0x0011, 0x1111, 0x1111, 0x0111, 0x1111, 0x1111, 0x0111, 0x1111,
   0x1111, 0x0111, 0x1111, 0x1111, 0x1111, 0x1111, 0x1111, 0x1111, 0x1111, 0x1111, 0x1111, 0x1111, 0x1111, 0x1111, 0x1111, 0x1111,
   0x1111, 0x1111, 0x1111, 0x1111, 0x1111, 0x1111, 0xffff, 0xffff, 0xffff, 0xffff, 0xffff, 0xffff, 0xffff, 0xffff, 0xffff, 0xffff,
  /* Character 0xe8 */ 
   0x1111, 0x1111, 0x1111, 0x1111, 0x1111, 0x1111, 0x1111, 0x1111, 0x1111, 0x1111, 0x1111, 0x1111, 0x1111, 0x1111, 0x1111, 0x1111,
   0x1111, 0x1111, 0x1111, 0x1111, 0x1111, 0x1111, 0x1111, 0x1111, 0x1111, 0x1111, 0x1111, 0x1111, 0x1111, 0x1111, 0x1111, 0x1111,
   0x1111, 0x1111, 0x1111, 0x1111, 0x1111, 0x1111, 0x1111, 0x1111, 0x1111, 0x1111, 0x1111, 0x1111, 0x1111, 0x1111, 0x1111, 0x1111,
   0x1111, 0x1111, 0x1111, 0x1111, 0x1111, 0x1111, 0xffff, 0xffff, 0xffff, 0xffff, 0xffff, 0xffff, 0xffff, 0xffff, 0xffff, 0xffff,
  /* Character 0xe9 */ 
   0x1111, 0x1111, 0x1111, 0x1111, 0x1111, 0x1111, 0x1111, 0x1111, 0x1111, 0x1111, 0x1111, 0x1111, 0x1111, 0x1111, 0x1111, 0x1111,
   0x1111, 0x1111, 0x1111, 0x1111, 0x1111, 0x1111, 0x1111, 0x1111, 0x1111, 0x1111, 0x1111, 0x1111, 0x1111, 0x1111, 0x1111, 0x1111,
   0x1111, 0x1111, 0x1111, 0x1111, 0x1111, 0x1111, 0x1111, 0x1111, 0x1111, 0x1111, 0x1111, 0x1111, 0x1111, 0x1111, 0x1111, 0x1111,
   0x1111, 0x1111, 0x1111, 0x1111, 0x1111, 0x1111, 0xffff, 0xffff, 0xffff, 0xffff, 0xffff, 0xffff, 0xffff, 0xffff, 0xffff, 0xffff,
  /* Character 0xea */ 
   0x1111, 0x7777, 0x7777, 0x1111, 0x0707, 0x7700, 0x1111, 0x1770, 0x0000, 0x1111, 0x1000, 0x0007, 0x1111, 0x1100, 0x0770, 0x1111,
   0x1110, 0x0777, 0x1111, 0x1111, 0x0777, 0x1111, 0x1111, 0x1117, 0x1111, 0x1111, 0x1111, 0x1111, 0x1111, 0x1111, 0x1111, 0x1111,
   0x1111, 0x1111, 0x1111, 0x1111, 0x1111, 0x1111, 0x1111, 0x1111, 0x1111, 0x1111, 0x1111, 0x1111, 0x1111, 0x1111, 0x1111, 0x1111,
   0x1111, 0x1111, 0x1111, 0x1111, 0x1111, 0x1111, 0xffff, 0xffff, 0xffff, 0xffff, 0xffff, 0xffff, 0xffff, 0xffff, 0xffff, 0xffff,
  /* Character 0xeb */ 
   0x0000, 0x0700, 0x0000, 0x0070, 0x7700, 0x0000, 0x0707, 0x7000, 0x0000, 0x7777, 0x7700, 0x0000, 0x7777, 0x0000, 0x0007, 0x7777,
   0x7000, 0x0777, 0x7770, 0x7000, 0x7077, 0x7770, 0x0000, 0x0071, 0x1111, 0x1111, 0x1111, 0x1111, 0x1111, 0x1111, 0x1111, 0x1111,
   0x1111, 0x1111, 0x1111, 0x1111, 0x1111, 0x1111, 0x1111, 0x1111, 0x1111, 0x1111, 0x1111, 0x1111, 0x1111, 0x1111, 0x1111, 0x1111,
   0x1111, 0x1111, 0x1111, 0x1111, 0x1111, 0x1111, 0xffff, 0xffff, 0xffff, 0xffff, 0xffff, 0xffff, 0xffff, 0xffff, 0xffff, 0xffff,
  /* Character 0xec */ 
   0x0000, 0x0000, 0x1110, 0x0000, 0x0000, 0x1100, 0x0000, 0x0000, 0x0011, 0x0000, 0x0000, 0x0111, 0x0000, 0x0001, 0x1111, 0x0000,
   0x0111, 0x1111, 0x7011, 0x1111, 0x1111, 0x1111, 0x1111, 0x1111, 0x1111, 0x1111, 0x1111, 0x1111, 0x1111, 0x1111, 0x1111, 0x1111,
   0x1111, 0x1111, 0x1111, 0x1111, 0x1111, 0x1111, 0x1111, 0x1111, 0x1111, 0x1111, 0x1111, 0x1111, 0x1111, 0x1111, 0x1111, 0x1111,
   0x1111, 0x1111, 0x1111, 0x1111, 0x1111, 0x1111, 0xffff, 0xffff, 0xffff, 0xffff, 0xffff, 0xffff, 0xffff, 0xffff, 0xffff, 0xffff,
  /* Character 0xed */ 
   0x0111, 0x1111, 0x1111, 0x1111, 0x1111, 0x1111, 0x1111, 0x1111, 0x1111, 0x1111, 0x1111, 0x1111, 0x1111, 0x1111, 0x1111, 0x1111,
   0x1111, 0x1111, 0x1111, 0x1111, 0x1111, 0x1111, 0x1111, 0x1111, 0x1111, 0x1111, 0x1111, 0x1111, 0x1111, 0x1111, 0x1111, 0x1111,
   0x1111, 0x1111, 0x1111, 0x1111, 0x1111, 0x1111, 0x1111, 0x1111, 0x1111, 0x1111, 0x1111, 0x1111, 0x1111, 0x1111, 0x1111, 0x1111,
   0x1111, 0x1111, 0x1111, 0x1111, 0x1111, 0x1111, 0xffff, 0xffff, 0xffff, 0xffff, 0xffff, 0xffff, 0xffff, 0xffff, 0xffff, 0xffff,
  /* Character 0xee */ 
   0x1111, 0x1177, 0x7777, 0x1111, 0x1777, 0x7777, 0x1111, 0x1777, 0x7777, 0x1111, 0x1777, 0x7777, 0x1111, 0x1111, 0x1111, 0x1111,
   0x1111, 0x1111, 0x1111, 0x1111, 0x1111, 0x1111, 0x1111, 0x1111, 0x1111, 0x1111, 0x1111, 0x1111, 0x1111, 0x1111, 0x1111, 0x1111,
   0x1111, 0x1111, 0x1111, 0x1111, 0x1111, 0x1111, 0x1111, 0x1111, 0x1111, 0x1111, 0x1111, 0x1111, 0x1111, 0x1111, 0x1111, 0x1111,
   0x1111, 0x1111, 0x1111, 0x1111, 0x1111, 0x1111, 0xffff, 0xffff, 0xffff, 0xffff, 0xffff, 0xffff, 0xffff, 0xffff, 0xffff, 0xffff,
  /* Character 0xef */ 
   0x7777, 0x7777, 0x7777, 0x7777, 0x7777, 0x7777, 0x7777, 0x7777, 0x7711, 0x7777, 0x7777, 0x1111, 0x1111, 0x1111, 0x1111, 0x1111,
   0x1111, 0x1111, 0x1111, 0x1111, 0x1111, 0x1111, 0x1111, 0x1111, 0x1111, 0x1111, 0x1111, 0x1111, 0x1111, 0x1111, 0x1111, 0x1111,
   0x1111, 0x1111, 0x1111, 0x1111, 0x1111, 0x1111, 0x1111, 0x1111, 0x1111, 0x1111, 0x1111, 0x1111, 0x1111, 0x1111, 0x1111, 0x1111,
   0x1111, 0x1111, 0x1111, 0x1111, 0x1111, 0x1111, 0xffff, 0xffff, 0xffff, 0xffff, 0xffff, 0xffff, 0xffff, 0xffff, 0xffff, 0xffff,
  /* Character 0xf0 */ 
   0x7111, 0x1777, 0x7777, 0x1111, 0x1777, 0x7777, 0x1111, 0x7777, 0x7777, 0x1111, 0x1111, 0x1111, 0x1111, 0x1111, 0x1111, 0x1111,
   0x1111, 0x1111, 0x1111, 0x1111, 0x1111, 0x1111, 0x1111, 0x1111, 0x1111, 0x1111, 0x1111, 0x1111, 0x1111, 0x1111, 0x1111, 0x1111,
   0x1111, 0x1111, 0x1111, 0x1111, 0x1111, 0x1111, 0x1111, 0x1111, 0x1111, 0x1111, 0x1111, 0x1111, 0x1111, 0x1111, 0x1111, 0x1111,
   0x1111, 0x1111, 0x1111, 0x1111, 0x1111, 0x1111, 0xffff, 0xffff, 0xffff, 0xffff, 0xffff, 0xffff, 0xffff, 0xffff, 0xffff, 0xffff,
  /* Character 0xf1 */ 
   0x7777, 0x7777, 0x7771, 0x7777, 0x7777, 0x7771, 0x7777, 0x7777, 0x7771, 0x1111, 0x1111, 0x1111, 0x1111, 0x1111, 0x1111, 0x1111,
   0x1111, 0x1111, 0x1111, 0x1111, 0x1111, 0x1111, 0x1111, 0x1111, 0x1111, 0x1111, 0x1111, 0x1111, 0x1111, 0x1111, 0x1111, 0x1111,
   0x1111, 0x1111, 0x1111, 0x1111, 0x1111, 0x1111, 0x1111, 0x1111, 0x1111, 0x1111, 0x1111, 0x1111, 0x1111, 0x1111, 0x1111, 0x1111,
   0x1111, 0x1111, 0x1111, 0x1111, 0x1111, 0x1111, 0xffff, 0xffff, 0xffff, 0xffff, 0xffff, 0xffff, 0xffff, 0xffff, 0xffff, 0xffff,
  /* Character 0xf2 */ 
   0x1111, 0x1111, 0x7777, 0x1111, 0x1111, 0x7777, 0x1111, 0x1117, 0x7777, 0x1111, 0x1117, 0x7111, 0x1111, 0x1111, 0x1111, 0x1111,
   0x1111, 0x1111, 0x1111, 0x1111, 0x1111, 0x1111, 0x1111, 0x1111, 0x1111, 0x1111, 0x1111, 0x1111, 0x1111, 0x1111, 0x1111, 0x1111,
   0x1111, 0x1111, 0x1111, 0x1111, 0x1111, 0x1111, 0x1111, 0x1111, 0x1111, 0x1111, 0x1111, 0x1111, 0x1111, 0x1111, 0x1111, 0x1111,
   0x1111, 0x1111, 0x1111, 0x1111, 0x1111, 0x1111, 0xffff, 0xffff, 0xffff, 0xffff, 0xffff, 0xffff, 0xffff, 0xffff, 0xffff, 0xffff,
  /* Character 0xf3 */ 
   0x7711, 0x1111, 0x1777, 0x7711, 0x1111, 0x7777, 0x7711, 0x1117, 0x7777, 0x7111, 0x1117, 0x1117, 0x1111, 0x1111, 0x1111, 0x1111,
   0x1111, 0x1111, 0x1111, 0x1111, 0x1111, 0x1111, 0x1111, 0x1111, 0x1111, 0x1111, 0x1111, 0x1111, 0x1111, 0x1111, 0x1111, 0x1111,
   0x1111, 0x1111, 0x1111, 0x1111, 0x1111, 0x1111, 0x1111, 0x1111, 0x1111, 0x1111, 0x1111, 0x1111, 0x1111, 0x1111, 0x1111, 0x1111,
   0x1111, 0x1111, 0x1111, 0x1111, 0x1111, 0x1111, 0xffff, 0xffff, 0xffff, 0xffff, 0xffff, 0xffff, 0xffff, 0xffff, 0xffff, 0xffff,
  /* Character 0xf4 */ 
   0x7771, 0x1111, 0x1177, 0x7711, 0x1111, 0x1177, 0x7711, 0x1111, 0x1177, 0x7111, 0x1111, 0x1177, 0x1111, 0x1111, 0x1111, 0x1111,
   0x1111, 0x1111, 0x1111, 0x1111, 0x1111, 0x1111, 0x1111, 0x1111, 0x1111, 0x1111, 0x1111, 0x1111, 0x1111, 0x1111, 0x1111, 0x1111,
   0x1111, 0x1111, 0x1111, 0x1111, 0x1111, 0x1111, 0x1111, 0x1111, 0x1111, 0x1111, 0x1111, 0x1111, 0x1111, 0x1111, 0x1111, 0x1111,
   0x1111, 0x1111, 0x1111, 0x1111, 0x1111, 0x1111, 0xffff, 0xffff, 0xffff, 0xffff, 0xffff, 0xffff, 0xffff, 0xffff, 0xffff, 0xffff,
  /* Character 0xf5 */ 
   0x7777, 0x7111, 0x0000, 0x7777, 0x7111, 0x0000, 0x7777, 0x7111, 0x0000, 0x1117, 0x7111, 0x0111, 0x1111, 0x1111, 0x1111, 0x1111,
   0x1111, 0x1111, 0x1111, 0x1111, 0x1111, 0x1111, 0x1111, 0x1111, 0x1111, 0x1111, 0x1111, 0x1111, 0x1111, 0x1111, 0x1111, 0x1111,
   0x1111, 0x1111, 0x1111, 0x1111, 0x1111, 0x1111, 0x1111, 0x1111, 0x1111, 0x1111, 0x1111, 0x1111, 0x1111, 0x1111, 0x1111, 0x1111,
   0x1111, 0x1111, 0x1111, 0x1111, 0x1111, 0x1111, 0xffff, 0xffff, 0xffff, 0xffff, 0xffff, 0xffff, 0xffff, 0xffff, 0xffff, 0xffff,
  /* Character 0xf6 */ 
   0x0001, 0x1111, 0x1111, 0x0011, 0x1111, 0x1111, 0x0011, 0x1111, 0x1111, 0x0111, 0x1111, 0x1111, 0x1111, 0x1111, 0x1111, 0x1111,
   0x1111, 0x1111, 0x1111, 0x1111, 0x1111, 0x1111, 0x1111, 0x1111, 0x1111, 0x1111, 0x1111, 0x1111, 0x1111, 0x1111, 0x1111, 0x1111,
   0x1111, 0x1111, 0x1111, 0x1111, 0x1111, 0x1111, 0x1111, 0x1111, 0x1111, 0x1111, 0x1111, 0x1111, 0x1111, 0x1111, 0x1111, 0x1111,
   0x1111, 0x1111, 0x1111, 0x1111, 0x1111, 0x1111, 0xffff, 0xffff, 0xffff, 0xffff, 0xffff, 0xffff, 0xffff, 0xffff, 0xffff, 0xffff,
  /* Character 0xf7 */ 
   0x1111, 0x0000, 0x0000, 0x1111, 0x0000, 0x0000, 0x1110, 0x0000, 0x0000, 0x1110, 0x0111, 0x1111, 0x1111, 0x1111, 0x1111, 0x1111,
   0x1111, 0x1111, 0x1111, 0x1111, 0x1111, 0x1111, 0x1111, 0x1111, 0x1111, 0x1111, 0x1111, 0x1111, 0x1111, 0x1111, 0x1111, 0x1111,
   0x1111, 0x1111, 0x1111, 0x1111, 0x1111, 0x1111, 0x1111, 0x1111, 0x1111, 0x1111, 0x1111, 0x1111, 0x1111, 0x1111, 0x1111, 0x1111,
   0x1111, 0x1111, 0x1111, 0x1111, 0x1111, 0x1111, 0xffff, 0xffff, 0xffff, 0xffff, 0xffff, 0xffff, 0xffff, 0xffff, 0xffff, 0xffff,
  /* Character 0xf8 */ 
   0x0000, 0x0000, 0x1110, 0x0000, 0x0000, 0x1110, 0x0000, 0x0000, 0x1100, 0x1111, 0x1101, 0x1100, 0x1111, 0x1111, 0x1111, 0x1111,
   0x1111, 0x1111, 0x1111, 0x1111, 0x1111, 0x1111, 0x1111, 0x1111, 0x1111, 0x1111, 0x1111, 0x1111, 0x1111, 0x1111, 0x1111, 0x1111,
   0x1111, 0x1111, 0x1111, 0x1111, 0x1111, 0x1111, 0x1111, 0x1111, 0x1111, 0x1111, 0x1111, 0x1111, 0x1111, 0x1111, 0x1111, 0x1111,
   0x1111, 0x1111, 0x1111, 0x1111, 0x1111, 0x1111, 0xffff, 0xffff, 0xffff, 0xffff, 0xffff, 0xffff, 0xffff, 0xffff, 0xffff, 0xffff,
  /* Character 0xf9 */ 
   0x0000, 0x0011, 0x1111, 0x0000, 0x0111, 0x1111, 0x0000, 0x0111, 0x1111, 0x1110, 0x1111, 0x1111, 0x1111, 0x1111, 0x1111, 0x1111,
   0x1111, 0x1111, 0x1111, 0x1111, 0x1111, 0x1111, 0x1111, 0x1111, 0x1111, 0x1111, 0x1111, 0x1111, 0x1111, 0x1111, 0x1111, 0x1111,
   0x1111, 0x1111, 0x1111, 0x1111, 0x1111, 0x1111, 0x1111, 0x1111, 0x1111, 0x1111, 0x1111, 0x1111, 0x1111, 0x1111, 0x1111, 0x1111,
   0x1111, 0x1111, 0x1111, 0x1111, 0x1111, 0x1111, 0xffff, 0xffff, 0xffff, 0xffff, 0xffff, 0xffff, 0xffff, 0xffff, 0xffff, 0xffff,
  /* Character 0xfa */ 
   0x0000, 0x0000, 0x0000, 0x0000, 0x0000, 0x0000, 0x1100, 0x0000, 0x0000, 0x1110, 0x0000, 0x0011, 0x1111, 0x1111, 0x1111, 0x1111,
   0x1111, 0x1111, 0x1111, 0x1111, 0x1111, 0x1111, 0x1111, 0x1111, 0x1111, 0x1111, 0x1111, 0x1111, 0x1111, 0x1111, 0x1111, 0x1111,
   0x1111, 0x1111, 0x1111, 0x1111, 0x1111, 0x1111, 0x1111, 0x1111, 0x1111, 0x1111, 0x1111, 0x1111, 0x1111, 0x1111, 0x1111, 0x1111,
   0x1111, 0x1111, 0x1111, 0x1111, 0x1111, 0x1111, 0xffff, 0xffff, 0xffff, 0xffff, 0xffff, 0xffff, 0xffff, 0xffff, 0xffff, 0xffff,
  /* Character 0xfb */ 
   0x0000, 0x0001, 0x1110, 0x0000, 0x0011, 0x1100, 0x1100, 0x0011, 0x1100, 0x1101, 0x0111, 0x1101, 0x1111, 0x1111, 0x1111, 0x1111,
   0x1111, 0x1111, 0x1111, 0x1111, 0x1111, 0x1111, 0x1111, 0x1111, 0x1111, 0x1111, 0x1111, 0x1111, 0x1111, 0x1111, 0x1111, 0x1111,
   0x1111, 0x1111, 0x1111, 0x1111, 0x1111, 0x1111, 0x1111, 0x1111, 0x1111, 0x1111, 0x1111, 0x1111, 0x1111, 0x1111, 0x1111, 0x1111,
   0x1111, 0x1111, 0x1111, 0x1111, 0x1111, 0x1111, 0xffff, 0xffff, 0xffff, 0xffff, 0xffff, 0xffff, 0xffff, 0xffff, 0xffff, 0xffff,
  /* Character 0xfc */ 
   0x0000, 0x0111, 0x1111, 0x0000, 0x0111, 0x1111, 0x0000, 0x1111, 0x1110, 0x1110, 0x1111, 0x1110, 0x1111, 0x1111, 0x1111, 0x1111,
   0x1111, 0x1111, 0x1111, 0x1111, 0x1111, 0x1111, 0x1111, 0x1111, 0x1111, 0x1111, 0x1111, 0x1111, 0x1111, 0x1111, 0x1111, 0x1111,
   0x1111, 0x1111, 0x1111, 0x1111, 0x1111, 0x1111, 0x1111, 0x1111, 0x1111, 0x1111, 0x1111, 0x1111, 0x1111, 0x1111, 0x1111, 0x1111,
   0x1111, 0x1111, 0x1111, 0x1111, 0x1111, 0x1111, 0xffff, 0xffff, 0xffff, 0xffff, 0xffff, 0xffff, 0xffff, 0xffff, 0xffff, 0xffff,
  /* Character 0xfd */ 
   0x0000, 0x0001, 0x1111, 0x0000, 0x0011, 0x1111, 0x0000, 0x0011, 0x1111, 0x0111, 0x0111, 0x1111, 0x1111, 0x1111, 0x1111, 0x1111,
   0x1111, 0x1111, 0x1111, 0x1111, 0x1111, 0x1111, 0x1111, 0x1111, 0x1111, 0x1111, 0x1111, 0x1111, 0x1111, 0x1111, 0x1111, 0x1111,
   0x1111, 0x1111, 0x1111, 0x1111, 0x1111, 0x1111, 0x1111, 0x1111, 0x1111, 0x1111, 0x1111, 0x1111, 0x1111, 0x1111, 0x1111, 0x1111,
   0x1111, 0x1111, 0x1111, 0x1111, 0x1111, 0x1111, 0xffff, 0xffff, 0xffff, 0xffff, 0xffff, 0xffff, 0xffff, 0xffff, 0xffff, 0xffff,
  /* Character 0xfe */ 
   0x1111, 0x0000, 0x0011, 0x1110, 0x0000, 0x0011, 0x1110, 0x0000, 0x0111, 0x1110, 0x1110, 0x0111, 0x1111, 0x1111, 0x1111, 0x1111,
   0x1111, 0x1111, 0x1111, 0x1111, 0x1111, 0x1111, 0x1111, 0x1111, 0x1111, 0x1111, 0x1111, 0x1111, 0x1111, 0x1111, 0x1111, 0x1111,
   0x1111, 0x1111, 0x1111, 0x1111, 0x1111, 0x1111, 0x1111, 0x1111, 0x1111, 0x1111, 0x1111, 0x1111, 0x1111, 0x1111, 0x1111, 0x1111,
   0x1111, 0x1111, 0x1111, 0x1111, 0x1111, 0x1111, 0xffff, 0xffff, 0xffff, 0xffff, 0xffff, 0xffff, 0xffff, 0xffff, 0xffff, 0xffff,
  /* Character 0xff */ 
   0x1111, 0x1111, 0x1111, 0x1111, 0x1111, 0x1111, 0x1111, 0x1111, 0x1111, 0x1111, 0x1111, 0x1111, 0x1111, 0x1111, 0x1111, 0x1111,
   0x1111, 0x1111, 0x1111, 0x1111, 0x1111, 0x1111, 0x1111, 0x1111, 0x1111, 0x1111, 0x1111, 0x1111, 0x1111, 0x1111, 0x1111, 0x1111,
   0x1111, 0x1111, 0x1111, 0x1111, 0x1111, 0x1111, 0x1111, 0x1111, 0x1111, 0x1111, 0x1111, 0x1111, 0x1111, 0x1111, 0x1111, 0x1111,
   0x1111, 0x1111, 0x1111, 0x1111, 0x1111, 0x1111, 0xffff, 0xffff, 0xffff, 0xffff, 0xffff, 0xffff, 0xffff, 0xffff, 0xffff, 0xffff,
};
