#pragma once
#include <stdint.h>

#define FONT_WIDTH      (12)
#define FONT_HEIGHT     (18)

#define FONT_BPP        (2) // 2bits per pixel
#define FONT_CHARS      (256)
#define BYTES_PER_ROW   ((FONT_WIDTH * FONT_BPP) / 8)     // = 3
#define BYTES_PER_CHAR  (BYTES_PER_ROW * FONT_HEIGHT)     // = 54
#define FONT_STRIDE     (sizeof(font_data) / FONT_CHARS)  // = 64

#include <stdint.h>

typedef uint8_t font_t;

__attribute__((section(".font")))
const font_t font_data[16384] = {
/* Character 0x00 */
    0x55, 0x55, 0x55, 0x55, 0x55, 0x55, 0x55, 0x55, 0x55, 0x55, 0x55, 0x55, 0x55, 0x55, 0x55, 0x55,
    0x55, 0x55, 0x55, 0x55, 0x55, 0x55, 0x55, 0x55, 0x55, 0x55, 0x55, 0x55, 0x55, 0x55, 0x55, 0x55,
    0x55, 0x55, 0x55, 0x55, 0x55, 0x55, 0x55, 0x55, 0x55, 0x55, 0x55, 0x55, 0x55, 0x55, 0x55, 0x55,
    0x55, 0x55, 0x55, 0x55, 0x55, 0x55, 0x55, 0x55, 0x55, 0x55, 0x55, 0x55, 0x55, 0x55, 0x55, 0x55,

/* Character 0x01 */
    0x55, 0x55, 0x55, 0x55, 0x55, 0x55, 0x55, 0x55, 0x55, 0x55, 0x55, 0x55, 0x55, 0x55, 0x55, 0x55,
    0x55, 0x41, 0x55, 0x54, 0x21, 0x55, 0x42, 0x21, 0x54, 0x22, 0x21, 0x42, 0x22, 0x21, 0x22, 0x22,
    0x21, 0x00, 0x00, 0x01, 0x55, 0x55, 0x55, 0x55, 0x55, 0x55, 0x55, 0x55, 0x55, 0x55, 0x55, 0x55,
    0x55, 0x55, 0x55, 0x55, 0x55, 0x55, 0x55, 0x55, 0x55, 0x55, 0x55, 0x55, 0x55, 0x55, 0x55, 0x55,

/* Character 0x02 */
    0x55, 0x55, 0x55, 0x55, 0x55, 0x55, 0x55, 0x55, 0x55, 0x55, 0x55, 0x55, 0x55, 0x55, 0x00, 0x55,
    0x54, 0x28, 0x55, 0x50, 0xA0, 0x55, 0x42, 0x81, 0x55, 0x4A, 0x05, 0x55, 0x4A, 0x05, 0x55, 0x42,
    0x81, 0x55, 0x50, 0xA0, 0x55, 0x54, 0x28, 0x55, 0x55, 0x00, 0x55, 0x55, 0x55, 0x55, 0x55, 0x55,
    0x55, 0x55, 0x55, 0x55, 0x55, 0x55, 0x55, 0x55, 0x55, 0x55, 0x55, 0x55, 0x55, 0x55, 0x55, 0x55,

/* Character 0x03 */
    0x55, 0x55, 0x55, 0x55, 0x55, 0x55, 0x55, 0x55, 0x55, 0x55, 0x55, 0x55, 0x00, 0x55, 0x55, 0x28,
    0x15, 0x55, 0x0A, 0x05, 0x55, 0x42, 0x81, 0x55, 0x50, 0xA1, 0x55, 0x50, 0xA1, 0x55, 0x42, 0x81,
    0x55, 0x0A, 0x05, 0x55, 0x28, 0x15, 0x55, 0x00, 0x55, 0x55, 0x55, 0x55, 0x55, 0x55, 0x55, 0x55,
    0x55, 0x55, 0x55, 0x55, 0x55, 0x55, 0x55, 0x55, 0x55, 0x55, 0x55, 0x55, 0x55, 0x55, 0x55, 0x55,

/* Character 0x04 */
    0x55, 0x55, 0x55, 0x55, 0x50, 0x55, 0x55, 0x4A, 0x15, 0x55, 0x2A, 0x85, 0x54, 0xA0, 0x15, 0x52,
    0x85, 0x55, 0x52, 0x01, 0x55, 0x54, 0x28, 0x55, 0x55, 0x28, 0x55, 0x55, 0x41, 0x15, 0x55, 0x54,
    0x85, 0x55, 0x52, 0x85, 0x54, 0x0A, 0x15, 0x52, 0xA8, 0x55, 0x50, 0xA1, 0x55, 0x54, 0x05, 0x55,
    0x55, 0x55, 0x55, 0x55, 0x55, 0x55, 0x55, 0x55, 0x55, 0x55, 0x55, 0x55, 0x55, 0x55, 0x55, 0x55,

/* Character 0x05 */
    0x55, 0x55, 0x55, 0x55, 0x55, 0x55, 0x55, 0x55, 0x55, 0x55, 0x55, 0x55, 0x55, 0x55, 0x55, 0x55,
    0x55, 0x55, 0x55, 0x55, 0x55, 0x55, 0x55, 0x55, 0x55, 0x00, 0x55, 0x54, 0x28, 0x15, 0x50, 0xAA,
    0x05, 0x52, 0xAA, 0x85, 0x50, 0x00, 0x05, 0x55, 0x55, 0x55, 0x55, 0x55, 0x55, 0x55, 0x55, 0x55,
    0x55, 0x55, 0x55, 0x55, 0x55, 0x55, 0x55, 0x55, 0x55, 0x55, 0x55, 0x55, 0x55, 0x55, 0x55, 0x55,

/* Character 0x06 */
    0x55, 0x55, 0x55, 0x55, 0x55, 0x55, 0x55, 0x55, 0x55, 0x55, 0x55, 0x55, 0x55, 0x55, 0x55, 0x40,
    0x40, 0x55, 0x48, 0x48, 0x55, 0x48, 0x48, 0x55, 0x48, 0x08, 0x55, 0x48, 0x20, 0x55, 0x48, 0x21,
    0x55, 0x48, 0x81, 0x55, 0x48, 0x85, 0x55, 0x42, 0x05, 0x55, 0x50, 0x15, 0x55, 0x55, 0x55, 0x55,
    0x55, 0x55, 0x55, 0x55, 0x55, 0x55, 0x55, 0x55, 0x55, 0x55, 0x55, 0x55, 0x55, 0x55, 0x55, 0x55,

/* Character 0x07 */
    0x55, 0x55, 0x55, 0x55, 0x55, 0x55, 0x40, 0x04, 0x01, 0x08, 0x80, 0xA0, 0x22, 0x22, 0x08, 0x22,
    0x22, 0xA8, 0x20, 0x22, 0x08, 0x01, 0x00, 0x00, 0x55, 0x55, 0x55, 0x54, 0x05, 0x55, 0x54, 0x85,
    0x55, 0x54, 0x80, 0x55, 0x54, 0x88, 0x55, 0x54, 0xA2, 0x15, 0x54, 0x82, 0x15, 0x54, 0x82, 0x15,
    0x54, 0x00, 0x15, 0x55, 0x55, 0x55, 0x55, 0x55, 0x55, 0x55, 0x55, 0x55, 0x55, 0x55, 0x55, 0x55,

/* Character 0x08 */
    0x55, 0x21, 0x55, 0x54, 0xA8, 0x55, 0x56, 0x8A, 0x55, 0x54, 0xA8, 0x55, 0x55, 0x21, 0x55, 0x55,
    0x55, 0x55, 0x55, 0x55, 0x55, 0x55, 0x55, 0x55, 0x55, 0x55, 0x55, 0x55, 0x55, 0x55, 0x55, 0x55,
    0x55, 0x55, 0x55, 0x55, 0x55, 0x55, 0x55, 0x55, 0x55, 0x55, 0x55, 0x55, 0x55, 0x55, 0x55, 0x55,
    0x55, 0x55, 0x55, 0x55, 0x55, 0x55, 0x55, 0x55, 0x55, 0x55, 0x55, 0x55, 0x55, 0x55, 0x55, 0x55,

/* Character 0x09 */
    0x55, 0x55, 0x55, 0x55, 0x55, 0x55, 0x55, 0x55, 0x55, 0x55, 0x55, 0x55, 0x55, 0x55, 0x55, 0x55,
    0x55, 0x55, 0x55, 0x21, 0x55, 0x54, 0xA8, 0x55, 0x56, 0x8A, 0x55, 0x54, 0xA8, 0x55, 0x55, 0x21,
    0x55, 0x55, 0x55, 0x55, 0x55, 0x55, 0x55, 0x55, 0x55, 0x55, 0x55, 0x55, 0x55, 0x55, 0x55, 0x55,
    0x55, 0x55, 0x55, 0x55, 0x55, 0x55, 0x55, 0x55, 0x55, 0x55, 0x55, 0x55, 0x55, 0x55, 0x55, 0x55,

/* Character 0x0A */
    0x55, 0x55, 0x55, 0x55, 0x55, 0x55, 0x55, 0x55, 0x55, 0x55, 0x55, 0x55, 0x55, 0x55, 0x55, 0x55,
    0x55, 0x55, 0x55, 0x55, 0x55, 0x55, 0x55, 0x55, 0x55, 0x55, 0x55, 0x55, 0x55, 0x55, 0x55, 0x55,
    0x55, 0x55, 0x55, 0x55, 0x55, 0x55, 0x55, 0x55, 0x21, 0x55, 0x54, 0xA8, 0x55, 0x56, 0x8A, 0x55,
    0x54, 0xA8, 0x55, 0x55, 0x21, 0x55, 0x55, 0x55, 0x55, 0x55, 0x55, 0x55, 0x55, 0x55, 0x55, 0x55,

/* Character 0x0B */
    0x55, 0x61, 0x55, 0x55, 0x61, 0x55, 0x55, 0x61, 0x55, 0x55, 0x61, 0x55, 0x55, 0x61, 0x55, 0x55,
    0x61, 0x55, 0x55, 0x61, 0x55, 0x55, 0x61, 0x55, 0xAA, 0xAA, 0xAA, 0x00, 0x20, 0x00, 0x55, 0x61,
    0x55, 0x55, 0x61, 0x55, 0x55, 0x61, 0x55, 0x55, 0x61, 0x55, 0x55, 0x61, 0x55, 0x55, 0x61, 0x55,
    0x55, 0x61, 0x55, 0x55, 0x61, 0x55, 0x55, 0x55, 0x55, 0x55, 0x55, 0x55, 0x55, 0x55, 0x55, 0x55,

/* Character 0x0C */
    0x55, 0x55, 0x55, 0x55, 0x55, 0x55, 0x55, 0x55, 0x55, 0x55, 0x55, 0x55, 0x55, 0x55, 0x55, 0x55,
    0x55, 0x55, 0x55, 0x55, 0x55, 0x50, 0x01, 0x55, 0x42, 0x20, 0x55, 0x48, 0x88, 0x55, 0x48, 0x88,
    0x55, 0x48, 0x08, 0x55, 0x48, 0x48, 0x55, 0x40, 0x40, 0x55, 0x55, 0x55, 0x55, 0x55, 0x55, 0x55,
    0x55, 0x55, 0x55, 0x55, 0x55, 0x55, 0x55, 0x55, 0x55, 0x55, 0x55, 0x55, 0x55, 0x55, 0x55, 0x55,

/* Character 0x0D */
    0x55, 0x55, 0x55, 0x55, 0x55, 0x55, 0x00, 0x15, 0x55, 0x2A, 0x15, 0x55, 0x22, 0x15, 0x55, 0x2A,
    0x10, 0x05, 0x00, 0x02, 0x81, 0x55, 0x48, 0x21, 0x55, 0x48, 0x01, 0x54, 0x08, 0x05, 0x54, 0xAA,
    0x85, 0x54, 0x08, 0x05, 0x55, 0x48, 0x55, 0x55, 0x48, 0x55, 0x55, 0x40, 0x55, 0x55, 0x55, 0x55,
    0x55, 0x55, 0x55, 0x55, 0x55, 0x55, 0x55, 0x55, 0x55, 0x55, 0x55, 0x55, 0x55, 0x55, 0x55, 0x55,

/* Character 0x0E */
    0x55, 0x55, 0x55, 0x55, 0x55, 0x55, 0x00, 0x15, 0x55, 0x2A, 0x15, 0x55, 0x22, 0x15, 0x55, 0x2A,
    0x15, 0x55, 0x00, 0x00, 0x05, 0x55, 0x0A, 0x81, 0x55, 0x20, 0x21, 0x55, 0x21, 0x01, 0x55, 0x21,
    0x55, 0x55, 0x21, 0x01, 0x55, 0x20, 0x21, 0x55, 0x0A, 0x81, 0x55, 0x40, 0x05, 0x55, 0x55, 0x55,
    0x55, 0x55, 0x55, 0x55, 0x55, 0x55, 0x55, 0x55, 0x55, 0x55, 0x55, 0x55, 0x55, 0x55, 0x55, 0x55,

/* Character 0x0F */
    0x55, 0x55, 0x55, 0x55, 0x55, 0x55, 0x55, 0x55, 0x55, 0x55, 0x55, 0x55, 0x55, 0x55, 0x55, 0x55,
    0x55, 0x55, 0x50, 0x15, 0x55, 0x42, 0x00, 0x55, 0x48, 0x88, 0x15, 0x48, 0x0A, 0x15, 0x4A, 0x08,
    0x05, 0x48, 0x08, 0x85, 0x48, 0x42, 0x05, 0x40, 0x50, 0x15, 0x55, 0x55, 0x55, 0x55, 0x55, 0x55,
    0x55, 0x55, 0x55, 0x55, 0x55, 0x55, 0x55, 0x55, 0x55, 0x55, 0x55, 0x55, 0x55, 0x55, 0x55, 0x55,

/* Character 0x10 */
    0x50, 0x14, 0x05, 0x4A, 0x02, 0x81, 0x48, 0x82, 0x21, 0x4A, 0x02, 0x81, 0x48, 0x82, 0x21, 0x4A,
    0x82, 0xA1, 0x50, 0x14, 0x05, 0x55, 0x55, 0x55, 0x54, 0x01, 0x55, 0x52, 0xA0, 0x55, 0x52, 0xA8,
    0x15, 0x52, 0xAA, 0x15, 0x52, 0xAA, 0x15, 0x52, 0xAA, 0x15, 0x52, 0xAA, 0x15, 0x52, 0xAA, 0x15,
    0x54, 0x00, 0x55, 0x55, 0x55, 0x55, 0x55, 0x55, 0x55, 0x55, 0x55, 0x55, 0x55, 0x55, 0x55, 0x55,

/* Character 0x11 */
    0x55, 0x55, 0x55, 0x55, 0x00, 0x55, 0x50, 0xAA, 0x05, 0x4A, 0x00, 0xA1, 0x48, 0x82, 0x21, 0x20,
    0x82, 0x08, 0x20, 0xAA, 0x08, 0x20, 0x82, 0x08, 0x28, 0x82, 0x28, 0x4A, 0x00, 0xA1, 0x4A, 0xAA,
    0xA1, 0x52, 0xAA, 0x85, 0x54, 0xAA, 0x15, 0x54, 0xAA, 0x15, 0x55, 0x28, 0x55, 0x55, 0x28, 0x55,
    0x55, 0x41, 0x55, 0x55, 0x55, 0x55, 0x55, 0x55, 0x55, 0x55, 0x55, 0x55, 0x55, 0x55, 0x55, 0x55,

/* Character 0x12 */
    0x55, 0x00, 0x55, 0x54, 0xAA, 0x15, 0x52, 0x00, 0x85, 0x48, 0x54, 0x20, 0x48, 0x52, 0xAA, 0x48,
    0x54, 0xA8, 0x48, 0x55, 0x21, 0x52, 0x00, 0x45, 0x54, 0xAA, 0x15, 0x55, 0x00, 0x55, 0x40, 0x50,
    0x41, 0x2A, 0x0A, 0x28, 0x20, 0x8A, 0xA8, 0x2A, 0x08, 0x88, 0x20, 0x88, 0x08, 0x20, 0x88, 0x48,
    0x45, 0x11, 0x51, 0x55, 0x55, 0x55, 0x55, 0x55, 0x55, 0x55, 0x55, 0x55, 0x55, 0x55, 0x55, 0x55,

/* Character 0x13 */
    0x55, 0x28, 0x55, 0x55, 0x41, 0x55, 0x55, 0x55, 0x55, 0x55, 0x55, 0x55, 0x55, 0x55, 0x55, 0x55,
    0x55, 0x55, 0x55, 0x55, 0x55, 0x55, 0x00, 0x55, 0x54, 0xAA, 0x15, 0x54, 0xAA, 0x15, 0x55, 0x00,
    0x55, 0x55, 0x55, 0x55, 0x55, 0x55, 0x55, 0x55, 0x55, 0x55, 0x55, 0x55, 0x55, 0x55, 0x55, 0x55,
    0x55, 0x41, 0x55, 0x55, 0x28, 0x55, 0x55, 0x55, 0x55, 0x55, 0x55, 0x55, 0x55, 0x55, 0x55, 0x55,

/* Character 0x14 */
    0x55, 0x55, 0x55, 0x55, 0x55, 0x55, 0x55, 0x55, 0x55, 0x55, 0x55, 0x55, 0x55, 0x55, 0x55, 0x55,
    0x55, 0x55, 0x55, 0x55, 0x55, 0x41, 0x51, 0x45, 0x28, 0x48, 0x21, 0x22, 0x22, 0x21, 0x28, 0x22,
    0x21, 0x22, 0x22, 0x21, 0x22, 0x08, 0x28, 0x44, 0x51, 0x41, 0x55, 0x55, 0x55, 0x55, 0x55, 0x55,
    0x55, 0x55, 0x55, 0x55, 0x55, 0x55, 0x55, 0x55, 0x55, 0x55, 0x55, 0x55, 0x55, 0x55, 0x55, 0x55,

/* Character 0x15 */
    0x55, 0x55, 0x55, 0x55, 0x55, 0x55, 0x55, 0x55, 0x55, 0x55, 0x55, 0x55, 0x55, 0x55, 0x55, 0x55,
    0x55, 0x55, 0x55, 0x55, 0x55, 0x50, 0x11, 0x45, 0x4A, 0x88, 0x21, 0x48, 0x80, 0xA8, 0x4A, 0x88,
    0x21, 0x48, 0x08, 0x21, 0x48, 0x48, 0x21, 0x51, 0x51, 0x45, 0x55, 0x55, 0x55, 0x55, 0x55, 0x55,
    0x55, 0x55, 0x55, 0x55, 0x55, 0x55, 0x55, 0x55, 0x55, 0x55, 0x55, 0x55, 0x55, 0x55, 0x55, 0x55,

/* Character 0x16 */
    0x55, 0x61, 0x55, 0x55, 0x61, 0x55, 0x55, 0x61, 0x55, 0x55, 0x61, 0x55, 0x55, 0x61, 0x55, 0x55,
    0x61, 0x55, 0x55, 0x61, 0x55, 0x55, 0x61, 0x55, 0x55, 0x61, 0x55, 0x55, 0x61, 0x55, 0x55, 0x61,
    0x55, 0x55, 0x61, 0x55, 0x55, 0x61, 0x55, 0x55, 0x61, 0x55, 0x55, 0x61, 0x55, 0x55, 0x61, 0x55,
    0x55, 0x61, 0x55, 0x55, 0x61, 0x55, 0x55, 0x55, 0x55, 0x55, 0x55, 0x55, 0x55, 0x55, 0x55, 0x55,

/* Character 0x17 */
    0x55, 0x55, 0x55, 0x55, 0x55, 0x55, 0x55, 0x55, 0x55, 0x55, 0x55, 0x55, 0x55, 0x55, 0x55, 0x55,
    0x55, 0x55, 0x55, 0x55, 0x55, 0x55, 0x55, 0x55, 0xAA, 0xAA, 0xAA, 0x00, 0x00, 0x00, 0x55, 0x55,
    0x55, 0x55, 0x55, 0x55, 0x55, 0x55, 0x55, 0x55, 0x55, 0x55, 0x55, 0x55, 0x55, 0x55, 0x55, 0x55,
    0x55, 0x55, 0x55, 0x55, 0x55, 0x55, 0x55, 0x55, 0x55, 0x55, 0x55, 0x55, 0x55, 0x55, 0x55, 0x55,

/* Character 0x18 */
    0x55, 0x55, 0x55, 0x55, 0x55, 0x55, 0x55, 0x55, 0x55, 0x50, 0x00, 0x05, 0x52, 0x82, 0x85, 0x52,
    0x82, 0x85, 0x52, 0xA2, 0x85, 0x52, 0xAA, 0x85, 0x52, 0xAA, 0x85, 0x52, 0xAA, 0x85, 0x52, 0x8A,
    0x85, 0x52, 0x82, 0x85, 0x52, 0x82, 0x85, 0x52, 0x82, 0x85, 0x50, 0x00, 0x05, 0x55, 0x55, 0x55,
    0x55, 0x55, 0x55, 0x55, 0x55, 0x55, 0x55, 0x55, 0x55, 0x55, 0x55, 0x55, 0x55, 0x55, 0x55, 0x55,

/* Character 0x19 */
    0x55, 0x55, 0x55, 0x55, 0x55, 0x55, 0x55, 0x55, 0x55, 0x54, 0x00, 0x15, 0x50, 0xAA, 0x05, 0x52,
    0xAA, 0x85, 0x52, 0x82, 0x85, 0x52, 0x80, 0x05, 0x50, 0xA8, 0x15, 0x54, 0x2A, 0x05, 0x50, 0x02,
    0x85, 0x52, 0x82, 0x85, 0x52, 0xAA, 0x85, 0x50, 0xAA, 0x05, 0x54, 0x00, 0x15, 0x55, 0x55, 0x55,
    0x55, 0x55, 0x55, 0x55, 0x55, 0x55, 0x55, 0x55, 0x55, 0x55, 0x55, 0x55, 0x55, 0x55, 0x55, 0x55,

/* Character 0x1A */
    0x55, 0x55, 0x55, 0x55, 0x55, 0x55, 0x55, 0x55, 0x55, 0x50, 0x00, 0x05, 0x52, 0xAA, 0x85, 0x52,
    0xAA, 0x85, 0x52, 0x80, 0x05, 0x52, 0x80, 0x55, 0x52, 0xA8, 0x55, 0x52, 0xA8, 0x55, 0x52, 0x80,
    0x55, 0x52, 0x80, 0x05, 0x52, 0xAA, 0x85, 0x52, 0xAA, 0x85, 0x50, 0x00, 0x05, 0x55, 0x55, 0x55,
    0x55, 0x55, 0x55, 0x55, 0x55, 0x55, 0x55, 0x55, 0x55, 0x55, 0x55, 0x55, 0x55, 0x55, 0x55, 0x55,

/* Character 0x1B */
    0x55, 0x55, 0x55, 0x55, 0x55, 0x55, 0x55, 0x55, 0x55, 0x40, 0x14, 0x01, 0x4A, 0x14, 0xA1, 0x4A,
    0x14, 0xA1, 0x4A, 0x14, 0xA1, 0x4A, 0x14, 0xA1, 0x4A, 0x00, 0xA1, 0x4A, 0x28, 0xA1, 0x4A, 0x28,
    0xA1, 0x42, 0xAA, 0x81, 0x52, 0x82, 0x85, 0x52, 0x82, 0x85, 0x50, 0x00, 0x05, 0x55, 0x55, 0x55,
    0x55, 0x55, 0x55, 0x55, 0x55, 0x55, 0x55, 0x55, 0x55, 0x55, 0x55, 0x55, 0x55, 0x55, 0x55, 0x55,

/* Character 0x1C */
    0x55, 0x55, 0x55, 0x55, 0x55, 0x55, 0x55, 0x55, 0x55, 0x55, 0x41, 0x55, 0x55, 0x28, 0x55, 0x55,
    0x28, 0x55, 0x55, 0x28, 0x55, 0x55, 0x28, 0x55, 0x55, 0x28, 0x55, 0x55, 0x28, 0x55, 0x55, 0x28,
    0x55, 0x55, 0x28, 0x55, 0x55, 0x41, 0x55, 0x55, 0x55, 0x55, 0x55, 0x55, 0x55, 0x55, 0x55, 0x55,
    0x55, 0x55, 0x55, 0x55, 0x55, 0x55, 0x55, 0x55, 0x55, 0x55, 0x55, 0x55, 0x55, 0x55, 0x55, 0x55,

/* Character 0x1D */
    0x55, 0x55, 0x55, 0x55, 0x55, 0x55, 0x55, 0x55, 0x55, 0x55, 0x41, 0x55, 0x55, 0x28, 0x55, 0x55,
    0x28, 0x55, 0x55, 0x28, 0x55, 0x55, 0x28, 0x55, 0x55, 0x28, 0x55, 0x55, 0x41, 0x55, 0x55, 0x55,
    0x55, 0x55, 0x55, 0x55, 0x55, 0x55, 0x55, 0x55, 0x55, 0x55, 0x55, 0x55, 0x55, 0x55, 0x55, 0x55,
    0x55, 0x55, 0x55, 0x55, 0x55, 0x55, 0x55, 0x55, 0x55, 0x55, 0x55, 0x55, 0x55, 0x55, 0x55, 0x55,

/* Character 0x1E */
    0x55, 0x55, 0x55, 0x55, 0x54, 0x05, 0x55, 0x50, 0x81, 0x55, 0x42, 0xA0, 0x55, 0x4A, 0xA8, 0x55,
    0x42, 0xA8, 0x55, 0x50, 0xAA, 0x55, 0x54, 0x08, 0x55, 0x55, 0x42, 0x55, 0x55, 0x0A, 0x54, 0x02,
    0x8A, 0x54, 0xA2, 0x80, 0x54, 0xA0, 0x28, 0x54, 0x02, 0x29, 0x55, 0x50, 0x01, 0x55, 0x54, 0xA1,
    0x55, 0x54, 0xA1, 0x55, 0x54, 0x01, 0x55, 0x55, 0x55, 0x55, 0x55, 0x55, 0x55, 0x55, 0x55, 0x55,

/* Character 0x1F */
    0x55, 0x55, 0x55, 0x55, 0x55, 0x55, 0x55, 0x55, 0x55, 0x55, 0x55, 0x55, 0x55, 0x55, 0x55, 0x01,
    0x55, 0x55, 0x21, 0x55, 0x55, 0xA8, 0x55, 0x55, 0xA0, 0x55, 0x55, 0x88, 0x05, 0x55, 0x2A, 0x81,
    0x55, 0x0A, 0xA0, 0x55, 0x4A, 0xA8, 0x55, 0x42, 0xA0, 0x55, 0x50, 0x81, 0x55, 0x54, 0x05, 0x55,
    0x55, 0x55, 0x55, 0x55, 0x55, 0x55, 0x55, 0x55, 0x55, 0x55, 0x55, 0x55, 0x55, 0x55, 0x55, 0x55,

/* Character 0x20 */
    0x55, 0x55, 0x55, 0x55, 0x55, 0x55, 0x55, 0x55, 0x55, 0x55, 0x55, 0x55, 0x55, 0x55, 0x55, 0x55,
    0x55, 0x55, 0x55, 0x55, 0x55, 0x55, 0x55, 0x55, 0x55, 0x55, 0x55, 0x55, 0x55, 0x55, 0x55, 0x55,
    0x55, 0x55, 0x55, 0x55, 0x55, 0x55, 0x55, 0x55, 0x55, 0x55, 0x55, 0x55, 0x55, 0x55, 0x55, 0x55,
    0x55, 0x55, 0x55, 0x55, 0x55, 0x55, 0x55, 0x55, 0x55, 0x55, 0x55, 0x55, 0x55, 0x55, 0x55, 0x55,

/* Character 0x21 */
    0x55, 0x55, 0x55, 0x55, 0x55, 0x55, 0x55, 0x41, 0x55, 0x55, 0x28, 0x55, 0x55, 0x28, 0x55, 0x55,
    0x28, 0x55, 0x55, 0x28, 0x55, 0x55, 0x28, 0x55, 0x55, 0x28, 0x55, 0x55, 0x28, 0x55, 0x55, 0x28,
    0x55, 0x55, 0x28, 0x55, 0x55, 0x41, 0x55, 0x55, 0x41, 0x55, 0x55, 0x28, 0x55, 0x55, 0x28, 0x55,
    0x55, 0x28, 0x55, 0x55, 0x41, 0x55, 0x55, 0x55, 0x55, 0x55, 0x55, 0x55, 0x55, 0x55, 0x55, 0x55,

/* Character 0x22 */
    0x55, 0x55, 0x55, 0x55, 0x55, 0x55, 0x55, 0x14, 0x55, 0x54, 0x82, 0x15, 0x54, 0x82, 0x15, 0x54,
    0x82, 0x15, 0x55, 0x14, 0x55, 0x55, 0x55, 0x55, 0x55, 0x55, 0x55, 0x55, 0x55, 0x55, 0x55, 0x55,
    0x55, 0x55, 0x55, 0x55, 0x55, 0x55, 0x55, 0x55, 0x55, 0x55, 0x55, 0x55, 0x55, 0x55, 0x55, 0x55,
    0x55, 0x55, 0x55, 0x55, 0x55, 0x55, 0x55, 0x55, 0x55, 0x55, 0x55, 0x55, 0x55, 0x55, 0x55, 0x55,

/* Character 0x23 */
    0x55, 0x55, 0x55, 0x55, 0x55, 0x55, 0x55, 0x55, 0x55, 0x55, 0x14, 0x55, 0x54, 0x82, 0x15, 0x54,
    0x82, 0x15, 0x50, 0x82, 0x05, 0x4A, 0xAA, 0xA1, 0x50, 0x82, 0x05, 0x50, 0x82, 0x05, 0x50, 0x82,
    0x05, 0x4A, 0xAA, 0xA1, 0x50, 0x82, 0x05, 0x54, 0x82, 0x15, 0x54, 0x82, 0x15, 0x55, 0x14, 0x55,
    0x55, 0x55, 0x55, 0x55, 0x55, 0x55, 0x55, 0x55, 0x55, 0x55, 0x55, 0x55, 0x55, 0x55, 0x55, 0x55,

/* Character 0x24 */
    0x55, 0x55, 0x55, 0x55, 0x55, 0x55, 0x55, 0x55, 0x55, 0x55, 0x55, 0x55, 0x55, 0x55, 0x55, 0x55,
    0x55, 0x55, 0x00, 0x00, 0x00, 0x88, 0x20, 0x88, 0xA8, 0x88, 0x88, 0x88, 0xA8, 0x20, 0x88, 0x88,
    0x88, 0x88, 0x88, 0x88, 0x00, 0x00, 0x00, 0x55, 0x55, 0x55, 0x55, 0x55, 0x55, 0x55, 0x55, 0x55,
    0x55, 0x55, 0x55, 0x55, 0x55, 0x55, 0x55, 0x55, 0x55, 0x55, 0x55, 0x55, 0x55, 0x55, 0x55, 0x55,

/* Character 0x25 */
    0x55, 0x55, 0x55, 0x55, 0x55, 0x55, 0x55, 0x55, 0x55, 0x55, 0x55, 0x55, 0x55, 0x55, 0x55, 0x50,
    0x55, 0x05, 0x4A, 0x14, 0xA5, 0x50, 0x42, 0x85, 0x55, 0x0A, 0x15, 0x55, 0x28, 0x55, 0x54, 0xA1,
    0x05, 0x52, 0x84, 0xA1, 0x4A, 0x15, 0x05, 0x40, 0x55, 0x55, 0x55, 0x55, 0x55, 0x55, 0x55, 0x55,
    0x55, 0x55, 0x55, 0x55, 0x55, 0x55, 0x55, 0x55, 0x55, 0x55, 0x55, 0x55, 0x55, 0x55, 0x55, 0x55,

/* Character 0x26 */
    0x55, 0x55, 0x55, 0x55, 0x55, 0x55, 0x55, 0x55, 0x55, 0x55, 0x55, 0x55, 0x55, 0x55, 0x55, 0x55,
    0x55, 0x55, 0x55, 0x55, 0x55, 0x55, 0x55, 0x05, 0x55, 0x50, 0xA0, 0x55, 0x50, 0xA0, 0x55, 0x55,
    0x05, 0x55, 0x55, 0x55, 0x55, 0x55, 0x55, 0x55, 0x55, 0x55, 0x55, 0x55, 0x55, 0x55, 0x55, 0x55,
    0x55, 0x55, 0x55, 0x55, 0x55, 0x55, 0x55, 0x55, 0x55, 0x55, 0x55, 0x55, 0x55, 0x55, 0x55, 0x55,

/* Character 0x27 */
    0x55, 0x55, 0x55, 0x55, 0x55, 0x55, 0x55, 0x55, 0x55, 0x55, 0x55, 0x55, 0x55, 0x55, 0x55, 0x55,
    0x55, 0x55, 0x55, 0x55, 0x55, 0x50, 0x55, 0x55, 0x0A, 0x05, 0x55, 0x0A, 0x05, 0x55, 0x50, 0x55,
    0x55, 0x55, 0x55, 0x55, 0x55, 0x55, 0x55, 0x55, 0x55, 0x55, 0x55, 0x55, 0x55, 0x55, 0x55, 0x55,
    0x55, 0x55, 0x55, 0x55, 0x55, 0x55, 0x55, 0x55, 0x55, 0x55, 0x55, 0x55, 0x55, 0x55, 0x55, 0x55,

/* Character 0x28 */
    0x55, 0x55, 0x55, 0x55, 0x55, 0x55, 0x55, 0x55, 0x41, 0x55, 0x55, 0x28, 0x55, 0x54, 0xA1, 0x55,
    0x52, 0x85, 0x55, 0x4A, 0x15, 0x55, 0x4A, 0x15, 0x55, 0x4A, 0x15, 0x55, 0x4A, 0x15, 0x55, 0x4A,
    0x15, 0x55, 0x4A, 0x15, 0x55, 0x4A, 0x15, 0x55, 0x52, 0x85, 0x55, 0x54, 0xA1, 0x55, 0x55, 0x28,
    0x55, 0x55, 0x41, 0x55, 0x55, 0x55, 0x55, 0x55, 0x55, 0x55, 0x55, 0x55, 0x55, 0x55, 0x55, 0x55,

/* Character 0x29 */
    0x55, 0x55, 0x55, 0x55, 0x55, 0x55, 0x50, 0x55, 0x55, 0x4A, 0x15, 0x55, 0x52, 0x85, 0x55, 0x54,
    0xA1, 0x55, 0x55, 0x28, 0x55, 0x55, 0x28, 0x55, 0x55, 0x28, 0x55, 0x55, 0x28, 0x55, 0x55, 0x28,
    0x55, 0x55, 0x28, 0x55, 0x55, 0x28, 0x55, 0x54, 0xA1, 0x55, 0x52, 0x85, 0x55, 0x4A, 0x15, 0x55,
    0x50, 0x55, 0x55, 0x55, 0x55, 0x55, 0x55, 0x55, 0x55, 0x55, 0x55, 0x55, 0x55, 0x55, 0x55, 0x55,

/* Character 0x2A */
    0x55, 0x55, 0x55, 0x55, 0x55, 0x55, 0x55, 0x55, 0x55, 0x55, 0x55, 0x55, 0x40, 0x14, 0x01, 0x4A,
    0x00, 0xA1, 0x42, 0x82, 0x81, 0x40, 0xAA, 0x01, 0x4A, 0xAA, 0xA1, 0x40, 0xAA, 0x01, 0x42, 0x82,
    0x81, 0x4A, 0x00, 0xA1, 0x40, 0x14, 0x01, 0x55, 0x55, 0x55, 0x55, 0x55, 0x55, 0x55, 0x55, 0x55,
    0x55, 0x55, 0x55, 0x55, 0x55, 0x55, 0x55, 0x55, 0x55, 0x55, 0x55, 0x55, 0x55, 0x55, 0x55, 0x55,

/* Character 0x2B */
    0x55, 0x55, 0x55, 0x55, 0x55, 0x55, 0x55, 0x55, 0x55, 0x55, 0x55, 0x55, 0x55, 0x55, 0x55, 0x55,
    0x01, 0x55, 0x55, 0x21, 0x55, 0x50, 0x20, 0x15, 0x52, 0xAA, 0x15, 0x50, 0x20, 0x15, 0x55, 0x21,
    0x55, 0x55, 0x01, 0x55, 0x55, 0x55, 0x55, 0x55, 0x55, 0x55, 0x55, 0x55, 0x55, 0x55, 0x55, 0x55,
    0x55, 0x55, 0x55, 0x55, 0x55, 0x55, 0x55, 0x55, 0x55, 0x55, 0x55, 0x55, 0x55, 0x55, 0x55, 0x55,

/* Character 0x2C */
    0x55, 0x55, 0x55, 0x55, 0x55, 0x55, 0x55, 0x55, 0x55, 0x55, 0x55, 0x55, 0x55, 0x55, 0x55, 0x55,
    0x55, 0x55, 0x55, 0x55, 0x55, 0x55, 0x55, 0x55, 0x55, 0x55, 0x55, 0x55, 0x55, 0x55, 0x55, 0x55,
    0x55, 0x55, 0x00, 0x55, 0x55, 0x28, 0x55, 0x54, 0x28, 0x55, 0x54, 0xA0, 0x55, 0x54, 0x01, 0x55,
    0x55, 0x55, 0x55, 0x55, 0x55, 0x55, 0x55, 0x55, 0x55, 0x55, 0x55, 0x55, 0x55, 0x55, 0x55, 0x55,

/* Character 0x2D */
    0x55, 0x55, 0x55, 0x55, 0x55, 0x55, 0x55, 0x55, 0x55, 0x55, 0x55, 0x55, 0x55, 0x55, 0x55, 0x55,
    0x55, 0x55, 0x55, 0x55, 0x55, 0x50, 0x00, 0x05, 0x52, 0xAA, 0x85, 0x52, 0xAA, 0x85, 0x50, 0x00,
    0x05, 0x55, 0x55, 0x55, 0x55, 0x55, 0x55, 0x55, 0x55, 0x55, 0x55, 0x55, 0x55, 0x55, 0x55, 0x55,
    0x55, 0x55, 0x55, 0x55, 0x55, 0x55, 0x55, 0x55, 0x55, 0x55, 0x55, 0x55, 0x55, 0x55, 0x55, 0x55,

/* Character 0x2E */
    0x55, 0x55, 0x55, 0x55, 0x55, 0x55, 0x55, 0x55, 0x55, 0x55, 0x55, 0x55, 0x55, 0x55, 0x55, 0x55,
    0x55, 0x55, 0x55, 0x55, 0x55, 0x55, 0x55, 0x55, 0x55, 0x55, 0x55, 0x55, 0x55, 0x55, 0x55, 0x55,
    0x55, 0x55, 0x00, 0x55, 0x55, 0x28, 0x55, 0x55, 0x28, 0x55, 0x55, 0x00, 0x55, 0x55, 0x55, 0x55,
    0x55, 0x55, 0x55, 0x55, 0x55, 0x55, 0x55, 0x55, 0x55, 0x55, 0x55, 0x55, 0x55, 0x55, 0x55, 0x55,

/* Character 0x2F */
    0x55, 0x55, 0x55, 0x55, 0x55, 0x55, 0x55, 0x55, 0x55, 0x55, 0x55, 0x55, 0x55, 0x54, 0x01, 0x55,
    0x50, 0xA1, 0x55, 0x42, 0xA1, 0x55, 0x0A, 0x81, 0x54, 0x2A, 0x05, 0x50, 0xA8, 0x15, 0x42, 0xA0,
    0x55, 0x4A, 0x81, 0x55, 0x4A, 0x05, 0x55, 0x40, 0x15, 0x55, 0x55, 0x55, 0x55, 0x55, 0x55, 0x55,
    0x55, 0x55, 0x55, 0x55, 0x55, 0x55, 0x55, 0x55, 0x55, 0x55, 0x55, 0x55, 0x55, 0x55, 0x55, 0x55,

/* Character 0x30 */
    0x55, 0x55, 0x55, 0x55, 0x55, 0x55, 0x54, 0x00, 0x15, 0x52, 0xAA, 0x85, 0x4A, 0xAA, 0xA1, 0x2A,
    0x00, 0xA8, 0x28, 0x55, 0x28, 0x28, 0x55, 0x28, 0x28, 0x55, 0x28, 0x28, 0x55, 0x28, 0x28, 0x55,
    0x28, 0x28, 0x55, 0x28, 0x28, 0x55, 0x28, 0x28, 0x55, 0x28, 0x2A, 0x00, 0xA8, 0x4A, 0xAA, 0xA1,
    0x52, 0xAA, 0x85, 0x54, 0x00, 0x15, 0x55, 0x55, 0x55, 0x55, 0x55, 0x55, 0x55, 0x55, 0x55, 0x55,

/* Character 0x31 */
    0x55, 0x55, 0x55, 0x55, 0x55, 0x55, 0x55, 0x41, 0x55, 0x55, 0x28, 0x55, 0x54, 0xA8, 0x55, 0x52,
    0xA8, 0x55, 0x52, 0xA8, 0x55, 0x50, 0x28, 0x55, 0x55, 0x28, 0x55, 0x55, 0x28, 0x55, 0x55, 0x28,
    0x55, 0x55, 0x28, 0x55, 0x55, 0x28, 0x55, 0x55, 0x28, 0x55, 0x54, 0x28, 0x15, 0x52, 0xAA, 0x85,
    0x52, 0xAA, 0x85, 0x54, 0x00, 0x15, 0x55, 0x55, 0x55, 0x55, 0x55, 0x55, 0x55, 0x55, 0x55, 0x55,

/* Character 0x32 */
    0x55, 0x55, 0x55, 0x55, 0x55, 0x55, 0x54, 0x00, 0x15, 0x52, 0xAA, 0x85, 0x4A, 0xAA, 0xA1, 0x2A,
    0x80, 0xA8, 0x2A, 0x15, 0x28, 0x40, 0x55, 0x28, 0x55, 0x54, 0xA8, 0x55, 0x52, 0xA1, 0x55, 0x4A,
    0x85, 0x55, 0x2A, 0x15, 0x54, 0xA8, 0x55, 0x52, 0xA1, 0x55, 0x4A, 0x80, 0x01, 0x2A, 0xAA, 0xA8,
    0x2A, 0xAA, 0xA8, 0x40, 0x00, 0x01, 0x55, 0x55, 0x55, 0x55, 0x55, 0x55, 0x55, 0x55, 0x55, 0x55,

/* Character 0x33 */
    0x55, 0x55, 0x55, 0x55, 0x55, 0x55, 0x54, 0x00, 0x15, 0x52, 0xAA, 0x85, 0x4A, 0xAA, 0xA1, 0x2A,
    0x00, 0xA8, 0x28, 0x55, 0x28, 0x41, 0x55, 0x28, 0x55, 0x40, 0xA8, 0x55, 0x2A, 0xA1, 0x55, 0x2A,
    0xA1, 0x55, 0x40, 0xA8, 0x41, 0x55, 0x28, 0x28, 0x55, 0x28, 0x2A, 0x00, 0xA8, 0x4A, 0xAA, 0xA1,
    0x52, 0xAA, 0x85, 0x54, 0x00, 0x15, 0x55, 0x55, 0x55, 0x55, 0x55, 0x55, 0x55, 0x55, 0x55, 0x55,

/* Character 0x34 */
    0x55, 0x55, 0x55, 0x55, 0x55, 0x55, 0x55, 0x54, 0x15, 0x55, 0x52, 0x85, 0x55, 0x4A, 0x85, 0x55,
    0x2A, 0x85, 0x54, 0xAA, 0x85, 0x52, 0xA2, 0x85, 0x4A, 0x82, 0x85, 0x2A, 0x12, 0x85, 0x28, 0x02,
    0x81, 0x2A, 0xAA, 0xA8, 0x2A, 0xAA, 0xA8, 0x40, 0x02, 0x81, 0x55, 0x52, 0x85, 0x55, 0x52, 0x85,
    0x55, 0x52, 0x85, 0x55, 0x54, 0x15, 0x55, 0x55, 0x55, 0x55, 0x55, 0x55, 0x55, 0x55, 0x55, 0x55,

/* Character 0x35 */
    0x55, 0x55, 0x55, 0x55, 0x55, 0x55, 0x40, 0x00, 0x01, 0x2A, 0xAA, 0xA8, 0x2A, 0xAA, 0xA8, 0x28,
    0x00, 0x01, 0x28, 0x00, 0x15, 0x2A, 0xAA, 0x85, 0x2A, 0xAA, 0xA1, 0x40, 0x00, 0xA8, 0x55, 0x55,
    0x28, 0x55, 0x55, 0x28, 0x41, 0x55, 0x28, 0x28, 0x55, 0x28, 0x2A, 0x00, 0xA8, 0x4A, 0xAA, 0xA1,
    0x52, 0xAA, 0x85, 0x54, 0x00, 0x15, 0x55, 0x55, 0x55, 0x55, 0x55, 0x55, 0x55, 0x55, 0x55, 0x55,

/* Character 0x36 */
    0x55, 0x55, 0x55, 0x55, 0x55, 0x55, 0x54, 0x00, 0x15, 0x52, 0xAA, 0x85, 0x4A, 0xAA, 0xA1, 0x2A,
    0x00, 0xA8, 0x28, 0x55, 0x28, 0x28, 0x55, 0x41, 0x28, 0x00, 0x15, 0x2A, 0xAA, 0x85, 0x2A, 0xAA,
    0xA1, 0x28, 0x00, 0xA8, 0x28, 0x55, 0x28, 0x28, 0x55, 0x28, 0x2A, 0x00, 0xA8, 0x4A, 0xAA, 0xA1,
    0x52, 0xAA, 0x85, 0x54, 0x00, 0x15, 0x55, 0x55, 0x55, 0x55, 0x55, 0x55, 0x55, 0x55, 0x55, 0x55,

/* Character 0x37 */
    0x55, 0x55, 0x55, 0x55, 0x55, 0x55, 0x40, 0x00, 0x01, 0x2A, 0xAA, 0xA8, 0x2A, 0xAA, 0xA8, 0x40,
    0x00, 0x28, 0x55, 0x54, 0xA8, 0x55, 0x52, 0xA1, 0x55, 0x4A, 0x85, 0x55, 0x2A, 0x15, 0x55, 0x28,
    0x55, 0x55, 0x28, 0x55, 0x55, 0x28, 0x55, 0x55, 0x28, 0x55, 0x55, 0x28, 0x55, 0x55, 0x28, 0x55,
    0x55, 0x28, 0x55, 0x55, 0x41, 0x55, 0x55, 0x55, 0x55, 0x55, 0x55, 0x55, 0x55, 0x55, 0x55, 0x55,

/* Character 0x38 */
    0x55, 0x55, 0x55, 0x55, 0x55, 0x55, 0x54, 0x00, 0x15, 0x52, 0xAA, 0x85, 0x4A, 0xAA, 0xA1, 0x2A,
    0x00, 0xA8, 0x28, 0x55, 0x28, 0x28, 0x55, 0x28, 0x2A, 0x00, 0xA8, 0x4A, 0xAA, 0xA1, 0x4A, 0xAA,
    0xA1, 0x2A, 0x00, 0xA8, 0x28, 0x55, 0x28, 0x28, 0x55, 0x28, 0x2A, 0x00, 0xA8, 0x4A, 0xAA, 0xA1,
    0x52, 0xAA, 0x85, 0x54, 0x00, 0x15, 0x55, 0x55, 0x55, 0x55, 0x55, 0x55, 0x55, 0x55, 0x55, 0x55,

/* Character 0x39 */
    0x55, 0x55, 0x55, 0x55, 0x55, 0x55, 0x54, 0x00, 0x15, 0x52, 0xAA, 0x85, 0x4A, 0xAA, 0xA1, 0x2A,
    0x00, 0xA8, 0x28, 0x55, 0x28, 0x28, 0x55, 0x28, 0x2A, 0x00, 0x28, 0x4A, 0xAA, 0xA8, 0x52, 0xAA,
    0xA8, 0x54, 0x00, 0x28, 0x41, 0x55, 0x28, 0x28, 0x55, 0x28, 0x2A, 0x00, 0xA8, 0x4A, 0xAA, 0xA1,
    0x52, 0xAA, 0x85, 0x54, 0x00, 0x15, 0x55, 0x55, 0x55, 0x55, 0x55, 0x55, 0x55, 0x55, 0x55, 0x55,

/* Character 0x3A */
    0x55, 0x55, 0x55, 0x55, 0x55, 0x55, 0x55, 0x55, 0x55, 0x55, 0x55, 0x55, 0x55, 0x41, 0x55, 0x55,
    0x28, 0x55, 0x55, 0x28, 0x55, 0x55, 0x41, 0x55, 0x55, 0x55, 0x55, 0x55, 0x55, 0x55, 0x55, 0x41,
    0x55, 0x55, 0x28, 0x55, 0x55, 0x28, 0x55, 0x55, 0x41, 0x55, 0x55, 0x55, 0x55, 0x55, 0x55, 0x55,
    0x55, 0x55, 0x55, 0x55, 0x55, 0x55, 0x55, 0x55, 0x55, 0x55, 0x55, 0x55, 0x55, 0x55, 0x55, 0x55,

/* Character 0x3B */
    0x55, 0x55, 0x55, 0x55, 0x55, 0x55, 0x55, 0x55, 0x55, 0x55, 0x55, 0x55, 0x55, 0x41, 0x55, 0x55,
    0x28, 0x55, 0x55, 0x28, 0x55, 0x55, 0x41, 0x55, 0x55, 0x55, 0x55, 0x55, 0x55, 0x55, 0x55, 0x41,
    0x55, 0x55, 0x28, 0x55, 0x55, 0x28, 0x55, 0x54, 0xA1, 0x55, 0x55, 0x05, 0x55, 0x55, 0x55, 0x55,
    0x55, 0x55, 0x55, 0x55, 0x55, 0x55, 0x55, 0x55, 0x55, 0x55, 0x55, 0x55, 0x55, 0x55, 0x55, 0x55,

/* Character 0x3C */
    0x55, 0x55, 0x55, 0x55, 0x55, 0x55, 0x55, 0x55, 0x55, 0x55, 0x50, 0x05, 0x55, 0x42, 0x85, 0x55,
    0x0A, 0x05, 0x54, 0x28, 0x15, 0x50, 0xA0, 0x55, 0x52, 0x81, 0x55, 0x52, 0x81, 0x55, 0x50, 0xA0,
    0x55, 0x54, 0x28, 0x15, 0x55, 0x0A, 0x05, 0x55, 0x42, 0x85, 0x55, 0x50, 0x05, 0x55, 0x55, 0x55,
    0x55, 0x55, 0x55, 0x55, 0x55, 0x55, 0x55, 0x55, 0x55, 0x55, 0x55, 0x55, 0x55, 0x55, 0x55, 0x55,

/* Character 0x3D */
    0x55, 0x55, 0x55, 0x55, 0x55, 0x55, 0x55, 0x55, 0x55, 0x55, 0x55, 0x55, 0x50, 0x00, 0x05, 0x52,
    0xAA, 0x85, 0x52, 0xAA, 0x85, 0x50, 0x00, 0x05, 0x55, 0x55, 0x55, 0x55, 0x55, 0x55, 0x50, 0x00,
    0x05, 0x52, 0xAA, 0x85, 0x52, 0xAA, 0x85, 0x50, 0x00, 0x05, 0x55, 0x55, 0x55, 0x55, 0x55, 0x55,
    0x55, 0x55, 0x55, 0x55, 0x55, 0x55, 0x55, 0x55, 0x55, 0x55, 0x55, 0x55, 0x55, 0x55, 0x55, 0x55,

/* Character 0x3E */
    0x55, 0x55, 0x55, 0x55, 0x55, 0x55, 0x55, 0x55, 0x55, 0x40, 0x15, 0x55, 0x4A, 0x05, 0x55, 0x42,
    0x81, 0x55, 0x50, 0xA0, 0x55, 0x54, 0x28, 0x15, 0x55, 0x0A, 0x15, 0x55, 0x0A, 0x15, 0x54, 0x28,
    0x15, 0x50, 0xA0, 0x55, 0x42, 0x81, 0x55, 0x4A, 0x05, 0x55, 0x40, 0x15, 0x55, 0x55, 0x55, 0x55,
    0x55, 0x55, 0x55, 0x55, 0x55, 0x55, 0x55, 0x55, 0x55, 0x55, 0x55, 0x55, 0x55, 0x55, 0x55, 0x55,

/* Character 0x3F */
    0x55, 0x55, 0x55, 0x55, 0x55, 0x55, 0x55, 0x00, 0x55, 0x54, 0xAA, 0x15, 0x52, 0xAA, 0x85, 0x4A,
    0x82, 0xA1, 0x4A, 0x14, 0xA1, 0x50, 0x52, 0xA1, 0x55, 0x4A, 0x85, 0x55, 0x2A, 0x15, 0x55, 0x28,
    0x55, 0x55, 0x28, 0x55, 0x55, 0x28, 0x55, 0x55, 0x41, 0x55, 0x55, 0x41, 0x55, 0x55, 0x28, 0x55,
    0x55, 0x28, 0x55, 0x55, 0x41, 0x55, 0x55, 0x55, 0x55, 0x55, 0x55, 0x55, 0x55, 0x55, 0x55, 0x55,

/* Character 0x40 */
    0x55, 0x55, 0x55, 0x55, 0x55, 0x55, 0x55, 0x00, 0x55, 0x54, 0xAA, 0x15, 0x52, 0x00, 0x85, 0x48,
    0x00, 0x21, 0x20, 0xA2, 0x08, 0x22, 0x0A, 0x08, 0x22, 0x02, 0x08, 0x22, 0x0A, 0x08, 0x20, 0xA2,
    0x20, 0x20, 0x00, 0x81, 0x08, 0x04, 0x05, 0x42, 0x00, 0x21, 0x50, 0xAA, 0x81, 0x54, 0x00, 0x05,
    0x55, 0x55, 0x55, 0x55, 0x55, 0x55, 0x55, 0x55, 0x55, 0x55, 0x55, 0x55, 0x55, 0x55, 0x55, 0x55,

/* Character 0x41 */
    0x55, 0x55, 0x55, 0x55, 0x55, 0x55, 0x55, 0x41, 0x55, 0x55, 0x28, 0x55, 0x54, 0xAA, 0x15, 0x52,
    0xAA, 0x85, 0x4A, 0x82, 0xA1, 0x2A, 0x14, 0xA8, 0x28, 0x55, 0x28, 0x28, 0x55, 0x28, 0x28, 0x00,
    0x28, 0x2A, 0xAA, 0xA8, 0x2A, 0xAA, 0xA8, 0x28, 0x00, 0x28, 0x28, 0x55, 0x28, 0x28, 0x55, 0x28,
    0x28, 0x55, 0x28, 0x41, 0x55, 0x41, 0x55, 0x55, 0x55, 0x55, 0x55, 0x55, 0x55, 0x55, 0x55, 0x55,

/* Character 0x42 */
    0x55, 0x55, 0x55, 0x55, 0x55, 0x55, 0x40, 0x00, 0x15, 0x2A, 0xAA, 0x85, 0x2A, 0xAA, 0xA1, 0x28,
    0x00, 0xA8, 0x28, 0x55, 0x28, 0x28, 0x55, 0x28, 0x28, 0x00, 0xA8, 0x2A, 0xAA, 0xA1, 0x2A, 0xAA,
    0xA1, 0x28, 0x00, 0xA8, 0x28, 0x55, 0x28, 0x28, 0x55, 0x28, 0x28, 0x00, 0xA8, 0x2A, 0xAA, 0xA1,
    0x2A, 0xAA, 0x85, 0x40, 0x00, 0x15, 0x55, 0x55, 0x55, 0x55, 0x55, 0x55, 0x55, 0x55, 0x55, 0x55,

/* Character 0x43 */
    0x55, 0x55, 0x55, 0x55, 0x55, 0x55, 0x54, 0x00, 0x15, 0x52, 0xAA, 0x85, 0x4A, 0xAA, 0xA1, 0x2A,
    0x00, 0xA8, 0x28, 0x55, 0x28, 0x28, 0x55, 0x41, 0x28, 0x55, 0x55, 0x28, 0x55, 0x55, 0x28, 0x55,
    0x55, 0x28, 0x55, 0x55, 0x28, 0x55, 0x41, 0x28, 0x55, 0x28, 0x2A, 0x00, 0xA8, 0x4A, 0xAA, 0xA1,
    0x52, 0xAA, 0x85, 0x54, 0x00, 0x15, 0x55, 0x55, 0x55, 0x55, 0x55, 0x55, 0x55, 0x55, 0x55, 0x55,

/* Character 0x44 */
    0x55, 0x55, 0x55, 0x55, 0x55, 0x55, 0x40, 0x01, 0x55, 0x2A, 0xA8, 0x55, 0x2A, 0xAA, 0x15, 0x28,
    0x0A, 0x85, 0x28, 0x52, 0xA1, 0x28, 0x54, 0xA8, 0x28, 0x55, 0x28, 0x28, 0x55, 0x28, 0x28, 0x55,
    0x28, 0x28, 0x55, 0x28, 0x28, 0x54, 0xA8, 0x28, 0x52, 0xA1, 0x28, 0x0A, 0x85, 0x2A, 0xAA, 0x15,
    0x2A, 0xA8, 0x55, 0x40, 0x01, 0x55, 0x55, 0x55, 0x55, 0x55, 0x55, 0x55, 0x55, 0x55, 0x55, 0x55,

/* Character 0x45 */
    0x55, 0x55, 0x55, 0x55, 0x55, 0x55, 0x40, 0x00, 0x01, 0x2A, 0xAA, 0xA8, 0x2A, 0xAA, 0xA8, 0x28,
    0x00, 0x01, 0x28, 0x55, 0x55, 0x28, 0x55, 0x55, 0x28, 0x00, 0x15, 0x2A, 0xAA, 0x85, 0x2A, 0xAA,
    0x85, 0x28, 0x00, 0x15, 0x28, 0x55, 0x55, 0x28, 0x55, 0x55, 0x28, 0x00, 0x01, 0x2A, 0xAA, 0xA8,
    0x2A, 0xAA, 0xA8, 0x40, 0x00, 0x01, 0x55, 0x55, 0x55, 0x55, 0x55, 0x55, 0x55, 0x55, 0x55, 0x55,

/* Character 0x46 */
    0x55, 0x55, 0x55, 0x55, 0x55, 0x55, 0x40, 0x00, 0x01, 0x2A, 0xAA, 0xA8, 0x2A, 0xAA, 0xA8, 0x28,
    0x00, 0x01, 0x28, 0x55, 0x55, 0x28, 0x55, 0x55, 0x28, 0x00, 0x15, 0x2A, 0xAA, 0x85, 0x2A, 0xAA,
    0x85, 0x28, 0x00, 0x15, 0x28, 0x55, 0x55, 0x28, 0x55, 0x55, 0x28, 0x55, 0x55, 0x28, 0x55, 0x55,
    0x28, 0x55, 0x55, 0x41, 0x55, 0x55, 0x55, 0x55, 0x55, 0x55, 0x55, 0x55, 0x55, 0x55, 0x55, 0x55,

/* Character 0x47 */
    0x55, 0x55, 0x55, 0x55, 0x55, 0x55, 0x54, 0x00, 0x15, 0x52, 0xAA, 0x85, 0x4A, 0xAA, 0xA1, 0x2A,
    0x02, 0xA1, 0x28, 0x55, 0x28, 0x28, 0x55, 0x28, 0x28, 0x55, 0x41, 0x28, 0x40, 0x01, 0x28, 0x2A,
    0xA8, 0x28, 0x2A, 0xA8, 0x28, 0x40, 0x28, 0x28, 0x55, 0x28, 0x2A, 0x00, 0x28, 0x4A, 0xAA, 0xA8,
    0x52, 0xAA, 0xA8, 0x54, 0x00, 0x01, 0x55, 0x55, 0x55, 0x55, 0x55, 0x55, 0x55, 0x55, 0x55, 0x55,

/* Character 0x48 */
    0x55, 0x55, 0x55, 0x55, 0x55, 0x55, 0x41, 0x55, 0x41, 0x28, 0x55, 0x28, 0x28, 0x55, 0x28, 0x28,
    0x55, 0x28, 0x28, 0x55, 0x28, 0x28, 0x55, 0x28, 0x28, 0x00, 0x28, 0x2A, 0xAA, 0xA8, 0x2A, 0xAA,
    0xA8, 0x28, 0x00, 0x28, 0x28, 0x55, 0x28, 0x28, 0x55, 0x28, 0x28, 0x55, 0x28, 0x28, 0x55, 0x28,
    0x28, 0x55, 0x28, 0x41, 0x55, 0x41, 0x55, 0x55, 0x55, 0x55, 0x55, 0x55, 0x55, 0x55, 0x55, 0x55,

/* Character 0x49 */
    0x55, 0x55, 0x55, 0x55, 0x55, 0x55, 0x54, 0x00, 0x15, 0x52, 0xAA, 0x85, 0x52, 0xAA, 0x85, 0x54,
    0x28, 0x15, 0x55, 0x28, 0x55, 0x55, 0x28, 0x55, 0x55, 0x28, 0x55, 0x55, 0x28, 0x55, 0x55, 0x28,
    0x55, 0x55, 0x28, 0x55, 0x55, 0x28, 0x55, 0x55, 0x28, 0x55, 0x54, 0x28, 0x15, 0x52, 0xAA, 0x85,
    0x52, 0xAA, 0x85, 0x54, 0x00, 0x15, 0x55, 0x55, 0x55, 0x55, 0x55, 0x55, 0x55, 0x55, 0x55, 0x55,

/* Character 0x4A */
    0x55, 0x55, 0x55, 0x55, 0x55, 0x55, 0x55, 0x40, 0x01, 0x55, 0x2A, 0xA8, 0x55, 0x2A, 0xA8, 0x55,
    0x42, 0x81, 0x55, 0x52, 0x85, 0x55, 0x52, 0x85, 0x55, 0x52, 0x85, 0x55, 0x52, 0x85, 0x55, 0x52,
    0x85, 0x55, 0x52, 0x85, 0x41, 0x52, 0x85, 0x28, 0x52, 0x85, 0x2A, 0x0A, 0x85, 0x4A, 0xAA, 0x15,
    0x52, 0xA8, 0x55, 0x54, 0x01, 0x55, 0x55, 0x55, 0x55, 0x55, 0x55, 0x55, 0x55, 0x55, 0x55, 0x55,

/* Character 0x4B */
    0x55, 0x55, 0x55, 0x55, 0x55, 0x55, 0x41, 0x55, 0x41, 0x28, 0x55, 0x28, 0x28, 0x54, 0xA8, 0x28,
    0x52, 0xA1, 0x28, 0x4A, 0x85, 0x28, 0x2A, 0x15, 0x28, 0xA8, 0x55, 0x2A, 0xA1, 0x55, 0x2A, 0xA1,
    0x55, 0x28, 0xA8, 0x55, 0x28, 0x2A, 0x15, 0x28, 0x4A, 0x85, 0x28, 0x52, 0xA1, 0x28, 0x54, 0xA8,
    0x28, 0x55, 0x28, 0x41, 0x55, 0x41, 0x55, 0x55, 0x55, 0x55, 0x55, 0x55, 0x55, 0x55, 0x55, 0x55,

/* Character 0x4C */
    0x55, 0x55, 0x55, 0x55, 0x55, 0x55, 0x41, 0x55, 0x55, 0x28, 0x55, 0x55, 0x28, 0x55, 0x55, 0x28,
    0x55, 0x55, 0x28, 0x55, 0x55, 0x28, 0x55, 0x55, 0x28, 0x55, 0x55, 0x28, 0x55, 0x55, 0x28, 0x55,
    0x55, 0x28, 0x55, 0x55, 0x28, 0x55, 0x55, 0x28, 0x55, 0x55, 0x28, 0x00, 0x01, 0x2A, 0xAA, 0xA8,
    0x2A, 0xAA, 0xA8, 0x40, 0x00, 0x01, 0x55, 0x55, 0x55, 0x55, 0x55, 0x55, 0x55, 0x55, 0x55, 0x55,

/* Character 0x4D */
    0x55, 0x55, 0x55, 0x55, 0x55, 0x55, 0x41, 0x55, 0x41, 0x28, 0x55, 0x28, 0x2A, 0x14, 0xA8, 0x2A,
    0x82, 0xA8, 0x2A, 0xAA, 0xA8, 0x28, 0xAA, 0x28, 0x28, 0x28, 0x28, 0x28, 0x28, 0x28, 0x28, 0x41,
    0x28, 0x28, 0x55, 0x28, 0x28, 0x55, 0x28, 0x28, 0x55, 0x28, 0x28, 0x55, 0x28, 0x28, 0x55, 0x28,
    0x28, 0x55, 0x28, 0x41, 0x55, 0x41, 0x55, 0x55, 0x55, 0x55, 0x55, 0x55, 0x55, 0x55, 0x55, 0x55,

/* Character 0x4E */
    0x55, 0x55, 0x55, 0x55, 0x55, 0x55, 0x41, 0x55, 0x41, 0x28, 0x55, 0x28, 0x2A, 0x15, 0x28, 0x2A,
    0x85, 0x28, 0x2A, 0x85, 0x28, 0x28, 0xA1, 0x28, 0x28, 0xA1, 0x28, 0x28, 0x28, 0x28, 0x28, 0x28,
    0x28, 0x28, 0x4A, 0x28, 0x28, 0x4A, 0x28, 0x28, 0x52, 0xA8, 0x28, 0x52, 0xA8, 0x28, 0x54, 0xA8,
    0x28, 0x55, 0x28, 0x41, 0x55, 0x41, 0x55, 0x55, 0x55, 0x55, 0x55, 0x55, 0x55, 0x55, 0x55, 0x55,

/* Character 0x4F */
    0x55, 0x55, 0x55, 0x55, 0x55, 0x55, 0x54, 0x00, 0x15, 0x52, 0xAA, 0x85, 0x4A, 0xAA, 0xA1, 0x2A,
    0x00, 0xA8, 0x28, 0x55, 0x28, 0x28, 0x55, 0x28, 0x28, 0x55, 0x28, 0x28, 0x55, 0x28, 0x28, 0x55,
    0x28, 0x28, 0x55, 0x28, 0x28, 0x55, 0x28, 0x28, 0x55, 0x28, 0x2A, 0x00, 0xA8, 0x4A, 0xAA, 0xA1,
    0x52, 0xAA, 0x85, 0x54, 0x00, 0x15, 0x55, 0x55, 0x55, 0x55, 0x55, 0x55, 0x55, 0x55, 0x55, 0x55,

/* Character 0x50 */
    0x55, 0x55, 0x55, 0x55, 0x55, 0x55, 0x40, 0x00, 0x15, 0x2A, 0xAA, 0x85, 0x2A, 0xAA, 0xA1, 0x28,
    0x00, 0xA8, 0x28, 0x55, 0x28, 0x28, 0x55, 0x28, 0x28, 0x00, 0xA8, 0x2A, 0xAA, 0xA1, 0x2A, 0xAA,
    0x85, 0x28, 0x00, 0x15, 0x28, 0x55, 0x55, 0x28, 0x55, 0x55, 0x28, 0x55, 0x55, 0x28, 0x55, 0x55,
    0x28, 0x55, 0x55, 0x41, 0x55, 0x55, 0x55, 0x55, 0x55, 0x55, 0x55, 0x55, 0x55, 0x55, 0x55, 0x55,

/* Character 0x51 */
    0x55, 0x55, 0x55, 0x55, 0x55, 0x55, 0x54, 0x00, 0x15, 0x52, 0xAA, 0x85, 0x4A, 0xAA, 0xA1, 0x2A,
    0x00, 0xA8, 0x28, 0x55, 0x28, 0x28, 0x55, 0x28, 0x28, 0x55, 0x28, 0x28, 0x55, 0x28, 0x28, 0x41,
    0x28, 0x28, 0x28, 0x28, 0x28, 0x2A, 0x28, 0x28, 0x4A, 0xA8, 0x2A, 0x02, 0xA1, 0x4A, 0xAA, 0xA8,
    0x52, 0xA8, 0x28, 0x54, 0x01, 0x41, 0x55, 0x55, 0x55, 0x55, 0x55, 0x55, 0x55, 0x55, 0x55, 0x55,

/* Character 0x52 */
    0x55, 0x55, 0x55, 0x55, 0x55, 0x55, 0x40, 0x00, 0x15, 0x2A, 0xAA, 0x85, 0x2A, 0xAA, 0xA1, 0x28,
    0x00, 0xA8, 0x28, 0x55, 0x28, 0x28, 0x55, 0x28, 0x28, 0x00, 0xA8, 0x2A, 0xAA, 0xA1, 0x2A, 0xAA,
    0x85, 0x28, 0xA8, 0x15, 0x28, 0x2A, 0x15, 0x28, 0x4A, 0x85, 0x28, 0x52, 0xA1, 0x28, 0x54, 0xA8,
    0x28, 0x55, 0x28, 0x41, 0x55, 0x41, 0x55, 0x55, 0x55, 0x55, 0x55, 0x55, 0x55, 0x55, 0x55, 0x55,

/* Character 0x53 */
    0x55, 0x55, 0x55, 0x55, 0x55, 0x55, 0x54, 0x00, 0x05, 0x52, 0xAA, 0xA1, 0x4A, 0xAA, 0xA8, 0x2A,
    0x00, 0x28, 0x28, 0x55, 0x41, 0x28, 0x55, 0x55, 0x2A, 0x00, 0x15, 0x4A, 0xAA, 0x85, 0x52, 0xAA,
    0xA1, 0x54, 0x00, 0xA8, 0x55, 0x55, 0x28, 0x41, 0x55, 0x28, 0x28, 0x00, 0xA8, 0x2A, 0xAA, 0xA1,
    0x4A, 0xAA, 0x85, 0x50, 0x00, 0x15, 0x55, 0x55, 0x55, 0x55, 0x55, 0x55, 0x55, 0x55, 0x55, 0x55,

/* Character 0x54 */
    0x55, 0x55, 0x55, 0x55, 0x55, 0x55, 0x40, 0x00, 0x01, 0x2A, 0xAA, 0xA8, 0x2A, 0xAA, 0xA8, 0x40,
    0x28, 0x01, 0x55, 0x28, 0x55, 0x55, 0x28, 0x55, 0x55, 0x28, 0x55, 0x55, 0x28, 0x55, 0x55, 0x28,
    0x55, 0x55, 0x28, 0x55, 0x55, 0x28, 0x55, 0x55, 0x28, 0x55, 0x55, 0x28, 0x55, 0x55, 0x28, 0x55,
    0x55, 0x28, 0x55, 0x55, 0x41, 0x55, 0x55, 0x55, 0x55, 0x55, 0x55, 0x55, 0x55, 0x55, 0x55, 0x55,

/* Character 0x55 */
    0x55, 0x55, 0x55, 0x55, 0x55, 0x55, 0x41, 0x55, 0x41, 0x28, 0x55, 0x28, 0x28, 0x55, 0x28, 0x28,
    0x55, 0x28, 0x28, 0x55, 0x28, 0x28, 0x55, 0x28, 0x28, 0x55, 0x28, 0x28, 0x55, 0x28, 0x28, 0x55,
    0x28, 0x28, 0x55, 0x28, 0x28, 0x55, 0x28, 0x28, 0x55, 0x28, 0x2A, 0x00, 0xA8, 0x4A, 0xAA, 0xA1,
    0x52, 0xAA, 0x85, 0x54, 0x00, 0x15, 0x55, 0x55, 0x55, 0x55, 0x55, 0x55, 0x55, 0x55, 0x55, 0x55,

/* Character 0x56 */
    0x55, 0x55, 0x55, 0x55, 0x55, 0x55, 0x41, 0x55, 0x41, 0x28, 0x55, 0x28, 0x28, 0x55, 0x28, 0x28,
    0x55, 0x28, 0x28, 0x55, 0x28, 0x28, 0x55, 0x28, 0x28, 0x55, 0x28, 0x28, 0x55, 0x28, 0x28, 0x55,
    0x28, 0x28, 0x55, 0x28, 0x2A, 0x14, 0xA8, 0x4A, 0x82, 0xA1, 0x52, 0xAA, 0x85, 0x54, 0xAA, 0x15,
    0x55, 0x28, 0x55, 0x55, 0x41, 0x55, 0x55, 0x55, 0x55, 0x55, 0x55, 0x55, 0x55, 0x55, 0x55, 0x55,

/* Character 0x57 */
    0x55, 0x55, 0x55, 0x55, 0x55, 0x55, 0x41, 0x55, 0x41, 0x28, 0x55, 0x28, 0x28, 0x55, 0x28, 0x28,
    0x55, 0x28, 0x28, 0x55, 0x28, 0x28, 0x55, 0x28, 0x28, 0x41, 0x28, 0x28, 0x28, 0x28, 0x28, 0x28,
    0x28, 0x28, 0x28, 0x28, 0x28, 0x28, 0x28, 0x28, 0x28, 0x28, 0x2A, 0xAA, 0xA8, 0x4A, 0xAA, 0xA1,
    0x52, 0x82, 0x85, 0x54, 0x14, 0x15, 0x55, 0x55, 0x55, 0x55, 0x55, 0x55, 0x55, 0x55, 0x55, 0x55,

/* Character 0x58 */
    0x55, 0x55, 0x55, 0x55, 0x55, 0x55, 0x41, 0x55, 0x41, 0x28, 0x55, 0x28, 0x28, 0x55, 0x28, 0x28,
    0x55, 0x28, 0x2A, 0x14, 0xA8, 0x4A, 0x82, 0xA1, 0x52, 0xAA, 0x85, 0x54, 0xAA, 0x15, 0x54, 0xAA,
    0x15, 0x52, 0xAA, 0x85, 0x4A, 0x82, 0xA1, 0x2A, 0x14, 0xA8, 0x28, 0x55, 0x28, 0x28, 0x55, 0x28,
    0x28, 0x55, 0x28, 0x41, 0x55, 0x41, 0x55, 0x55, 0x55, 0x55, 0x55, 0x55, 0x55, 0x55, 0x55, 0x55,

/* Character 0x59 */
    0x55, 0x55, 0x55, 0x55, 0x55, 0x55, 0x41, 0x55, 0x41, 0x28, 0x55, 0x28, 0x28, 0x55, 0x28, 0x28,
    0x55, 0x28, 0x28, 0x55, 0x28, 0x28, 0x55, 0x28, 0x2A, 0x14, 0xA8, 0x4A, 0x82, 0xA1, 0x52, 0xAA,
    0x85, 0x54, 0xAA, 0x15, 0x55, 0x28, 0x55, 0x55, 0x28, 0x55, 0x55, 0x28, 0x55, 0x55, 0x28, 0x55,
    0x55, 0x28, 0x55, 0x55, 0x41, 0x55, 0x55, 0x55, 0x55, 0x55, 0x55, 0x55, 0x55, 0x55, 0x55, 0x55,

/* Character 0x5A */
    0x55, 0x55, 0x55, 0x55, 0x55, 0x55, 0x40, 0x00, 0x01, 0x2A, 0xAA, 0xA8, 0x2A, 0xAA, 0xA8, 0x40,
    0x00, 0x28, 0x55, 0x54, 0xA8, 0x55, 0x52, 0xA1, 0x55, 0x4A, 0x85, 0x55, 0x2A, 0x15, 0x54, 0xA8,
    0x55, 0x52, 0xA1, 0x55, 0x4A, 0x85, 0x55, 0x2A, 0x15, 0x55, 0x28, 0x00, 0x01, 0x2A, 0xAA, 0xA8,
    0x2A, 0xAA, 0xA8, 0x40, 0x00, 0x01, 0x55, 0x55, 0x55, 0x55, 0x55, 0x55, 0x55, 0x55, 0x55, 0x55,

/* Character 0x5B */
    0x55, 0x55, 0x55, 0x55, 0x55, 0x55, 0x55, 0x40, 0x15, 0x55, 0x2A, 0x85, 0x55, 0x2A, 0x85, 0x55,
    0x28, 0x05, 0x55, 0x28, 0x55, 0x55, 0x28, 0x55, 0x55, 0x28, 0x55, 0x55, 0x28, 0x55, 0x55, 0x28,
    0x55, 0x55, 0x28, 0x55, 0x55, 0x28, 0x15, 0x55, 0x2A, 0x85, 0x55, 0x2A, 0x85, 0x55, 0x40, 0x05,
    0x55, 0x55, 0x55, 0x55, 0x55, 0x55, 0x55, 0x55, 0x55, 0x55, 0x55, 0x55, 0x55, 0x55, 0x55, 0x55,

/* Character 0x5C */
    0x55, 0x55, 0x55, 0x55, 0x55, 0x55, 0x55, 0x55, 0x55, 0x55, 0x55, 0x55, 0x55, 0x55, 0x55, 0x40,
    0x55, 0x55, 0x4A, 0x15, 0x55, 0x4A, 0x85, 0x55, 0x42, 0xA1, 0x55, 0x50, 0xA8, 0x55, 0x54, 0x2A,
    0x15, 0x55, 0x0A, 0x85, 0x55, 0x42, 0xA1, 0x55, 0x50, 0xA1, 0x55, 0x54, 0x01, 0x55, 0x55, 0x55,
    0x55, 0x55, 0x55, 0x55, 0x55, 0x55, 0x55, 0x55, 0x55, 0x55, 0x55, 0x55, 0x55, 0x55, 0x55, 0x55,

/* Character 0x5D */
    0x55, 0x55, 0x55, 0x55, 0x55, 0x55, 0x54, 0x01, 0x55, 0x52, 0xA8, 0x55, 0x52, 0xA8, 0x55, 0x54,
    0x28, 0x55, 0x55, 0x28, 0x55, 0x55, 0x28, 0x55, 0x55, 0x28, 0x55, 0x55, 0x28, 0x55, 0x55, 0x28,
    0x55, 0x55, 0x28, 0x55, 0x54, 0x28, 0x55, 0x52, 0xA8, 0x55, 0x52, 0xA8, 0x55, 0x54, 0x00, 0x55,
    0x55, 0x55, 0x55, 0x55, 0x55, 0x55, 0x55, 0x55, 0x55, 0x55, 0x55, 0x55, 0x55, 0x55, 0x55, 0x55,

/* Character 0x5E */
    0x55, 0x55, 0x55, 0x55, 0x55, 0x55, 0x55, 0x55, 0x55, 0x55, 0x41, 0x55, 0x55, 0x28, 0x55, 0x54,
    0xAA, 0x15, 0x52, 0x82, 0x85, 0x52, 0x14, 0x85, 0x54, 0x55, 0x15, 0x55, 0x55, 0x55, 0x55, 0x55,
    0x55, 0x55, 0x55, 0x55, 0x55, 0x55, 0x55, 0x55, 0x55, 0x55, 0x55, 0x55, 0x55, 0x55, 0x55, 0x55,
    0x55, 0x55, 0x55, 0x55, 0x55, 0x55, 0x55, 0x55, 0x55, 0x55, 0x55, 0x55, 0x55, 0x55, 0x55, 0x55,

/* Character 0x5F */
    0x55, 0x55, 0x55, 0x55, 0x55, 0x55, 0x55, 0x55, 0x55, 0x55, 0x55, 0x55, 0x55, 0x55, 0x55, 0x55,
    0x55, 0x55, 0x55, 0x55, 0x55, 0x55, 0x55, 0x55, 0x55, 0x55, 0x55, 0x55, 0x55, 0x55, 0x55, 0x55,
    0x55, 0x50, 0x00, 0x05, 0x4A, 0xAA, 0xA1, 0x4A, 0xAA, 0xA1, 0x50, 0x00, 0x05, 0x55, 0x55, 0x55,
    0x55, 0x55, 0x55, 0x55, 0x55, 0x55, 0x55, 0x55, 0x55, 0x55, 0x55, 0x55, 0x55, 0x55, 0x55, 0x55,

/* Character 0x60 */
    0x55, 0x55, 0x55, 0x55, 0x55, 0x55, 0x55, 0x55, 0x55, 0x55, 0x00, 0x55, 0x55, 0x28, 0x55, 0x55,
    0x28, 0x55, 0x55, 0x28, 0x55, 0x55, 0x28, 0x55, 0x00, 0x28, 0x00, 0x2A, 0xAA, 0xA8, 0x0A, 0xAA,
    0xA0, 0x42, 0xAA, 0x81, 0x50, 0xAA, 0x05, 0x54, 0x28, 0x15, 0x55, 0x00, 0x55, 0x55, 0x55, 0x55,
    0x55, 0x55, 0x55, 0x55, 0x55, 0x55, 0x55, 0x55, 0x55, 0x55, 0x55, 0x55, 0x55, 0x55, 0x55, 0x55,

/* Character 0x61 */
    0x55, 0x55, 0x55, 0x55, 0x55, 0x55, 0x55, 0x55, 0x55, 0x50, 0x05, 0x55, 0x52, 0x81, 0x55, 0x52,
    0xA1, 0x55, 0x50, 0xA0, 0x00, 0x54, 0xA8, 0x28, 0x40, 0x2A, 0xA8, 0x0A, 0xAA, 0xA0, 0x2A, 0xAA,
    0xA1, 0x02, 0xAA, 0x81, 0x50, 0xAA, 0x85, 0x54, 0x0A, 0x05, 0x55, 0x40, 0x15, 0x55, 0x55, 0x55,
    0x55, 0x55, 0x55, 0x55, 0x55, 0x55, 0x55, 0x55, 0x55, 0x55, 0x55, 0x55, 0x55, 0x55, 0x55, 0x55,

/* Character 0x62 */
    0x55, 0x55, 0x55, 0x55, 0x55, 0x55, 0x55, 0x55, 0x55, 0x40, 0x55, 0x55, 0x08, 0x15, 0x01, 0x2A,
    0x04, 0x21, 0x0A, 0x80, 0xA1, 0x42, 0xA2, 0xA1, 0x50, 0xAA, 0xA1, 0x54, 0x2A, 0xA1, 0x50, 0xAA,
    0xA1, 0x42, 0xAA, 0xA1, 0x4A, 0xAA, 0xA1, 0x40, 0x00, 0x01, 0x55, 0x55, 0x55, 0x55, 0x55, 0x55,
    0x55, 0x55, 0x55, 0x55, 0x55, 0x55, 0x55, 0x55, 0x55, 0x55, 0x55, 0x55, 0x55, 0x55, 0x55, 0x55,

/* Character 0x63 */
    0x55, 0x55, 0x55, 0x55, 0x55, 0x55, 0x55, 0x55, 0x55, 0x55, 0x50, 0x15, 0x55, 0x42, 0x15, 0x00,
    0x4A, 0x05, 0x28, 0x0A, 0x81, 0x2A, 0x8A, 0xA1, 0x0A, 0xAA, 0xA0, 0x40, 0xAA, 0xA8, 0x54, 0x2A,
    0xA8, 0x54, 0x2A, 0xA0, 0x54, 0xAA, 0x01, 0x54, 0xA0, 0x15, 0x54, 0x01, 0x55, 0x55, 0x55, 0x55,
    0x55, 0x55, 0x55, 0x55, 0x55, 0x55, 0x55, 0x55, 0x55, 0x55, 0x55, 0x55, 0x55, 0x55, 0x55, 0x55,

/* Character 0x64 */
    0x55, 0x55, 0x55, 0x55, 0x55, 0x55, 0x55, 0x55, 0x55, 0x55, 0x40, 0x55, 0x55, 0x48, 0x15, 0x55,
    0x4A, 0x05, 0x55, 0x4A, 0x81, 0x00, 0x0A, 0xA0, 0x2A, 0xAA, 0xA8, 0x2A, 0xAA, 0xA8, 0x00, 0x0A,
    0xA0, 0x55, 0x4A, 0x81, 0x55, 0x4A, 0x05, 0x55, 0x48, 0x15, 0x55, 0x40, 0x55, 0x55, 0x55, 0x55,
    0x55, 0x55, 0x55, 0x55, 0x55, 0x55, 0x55, 0x55, 0x55, 0x55, 0x55, 0x55, 0x55, 0x55, 0x55, 0x55,

/* Character 0x65 */
    0x55, 0x55, 0x55, 0x55, 0x55, 0x55, 0x55, 0x55, 0x55, 0x54, 0x01, 0x55, 0x54, 0xA0, 0x15, 0x54,
    0xAA, 0x01, 0x54, 0x2A, 0xA0, 0x54, 0x2A, 0xA8, 0x40, 0xAA, 0xA8, 0x0A, 0xAA, 0xA0, 0x2A, 0x8A,
    0xA1, 0x28, 0x0A, 0x81, 0x00, 0x4A, 0x05, 0x55, 0x42, 0x15, 0x55, 0x50, 0x15, 0x55, 0x55, 0x55,
    0x55, 0x55, 0x55, 0x55, 0x55, 0x55, 0x55, 0x55, 0x55, 0x55, 0x55, 0x55, 0x55, 0x55, 0x55, 0x55,

/* Character 0x66 */
    0x55, 0x55, 0x55, 0x55, 0x55, 0x55, 0x55, 0x55, 0x55, 0x55, 0x55, 0x55, 0x40, 0x00, 0x01, 0x4A,
    0xAA, 0xA1, 0x42, 0xAA, 0xA1, 0x50, 0xAA, 0xA1, 0x54, 0x2A, 0xA1, 0x50, 0xAA, 0xA1, 0x42, 0xA2,
    0xA1, 0x0A, 0x80, 0xA1, 0x2A, 0x04, 0x21, 0x08, 0x15, 0x01, 0x40, 0x55, 0x55, 0x55, 0x55, 0x55,
    0x55, 0x55, 0x55, 0x55, 0x55, 0x55, 0x55, 0x55, 0x55, 0x55, 0x55, 0x55, 0x55, 0x55, 0x55, 0x55,

/* Character 0x67 */
    0x55, 0x55, 0x55, 0x55, 0x55, 0x55, 0x55, 0x55, 0x55, 0x55, 0x40, 0x15, 0x54, 0x0A, 0x05, 0x50,
    0xAA, 0x85, 0x02, 0xAA, 0x81, 0x2A, 0xAA, 0xA1, 0x0A, 0xAA, 0xA0, 0x40, 0x2A, 0xA8, 0x54, 0xA8,
    0x28, 0x50, 0xA0, 0x00, 0x52, 0xA1, 0x55, 0x52, 0x81, 0x55, 0x50, 0x05, 0x55, 0x55, 0x55, 0x55,
    0x55, 0x55, 0x55, 0x55, 0x55, 0x55, 0x55, 0x55, 0x55, 0x55, 0x55, 0x55, 0x55, 0x55, 0x55, 0x55,

/* Character 0x68 */
    0x55, 0x55, 0x55, 0x55, 0x55, 0x55, 0x55, 0x55, 0x55, 0x55, 0x00, 0x55, 0x54, 0x28, 0x15, 0x50,
    0xAA, 0x05, 0x42, 0xAA, 0x81, 0x0A, 0xAA, 0xA0, 0x2A, 0xAA, 0xA8, 0x00, 0x28, 0x00, 0x55, 0x28,
    0x55, 0x55, 0x28, 0x55, 0x55, 0x28, 0x55, 0x55, 0x28, 0x55, 0x55, 0x00, 0x55, 0x55, 0x55, 0x55,
    0x55, 0x55, 0x55, 0x55, 0x55, 0x55, 0x55, 0x55, 0x55, 0x55, 0x55, 0x55, 0x55, 0x55, 0x55, 0x55,

/* Character 0x69 */
    0x55, 0x55, 0x55, 0x55, 0x55, 0x55, 0x55, 0x55, 0x55, 0x54, 0x01, 0x55, 0x50, 0xA0, 0x15, 0x52,
    0xAA, 0x05, 0x42, 0xAA, 0x80, 0x4A, 0xAA, 0xA8, 0x0A, 0xAA, 0xA0, 0x2A, 0xA8, 0x01, 0x28, 0x2A,
    0x15, 0x00, 0x0A, 0x05, 0x55, 0x4A, 0x85, 0x55, 0x42, 0x85, 0x55, 0x50, 0x05, 0x55, 0x55, 0x55,
    0x55, 0x55, 0x55, 0x55, 0x55, 0x55, 0x55, 0x55, 0x55, 0x55, 0x55, 0x55, 0x55, 0x55, 0x55, 0x55,

/* Character 0x6A */
    0x55, 0x55, 0x55, 0x55, 0x55, 0x55, 0x55, 0x55, 0x55, 0x55, 0x55, 0x55, 0x40, 0x00, 0x01, 0x4A,
    0xAA, 0xA1, 0x4A, 0xAA, 0x81, 0x4A, 0xAA, 0x05, 0x4A, 0xA8, 0x15, 0x4A, 0xAA, 0x05, 0x4A, 0x8A,
    0x81, 0x4A, 0x02, 0xA0, 0x48, 0x10, 0xA8, 0x40, 0x54, 0x20, 0x55, 0x55, 0x01, 0x55, 0x55, 0x55,
    0x55, 0x55, 0x55, 0x55, 0x55, 0x55, 0x55, 0x55, 0x55, 0x55, 0x55, 0x55, 0x55, 0x55, 0x55, 0x55,

/* Character 0x6B */
    0x55, 0x55, 0x55, 0x55, 0x55, 0x55, 0x55, 0x55, 0x55, 0x55, 0x40, 0x15, 0x54, 0x0A, 0x15, 0x40,
    0xAA, 0x15, 0x0A, 0xA8, 0x15, 0x2A, 0xA8, 0x15, 0x2A, 0xAA, 0x01, 0x0A, 0xAA, 0xA0, 0x4A, 0xA2,
    0xA8, 0x42, 0xA0, 0x28, 0x50, 0xA1, 0x00, 0x54, 0x81, 0x55, 0x54, 0x05, 0x55, 0x55, 0x55, 0x55,
    0x55, 0x55, 0x55, 0x55, 0x55, 0x55, 0x55, 0x55, 0x55, 0x55, 0x55, 0x55, 0x55, 0x55, 0x55, 0x55,

/* Character 0x6C */
    0x55, 0x55, 0x55, 0x55, 0x55, 0x55, 0x55, 0x55, 0x55, 0x55, 0x01, 0x55, 0x54, 0x21, 0x55, 0x50,
    0xA1, 0x55, 0x42, 0xA1, 0x55, 0x0A, 0xA0, 0x00, 0x2A, 0xAA, 0xA8, 0x2A, 0xAA, 0xA8, 0x0A, 0xA0,
    0x00, 0x42, 0xA1, 0x55, 0x50, 0xA1, 0x55, 0x54, 0x21, 0x55, 0x55, 0x01, 0x55, 0x55, 0x55, 0x55,
    0x55, 0x55, 0x55, 0x55, 0x55, 0x55, 0x55, 0x55, 0x55, 0x55, 0x55, 0x55, 0x55, 0x55, 0x55, 0x55,

/* Character 0x6D */
    0x55, 0x55, 0x55, 0x55, 0x55, 0x55, 0x55, 0x55, 0x55, 0x54, 0x05, 0x55, 0x54, 0x81, 0x55, 0x50,
    0xA1, 0x00, 0x42, 0xA0, 0x28, 0x4A, 0xA2, 0xA8, 0x0A, 0xAA, 0xA0, 0x2A, 0xAA, 0x01, 0x2A, 0xA8,
    0x15, 0x0A, 0xA8, 0x15, 0x40, 0xAA, 0x15, 0x54, 0x0A, 0x15, 0x55, 0x40, 0x15, 0x55, 0x55, 0x55,
    0x55, 0x55, 0x55, 0x55, 0x55, 0x55, 0x55, 0x55, 0x55, 0x55, 0x55, 0x55, 0x55, 0x55, 0x55, 0x55,

/* Character 0x6E */
    0x55, 0x55, 0x55, 0x55, 0x55, 0x55, 0x55, 0x55, 0x55, 0x55, 0x55, 0x01, 0x40, 0x54, 0x20, 0x48,
    0x10, 0xA8, 0x4A, 0x02, 0xA0, 0x4A, 0x8A, 0x81, 0x4A, 0xAA, 0x05, 0x4A, 0xA8, 0x15, 0x4A, 0xAA,
    0x05, 0x4A, 0xAA, 0x81, 0x4A, 0xAA, 0xA1, 0x40, 0x00, 0x01, 0x55, 0x55, 0x55, 0x55, 0x55, 0x55,
    0x55, 0x55, 0x55, 0x55, 0x55, 0x55, 0x55, 0x55, 0x55, 0x55, 0x55, 0x55, 0x55, 0x55, 0x55, 0x55,

/* Character 0x6F */
    0x55, 0x55, 0x55, 0x55, 0x55, 0x55, 0x55, 0x55, 0x55, 0x55, 0x50, 0x05, 0x55, 0x42, 0x85, 0x55,
    0x4A, 0x85, 0x00, 0x0A, 0x05, 0x28, 0x2A, 0x15, 0x2A, 0xA8, 0x01, 0x0A, 0xAA, 0xA0, 0x4A, 0xAA,
    0xA8, 0x42, 0xAA, 0x80, 0x52, 0xAA, 0x05, 0x50, 0xA0, 0x15, 0x54, 0x01, 0x55, 0x55, 0x55, 0x55,
    0x55, 0x55, 0x55, 0x55, 0x55, 0x55, 0x55, 0x55, 0x55, 0x55, 0x55, 0x55, 0x55, 0x55, 0x55, 0x55,

/* Character 0x70 */
    0x55, 0x55, 0x55, 0x55, 0x55, 0x55, 0x50, 0x00, 0x01, 0x42, 0x82, 0xA1, 0x48, 0x22, 0x08, 0x48,
    0x22, 0x08, 0x42, 0x82, 0x08, 0x50, 0x00, 0x01, 0x40, 0x55, 0x55, 0x48, 0x54, 0x00, 0x48, 0x04,
    0x88, 0x48, 0x84, 0xA0, 0x4A, 0x20, 0x81, 0x48, 0x20, 0x85, 0x40, 0x00, 0x05, 0x55, 0x55, 0x55,
    0x55, 0x55, 0x55, 0x55, 0x55, 0x55, 0x55, 0x55, 0x55, 0x55, 0x55, 0x55, 0x55, 0x55, 0x55, 0x55,

/* Character 0x71 */
    0x55, 0x55, 0x55, 0x55, 0x55, 0x55, 0x50, 0x00, 0x00, 0x42, 0x22, 0x08, 0x48, 0x22, 0x08, 0x2A,
    0x20, 0xA8, 0x48, 0x20, 0x08, 0x48, 0x20, 0xA0, 0x40, 0x00, 0x05, 0x52, 0x14, 0x01, 0x52, 0x00,
    0x88, 0x52, 0x20, 0xA0, 0x52, 0x88, 0x81, 0x52, 0x08, 0x85, 0x50, 0x00, 0x05, 0x55, 0x55, 0x55,
    0x55, 0x55, 0x55, 0x55, 0x55, 0x55, 0x55, 0x55, 0x55, 0x55, 0x55, 0x55, 0x55, 0x55, 0x55, 0x55,

/* Character 0x72 */
    0x55, 0x55, 0x55, 0x55, 0x55, 0x55, 0x55, 0x55, 0x55, 0x55, 0x55, 0x55, 0x55, 0x55, 0x55, 0x55,
    0x55, 0x55, 0x55, 0x54, 0x55, 0x55, 0x52, 0x15, 0x55, 0x52, 0x15, 0x55, 0x02, 0x15, 0x54, 0xAA,
    0x15, 0x55, 0x00, 0x55, 0x55, 0x55, 0x55, 0x55, 0x55, 0x55, 0x55, 0x55, 0x55, 0x55, 0x55, 0x55,
    0x55, 0x55, 0x55, 0x55, 0x55, 0x55, 0x55, 0x55, 0x55, 0x55, 0x55, 0x55, 0x55, 0x55, 0x55, 0x55,

/* Character 0x73 */
    0x55, 0x55, 0x55, 0x55, 0x55, 0x55, 0x55, 0x55, 0x55, 0x55, 0x55, 0x55, 0x55, 0x55, 0x55, 0x55,
    0x55, 0x55, 0x54, 0x01, 0x55, 0x52, 0xA8, 0x55, 0x54, 0x08, 0x55, 0x55, 0x48, 0x55, 0x55, 0x48,
    0x55, 0x55, 0x51, 0x55, 0x55, 0x55, 0x55, 0x55, 0x55, 0x55, 0x55, 0x55, 0x55, 0x55, 0x55, 0x55,
    0x55, 0x55, 0x55, 0x55, 0x55, 0x55, 0x55, 0x55, 0x55, 0x55, 0x55, 0x55, 0x55, 0x55, 0x55, 0x55,

/* Character 0x74 */
    0x55, 0x55, 0x55, 0x55, 0x55, 0x55, 0x55, 0x55, 0x55, 0x55, 0x55, 0x55, 0x55, 0x55, 0x55, 0x55,
    0x55, 0x55, 0x55, 0x15, 0x55, 0x54, 0x85, 0x55, 0x54, 0x85, 0x55, 0x54, 0x80, 0x55, 0x54, 0xAA,
    0x15, 0x55, 0x00, 0x55, 0x55, 0x55, 0x55, 0x55, 0x55, 0x55, 0x55, 0x55, 0x55, 0x55, 0x55, 0x55,
    0x55, 0x55, 0x55, 0x55, 0x55, 0x55, 0x55, 0x55, 0x55, 0x55, 0x55, 0x55, 0x55, 0x55, 0x55, 0x55,

/* Character 0x75 */
    0x55, 0x55, 0x55, 0x55, 0x55, 0x55, 0x55, 0x55, 0x55, 0x55, 0x55, 0x55, 0x55, 0x55, 0x55, 0x55,
    0x55, 0x55, 0x55, 0x51, 0x55, 0x55, 0x48, 0x55, 0x55, 0x22, 0x15, 0x54, 0x84, 0x85, 0x55, 0x15,
    0x15, 0x55, 0x55, 0x55, 0x55, 0x55, 0x55, 0x55, 0x55, 0x55, 0x55, 0x55, 0x55, 0x55, 0x55, 0x55,
    0x55, 0x55, 0x55, 0x55, 0x55, 0x55, 0x55, 0x55, 0x55, 0x55, 0x55, 0x55, 0x55, 0x55, 0x55, 0x55,

/* Character 0x76 */
    0x55, 0x55, 0x55, 0x55, 0x55, 0x55, 0x55, 0x55, 0x55, 0x55, 0x55, 0x55, 0x55, 0x55, 0x55, 0x55,
    0x55, 0x55, 0x55, 0x15, 0x15, 0x54, 0x84, 0x85, 0x55, 0x22, 0x15, 0x55, 0x48, 0x55, 0x55, 0x51,
    0x55, 0x55, 0x55, 0x55, 0x55, 0x55, 0x55, 0x55, 0x55, 0x55, 0x55, 0x55, 0x55, 0x55, 0x55, 0x55,
    0x55, 0x55, 0x55, 0x55, 0x55, 0x55, 0x55, 0x55, 0x55, 0x55, 0x55, 0x55, 0x55, 0x55, 0x55, 0x55,

/* Character 0x77 */
    0x55, 0x55, 0x55, 0x55, 0x55, 0x55, 0x55, 0x55, 0x55, 0x55, 0x55, 0x55, 0x55, 0x55, 0x55, 0x55,
    0x45, 0x55, 0x55, 0x21, 0x55, 0x55, 0x48, 0x55, 0x55, 0x52, 0x15, 0x55, 0x48, 0x55, 0x55, 0x21,
    0x55, 0x55, 0x45, 0x55, 0x55, 0x55, 0x55, 0x55, 0x55, 0x55, 0x55, 0x55, 0x55, 0x55, 0x55, 0x55,
    0x55, 0x55, 0x55, 0x55, 0x55, 0x55, 0x55, 0x55, 0x55, 0x55, 0x55, 0x55, 0x55, 0x55, 0x55, 0x55,

/* Character 0x78 */
    0x55, 0x55, 0x55, 0x55, 0x55, 0x55, 0x55, 0x55, 0x55, 0x55, 0x55, 0x55, 0x55, 0x55, 0x55, 0x55,
    0x51, 0x55, 0x55, 0x48, 0x55, 0x55, 0x21, 0x55, 0x54, 0x85, 0x55, 0x55, 0x21, 0x55, 0x55, 0x48,
    0x55, 0x55, 0x51, 0x55, 0x55, 0x55, 0x55, 0x55, 0x55, 0x55, 0x55, 0x55, 0x55, 0x55, 0x55, 0x55,
    0x55, 0x55, 0x55, 0x55, 0x55, 0x55, 0x55, 0x55, 0x55, 0x55, 0x55, 0x55, 0x55, 0x55, 0x55, 0x55,

/* Character 0x79 */
    0x55, 0x55, 0x55, 0x55, 0x55, 0x55, 0x55, 0x55, 0x55, 0x55, 0x55, 0x55, 0x55, 0x55, 0x55, 0x55,
    0x55, 0x55, 0x55, 0x00, 0x55, 0x54, 0xAA, 0x15, 0x54, 0x80, 0x55, 0x54, 0x85, 0x55, 0x54, 0x85,
    0x55, 0x55, 0x15, 0x55, 0x55, 0x55, 0x55, 0x55, 0x55, 0x55, 0x55, 0x55, 0x55, 0x55, 0x55, 0x55,
    0x55, 0x55, 0x55, 0x55, 0x55, 0x55, 0x55, 0x55, 0x55, 0x55, 0x55, 0x55, 0x55, 0x55, 0x55, 0x55,

/* Character 0x7A */
    0x55, 0x55, 0x55, 0x55, 0x55, 0x55, 0x55, 0x41, 0x55, 0x55, 0x28, 0x55, 0x55, 0x20, 0x55, 0x55,
    0x28, 0x55, 0x55, 0x20, 0x55, 0x55, 0x28, 0x55, 0x55, 0x20, 0x55, 0x55, 0x28, 0x55, 0x55, 0x20,
    0x55, 0x55, 0x28, 0x55, 0x55, 0x28, 0x55, 0x54, 0xAA, 0x15, 0x54, 0xAA, 0x15, 0x55, 0x28, 0x55,
    0x55, 0x41, 0x55, 0x55, 0x55, 0x55, 0x55, 0x55, 0x55, 0x55, 0x55, 0x55, 0x55, 0x55, 0x55, 0x55,

/* Character 0x7B */
    0x55, 0x55, 0x55, 0x55, 0x55, 0x55, 0x55, 0x55, 0x55, 0x55, 0x55, 0x55, 0x55, 0x55, 0x55, 0x55,
    0x55, 0x55, 0x55, 0x55, 0x55, 0x55, 0x55, 0x55, 0x55, 0x55, 0x55, 0x55, 0x55, 0x55, 0x55, 0x55,
    0x55, 0x55, 0x55, 0x55, 0x55, 0x55, 0x55, 0x55, 0x55, 0x55, 0x55, 0x55, 0x55, 0x55, 0x55, 0x55,
    0x55, 0x55, 0x55, 0x55, 0x55, 0x55, 0x55, 0x55, 0x55, 0x55, 0x55, 0x55, 0x55, 0x55, 0x55, 0x55,

/* Character 0x7C */
    0x55, 0x55, 0x55, 0x55, 0x55, 0x55, 0x55, 0x41, 0x55, 0x55, 0x28, 0x55, 0x55, 0x28, 0x55, 0x55,
    0x28, 0x55, 0x55, 0x28, 0x55, 0x55, 0x28, 0x55, 0x55, 0x28, 0x55, 0x55, 0x28, 0x55, 0x55, 0x28,
    0x55, 0x55, 0x28, 0x55, 0x55, 0x28, 0x55, 0x55, 0x28, 0x55, 0x55, 0x28, 0x55, 0x55, 0x41, 0x55,
    0x55, 0x55, 0x55, 0x55, 0x55, 0x55, 0x55, 0x55, 0x55, 0x55, 0x55, 0x55, 0x55, 0x55, 0x55, 0x55,

/* Character 0x7D */
    0x55, 0x55, 0x55, 0x55, 0x55, 0x55, 0x55, 0x55, 0x55, 0x55, 0x55, 0x55, 0x55, 0x55, 0x55, 0x55,
    0x55, 0x55, 0x55, 0x55, 0x55, 0x55, 0x55, 0x55, 0x55, 0x55, 0x55, 0x55, 0x55, 0x55, 0x55, 0x55,
    0x55, 0x55, 0x55, 0x55, 0x55, 0x55, 0x55, 0x55, 0x55, 0x55, 0x55, 0x55, 0x55, 0x55, 0x55, 0x55,
    0x55, 0x55, 0x55, 0x55, 0x55, 0x55, 0x55, 0x55, 0x55, 0x55, 0x55, 0x55, 0x55, 0x55, 0x55, 0x55,

/* Character 0x7E */
    0x55, 0x55, 0x55, 0x55, 0x41, 0x55, 0x55, 0x28, 0x55, 0x55, 0x28, 0x55, 0x55, 0x41, 0x55, 0x55,
    0x41, 0x55, 0x54, 0x28, 0x15, 0x04, 0xAA, 0x10, 0xA2, 0x96, 0x8A, 0xA2, 0x96, 0x8A, 0x04, 0xAA,
    0x10, 0x54, 0x28, 0x15, 0x55, 0x41, 0x55, 0x55, 0x41, 0x55, 0x55, 0x28, 0x55, 0x55, 0x28, 0x55,
    0x55, 0x41, 0x55, 0x55, 0x55, 0x55, 0x55, 0x55, 0x55, 0x55, 0x55, 0x55, 0x55, 0x55, 0x55, 0x55,

/* Character 0x7F */
    0x55, 0x55, 0x55, 0x55, 0x55, 0x55, 0x55, 0x55, 0x55, 0x55, 0x55, 0x55, 0x55, 0x55, 0x55, 0x55,
    0x55, 0x55, 0x40, 0x01, 0x00, 0x08, 0x20, 0xA8, 0x22, 0x20, 0x20, 0x22, 0x20, 0x20, 0x2A, 0x20,
    0x20, 0x22, 0x20, 0x20, 0x22, 0x2A, 0x20, 0x00, 0x00, 0x00, 0x55, 0x55, 0x55, 0x55, 0x55, 0x55,
    0x55, 0x55, 0x55, 0x55, 0x55, 0x55, 0x55, 0x55, 0x55, 0x55, 0x55, 0x55, 0x55, 0x55, 0x55, 0x55,

/* Character 0x80 */
    0x50, 0xAA, 0x05, 0x50, 0xAA, 0x05, 0x54, 0x00, 0x15, 0x55, 0x55, 0x55, 0x55, 0x55, 0x55, 0x55,
    0x55, 0x55, 0x55, 0x55, 0x55, 0x55, 0x55, 0x55, 0x55, 0x55, 0x55, 0x55, 0x55, 0x55, 0x55, 0x55,
    0x55, 0x55, 0x55, 0x55, 0x55, 0x55, 0x55, 0x55, 0x55, 0x55, 0x55, 0x55, 0x55, 0x55, 0x55, 0x55,
    0x55, 0x55, 0x55, 0x55, 0x55, 0x55, 0x55, 0x55, 0x55, 0x55, 0x55, 0x55, 0x55, 0x55, 0x55, 0x55,

/* Character 0x81 */
    0x55, 0x55, 0x55, 0x54, 0x00, 0x15, 0x50, 0xAA, 0x05, 0x50, 0xAA, 0x05, 0x54, 0x00, 0x15, 0x55,
    0x55, 0x55, 0x55, 0x55, 0x55, 0x55, 0x55, 0x55, 0x55, 0x55, 0x55, 0x55, 0x55, 0x55, 0x55, 0x55,
    0x55, 0x55, 0x55, 0x55, 0x55, 0x55, 0x55, 0x55, 0x55, 0x55, 0x55, 0x55, 0x55, 0x55, 0x55, 0x55,
    0x55, 0x55, 0x55, 0x55, 0x55, 0x55, 0x55, 0x55, 0x55, 0x55, 0x55, 0x55, 0x55, 0x55, 0x55, 0x55,

/* Character 0x82 */
    0x55, 0x55, 0x55, 0x55, 0x55, 0x55, 0x55, 0x55, 0x55, 0x54, 0x00, 0x15, 0x50, 0xAA, 0x05, 0x50,
    0xAA, 0x05, 0x54, 0x00, 0x15, 0x55, 0x55, 0x55, 0x55, 0x55, 0x55, 0x55, 0x55, 0x55, 0x55, 0x55,
    0x55, 0x55, 0x55, 0x55, 0x55, 0x55, 0x55, 0x55, 0x55, 0x55, 0x55, 0x55, 0x55, 0x55, 0x55, 0x55,
    0x55, 0x55, 0x55, 0x55, 0x55, 0x55, 0x55, 0x55, 0x55, 0x55, 0x55, 0x55, 0x55, 0x55, 0x55, 0x55,

/* Character 0x83 */
    0x55, 0x55, 0x55, 0x55, 0x55, 0x55, 0x55, 0x55, 0x55, 0x55, 0x55, 0x55, 0x55, 0x55, 0x55, 0x54,
    0x00, 0x15, 0x50, 0xAA, 0x05, 0x50, 0xAA, 0x05, 0x54, 0x00, 0x15, 0x55, 0x55, 0x55, 0x55, 0x55,
    0x55, 0x55, 0x55, 0x55, 0x55, 0x55, 0x55, 0x55, 0x55, 0x55, 0x55, 0x55, 0x55, 0x55, 0x55, 0x55,
    0x55, 0x55, 0x55, 0x55, 0x55, 0x55, 0x55, 0x55, 0x55, 0x55, 0x55, 0x55, 0x55, 0x55, 0x55, 0x55,

/* Character 0x84 */
    0x55, 0x55, 0x55, 0x55, 0x55, 0x55, 0x55, 0x55, 0x55, 0x55, 0x55, 0x55, 0x55, 0x55, 0x55, 0x55,
    0x55, 0x55, 0x55, 0x55, 0x55, 0x54, 0x00, 0x15, 0x50, 0xAA, 0x05, 0x50, 0xAA, 0x05, 0x54, 0x00,
    0x15, 0x55, 0x55, 0x55, 0x55, 0x55, 0x55, 0x55, 0x55, 0x55, 0x55, 0x55, 0x55, 0x55, 0x55, 0x55,
    0x55, 0x55, 0x55, 0x55, 0x55, 0x55, 0x55, 0x55, 0x55, 0x55, 0x55, 0x55, 0x55, 0x55, 0x55, 0x55,

/* Character 0x85 */
    0x55, 0x55, 0x55, 0x55, 0x55, 0x55, 0x55, 0x55, 0x55, 0x55, 0x55, 0x55, 0x55, 0x55, 0x55, 0x55,
    0x55, 0x55, 0x55, 0x55, 0x55, 0x55, 0x55, 0x55, 0x55, 0x55, 0x55, 0x54, 0x00, 0x15, 0x50, 0xAA,
    0x05, 0x50, 0xAA, 0x05, 0x54, 0x00, 0x15, 0x55, 0x55, 0x55, 0x55, 0x55, 0x55, 0x55, 0x55, 0x55,
    0x55, 0x55, 0x55, 0x55, 0x55, 0x55, 0x55, 0x55, 0x55, 0x55, 0x55, 0x55, 0x55, 0x55, 0x55, 0x55,

/* Character 0x86 */
    0x55, 0x55, 0x55, 0x55, 0x55, 0x55, 0x55, 0x55, 0x55, 0x55, 0x55, 0x55, 0x55, 0x55, 0x55, 0x55,
    0x55, 0x55, 0x55, 0x55, 0x55, 0x55, 0x55, 0x55, 0x55, 0x55, 0x55, 0x55, 0x55, 0x55, 0x55, 0x55,
    0x55, 0x54, 0x00, 0x15, 0x50, 0xAA, 0x05, 0x50, 0xAA, 0x05, 0x54, 0x00, 0x15, 0x55, 0x55, 0x55,
    0x55, 0x55, 0x55, 0x55, 0x55, 0x55, 0x55, 0x55, 0x55, 0x55, 0x55, 0x55, 0x55, 0x55, 0x55, 0x55,

/* Character 0x87 */
    0x55, 0x55, 0x55, 0x55, 0x55, 0x55, 0x55, 0x55, 0x55, 0x55, 0x55, 0x55, 0x55, 0x55, 0x55, 0x55,
    0x55, 0x55, 0x55, 0x55, 0x55, 0x55, 0x55, 0x55, 0x55, 0x55, 0x55, 0x55, 0x55, 0x55, 0x55, 0x55,
    0x55, 0x55, 0x55, 0x55, 0x55, 0x55, 0x55, 0x54, 0x00, 0x15, 0x50, 0xAA, 0x05, 0x50, 0xAA, 0x05,
    0x54, 0x00, 0x15, 0x55, 0x55, 0x55, 0x55, 0x55, 0x55, 0x55, 0x55, 0x55, 0x55, 0x55, 0x55, 0x55,

/* Character 0x88 */
    0x55, 0x55, 0x55, 0x55, 0x55, 0x55, 0x55, 0x55, 0x55, 0x55, 0x55, 0x55, 0x55, 0x55, 0x55, 0x55,
    0x55, 0x55, 0x55, 0x55, 0x55, 0x55, 0x55, 0x55, 0x55, 0x55, 0x55, 0x55, 0x55, 0x55, 0x55, 0x55,
    0x55, 0x55, 0x55, 0x55, 0x55, 0x55, 0x55, 0x55, 0x55, 0x55, 0x55, 0x55, 0x55, 0x54, 0x00, 0x15,
    0x50, 0xAA, 0x05, 0x50, 0xAA, 0x05, 0x55, 0x55, 0x55, 0x55, 0x55, 0x55, 0x55, 0x55, 0x55, 0x55,

/* Character 0x89 */
    0x55, 0x55, 0x55, 0x55, 0x55, 0x55, 0x55, 0x55, 0x55, 0x55, 0x55, 0x55, 0x55, 0x55, 0x55, 0x55,
    0x55, 0x55, 0x55, 0x55, 0x55, 0x01, 0x40, 0x00, 0x21, 0x08, 0x2A, 0x21, 0x22, 0x08, 0x21, 0x2A,
    0x08, 0x20, 0x22, 0x08, 0x2A, 0x22, 0x08, 0x00, 0x00, 0x00, 0x55, 0x55, 0x55, 0x55, 0x55, 0x55,
    0x55, 0x55, 0x55, 0x55, 0x55, 0x55, 0x55, 0x55, 0x55, 0x55, 0x55, 0x55, 0x55, 0x55, 0x55, 0x55,

/* Character 0x8A */
    0x55, 0x55, 0x55, 0x55, 0x55, 0x55, 0x55, 0x55, 0x55, 0x55, 0x55, 0x50, 0x55, 0x55, 0x4A, 0x55,
    0x55, 0x48, 0x55, 0x55, 0x48, 0x55, 0x55, 0x48, 0x55, 0x55, 0x48, 0x55, 0x55, 0x48, 0x55, 0x55,
    0x48, 0x55, 0x55, 0x48, 0x55, 0x55, 0x48, 0x55, 0x55, 0x4A, 0x55, 0x55, 0x50, 0x55, 0x55, 0x55,
    0x55, 0x55, 0x55, 0x55, 0x55, 0x55, 0x55, 0x55, 0x55, 0x55, 0x55, 0x55, 0x55, 0x55, 0x55, 0x55,

/* Character 0x8B */
    0x55, 0x55, 0x55, 0x55, 0x55, 0x55, 0x55, 0x55, 0x55, 0x00, 0x00, 0x00, 0xAA, 0xAA, 0xAA, 0x00,
    0x00, 0x00, 0xAA, 0xAA, 0xAA, 0xAA, 0xAA, 0xAA, 0xAA, 0xAA, 0xAA, 0xAA, 0xAA, 0xAA, 0xAA, 0xAA,
    0xAA, 0xAA, 0xAA, 0xAA, 0x00, 0x00, 0x00, 0xAA, 0xAA, 0xAA, 0x00, 0x00, 0x00, 0x55, 0x55, 0x55,
    0x55, 0x55, 0x55, 0x55, 0x55, 0x55, 0x55, 0x55, 0x55, 0x55, 0x55, 0x55, 0x55, 0x55, 0x55, 0x55,

/* Character 0x8C */
    0x55, 0x55, 0x55, 0x55, 0x55, 0x55, 0x55, 0x55, 0x55, 0x00, 0x00, 0x00, 0xAA, 0xAA, 0xAA, 0x00,
    0x00, 0x00, 0xAA, 0xA1, 0x55, 0xAA, 0xA1, 0x55, 0xAA, 0xA1, 0x55, 0xAA, 0xA1, 0x55, 0xAA, 0xA1,
    0x55, 0xAA, 0xA1, 0x55, 0x00, 0x00, 0x00, 0xAA, 0xAA, 0xAA, 0x00, 0x00, 0x00, 0x55, 0x55, 0x55,
    0x55, 0x55, 0x55, 0x55, 0x55, 0x55, 0x55, 0x55, 0x55, 0x55, 0x55, 0x55, 0x55, 0x55, 0x55, 0x55,

/* Character 0x8D */
    0x55, 0x55, 0x55, 0x55, 0x55, 0x55, 0x55, 0x55, 0x55, 0x00, 0x00, 0x00, 0xAA, 0xAA, 0xAA, 0x00,
    0x00, 0x00, 0x55, 0x55, 0x55, 0x55, 0x55, 0x55, 0x55, 0x55, 0x55, 0x55, 0x55, 0x55, 0x55, 0x55,
    0x55, 0x55, 0x55, 0x55, 0x00, 0x00, 0x00, 0xAA, 0xAA, 0xAA, 0x00, 0x00, 0x00, 0x55, 0x55, 0x55,
    0x55, 0x55, 0x55, 0x55, 0x55, 0x55, 0x55, 0x55, 0x55, 0x55, 0x55, 0x55, 0x55, 0x55, 0x55, 0x55,

/* Character 0x8E */
    0x55, 0x55, 0x55, 0x55, 0x55, 0x55, 0x55, 0x55, 0x55, 0x00, 0x00, 0x00, 0xAA, 0xAA, 0xAA, 0x00,
    0x00, 0x00, 0x15, 0x55, 0x55, 0x15, 0x55, 0x55, 0x15, 0x55, 0x55, 0x15, 0x55, 0x55, 0x15, 0x55,
    0x55, 0x15, 0x55, 0x55, 0x00, 0x00, 0x00, 0xAA, 0xAA, 0xAA, 0x00, 0x00, 0x00, 0x55, 0x55, 0x55,
    0x55, 0x55, 0x55, 0x55, 0x55, 0x55, 0x55, 0x55, 0x55, 0x55, 0x55, 0x55, 0x55, 0x55, 0x55, 0x55,

/* Character 0x8F */
    0x55, 0x55, 0x55, 0x55, 0x55, 0x55, 0x55, 0x55, 0x55, 0x05, 0x55, 0x55, 0xA1, 0x55, 0x55, 0x21,
    0x55, 0x55, 0x21, 0x55, 0x55, 0x21, 0x55, 0x55, 0x21, 0x55, 0x55, 0x21, 0x55, 0x55, 0x21, 0x55,
    0x55, 0x21, 0x55, 0x55, 0x21, 0x55, 0x55, 0xA1, 0x55, 0x55, 0x05, 0x55, 0x55, 0x55, 0x55, 0x55,
    0x55, 0x55, 0x55, 0x55, 0x55, 0x55, 0x55, 0x55, 0x55, 0x55, 0x55, 0x55, 0x55, 0x55, 0x55, 0x55,

/* Character 0x90 */
    0x55, 0x55, 0x55, 0x55, 0x00, 0x55, 0x50, 0xAA, 0x05, 0x4A, 0x82, 0xA1, 0x4A, 0x82, 0xA1, 0x4A,
    0xAA, 0xA1, 0x4A, 0xAA, 0xA1, 0x4A, 0xAA, 0xA1, 0x4A, 0xAA, 0xA1, 0x4A, 0xAA, 0xA1, 0x4A, 0xAA,
    0xA1, 0x4A, 0xAA, 0xA1, 0x4A, 0xAA, 0xA1, 0x4A, 0xAA, 0xA1, 0x4A, 0xAA, 0xA1, 0x4A, 0xAA, 0xA1,
    0x4A, 0xAA, 0xA1, 0x4A, 0xAA, 0xA1, 0x55, 0x55, 0x55, 0x55, 0x55, 0x55, 0x55, 0x55, 0x55, 0x55,

/* Character 0x91 */
    0x55, 0x55, 0x55, 0x55, 0x00, 0x55, 0x50, 0xAA, 0x05, 0x4A, 0x82, 0xA1, 0x48, 0x00, 0x21, 0x48,
    0x00, 0x21, 0x4A, 0xAA, 0xA1, 0x4A, 0xAA, 0xA1, 0x4A, 0xAA, 0xA1, 0x4A, 0xAA, 0xA1, 0x4A, 0xAA,
    0xA1, 0x4A, 0xAA, 0xA1, 0x4A, 0xAA, 0xA1, 0x4A, 0xAA, 0xA1, 0x4A, 0xAA, 0xA1, 0x4A, 0xAA, 0xA1,
    0x4A, 0xAA, 0xA1, 0x4A, 0xAA, 0xA1, 0x55, 0x55, 0x55, 0x55, 0x55, 0x55, 0x55, 0x55, 0x55, 0x55,

/* Character 0x92 */
    0x55, 0x55, 0x55, 0x55, 0x00, 0x55, 0x50, 0xAA, 0x05, 0x4A, 0x82, 0xA1, 0x48, 0x00, 0x21, 0x48,
    0x00, 0x21, 0x48, 0x00, 0x21, 0x48, 0x00, 0x21, 0x48, 0x00, 0x21, 0x4A, 0xAA, 0xA1, 0x4A, 0xAA,
    0xA1, 0x4A, 0xAA, 0xA1, 0x4A, 0xAA, 0xA1, 0x4A, 0xAA, 0xA1, 0x4A, 0xAA, 0xA1, 0x4A, 0xAA, 0xA1,
    0x4A, 0xAA, 0xA1, 0x4A, 0xAA, 0xA1, 0x55, 0x55, 0x55, 0x55, 0x55, 0x55, 0x55, 0x55, 0x55, 0x55,

/* Character 0x93 */
    0x55, 0x55, 0x55, 0x55, 0x00, 0x55, 0x50, 0xAA, 0x05, 0x4A, 0x82, 0xA1, 0x48, 0x00, 0x21, 0x48,
    0x00, 0x21, 0x48, 0x00, 0x21, 0x48, 0x00, 0x21, 0x48, 0x00, 0x21, 0x48, 0x00, 0x21, 0x48, 0x00,
    0x21, 0x4A, 0xAA, 0xA1, 0x4A, 0xAA, 0xA1, 0x4A, 0xAA, 0xA1, 0x4A, 0xAA, 0xA1, 0x4A, 0xAA, 0xA1,
    0x4A, 0xAA, 0xA1, 0x4A, 0xAA, 0xA1, 0x55, 0x55, 0x55, 0x55, 0x55, 0x55, 0x55, 0x55, 0x55, 0x55,

/* Character 0x94 */
    0x55, 0x55, 0x55, 0x55, 0x00, 0x55, 0x50, 0xAA, 0x05, 0x4A, 0x82, 0xA1, 0x48, 0x00, 0x21, 0x48,
    0x00, 0x21, 0x48, 0x00, 0x21, 0x48, 0x00, 0x21, 0x48, 0x00, 0x21, 0x48, 0x00, 0x21, 0x48, 0x00,
    0x21, 0x48, 0x00, 0x21, 0x48, 0x00, 0x21, 0x48, 0x00, 0x21, 0x4A, 0xAA, 0xA1, 0x4A, 0xAA, 0xA1,
    0x4A, 0xAA, 0xA1, 0x4A, 0xAA, 0xA1, 0x55, 0x55, 0x55, 0x55, 0x55, 0x55, 0x55, 0x55, 0x55, 0x55,

/* Character 0x95 */
    0x55, 0x55, 0x55, 0x55, 0x00, 0x55, 0x50, 0xAA, 0x05, 0x4A, 0x82, 0xA1, 0x48, 0x00, 0x21, 0x48,
    0x00, 0x21, 0x48, 0x00, 0x21, 0x48, 0x00, 0x21, 0x48, 0x00, 0x21, 0x48, 0x00, 0x21, 0x48, 0x00,
    0x21, 0x48, 0x00, 0x21, 0x48, 0x00, 0x21, 0x48, 0x00, 0x21, 0x48, 0x00, 0x21, 0x4A, 0xAA, 0xA1,
    0x4A, 0xAA, 0xA1, 0x4A, 0xAA, 0xA1, 0x55, 0x55, 0x55, 0x55, 0x55, 0x55, 0x55, 0x55, 0x55, 0x55,

/* Character 0x96 */
    0x55, 0x55, 0x55, 0x55, 0x00, 0x55, 0x50, 0xAA, 0x05, 0x4A, 0x82, 0xA1, 0x48, 0x00, 0x21, 0x48,
    0x00, 0x21, 0x48, 0x00, 0x21, 0x48, 0x00, 0x21, 0x48, 0x00, 0x21, 0x48, 0x00, 0x21, 0x48, 0x00,
    0x21, 0x48, 0x00, 0x21, 0x48, 0x00, 0x21, 0x48, 0x00, 0x21, 0x48, 0x00, 0x21, 0x48, 0x00, 0x21,
    0x48, 0x00, 0x21, 0x4A, 0xAA, 0xA1, 0x55, 0x55, 0x55, 0x55, 0x55, 0x55, 0x55, 0x55, 0x55, 0x55,

/* Character 0x97 */
    0x55, 0x55, 0x55, 0x55, 0x00, 0x55, 0x50, 0xAA, 0x05, 0x4A, 0x82, 0xA1, 0x4A, 0x82, 0xA1, 0x48,
    0xAA, 0xA1, 0x48, 0x00, 0x21, 0x48, 0xAA, 0xA1, 0x4A, 0xAA, 0xA1, 0x48, 0x00, 0x21, 0x48, 0x8A,
    0xA1, 0x48, 0x00, 0x21, 0x4A, 0xAA, 0xA1, 0x48, 0x20, 0x21, 0x48, 0x8A, 0x21, 0x48, 0x8A, 0x21,
    0x48, 0x00, 0x21, 0x4A, 0xAA, 0xA1, 0x55, 0x55, 0x55, 0x55, 0x55, 0x55, 0x55, 0x55, 0x55, 0x55,

/* Character 0x98 */
    0x55, 0x55, 0x55, 0x55, 0x55, 0x55, 0x55, 0x55, 0x55, 0x55, 0x55, 0x55, 0x55, 0x55, 0x55, 0x55,
    0x55, 0x55, 0x55, 0x55, 0x55, 0x05, 0x01, 0x04, 0x84, 0x20, 0x82, 0x84, 0x88, 0xA2, 0x84, 0x88,
    0x8A, 0x80, 0x88, 0x8A, 0xA8, 0x20, 0x82, 0x00, 0x00, 0x00, 0x55, 0x55, 0x55, 0x55, 0x55, 0x55,
    0x55, 0x55, 0x55, 0x55, 0x55, 0x55, 0x55, 0x55, 0x55, 0x55, 0x55, 0x55, 0x55, 0x55, 0x55, 0x55,

/* Character 0x99 */
    0x55, 0x55, 0x55, 0x55, 0x55, 0x55, 0x54, 0x00, 0x15, 0x50, 0x82, 0x05, 0x42, 0x0A, 0x85, 0x4A,
    0x82, 0x05, 0x42, 0x02, 0x05, 0x52, 0x10, 0x85, 0x40, 0x00, 0x05, 0x4A, 0xAA, 0x85, 0x40, 0x00,
    0x05, 0x54, 0x00, 0x55, 0x50, 0xA8, 0x55, 0x52, 0x80, 0x55, 0x50, 0x28, 0x55, 0x52, 0xA0, 0x55,
    0x50, 0x01, 0x55, 0x55, 0x55, 0x55, 0x55, 0x55, 0x55, 0x55, 0x55, 0x55, 0x55, 0x55, 0x55, 0x55,

/* Character 0x9A */
    0x55, 0x55, 0x55, 0x55, 0x55, 0x55, 0x55, 0x55, 0x55, 0x55, 0x55, 0x55, 0x55, 0x55, 0x55, 0x55,
    0x55, 0x55, 0x55, 0x55, 0x55, 0x55, 0x55, 0x55, 0x55, 0x55, 0x55, 0x55, 0x00, 0x55, 0x54, 0x28,
    0x15, 0x54, 0x82, 0x15, 0x54, 0x82, 0x15, 0x54, 0xAA, 0x15, 0x54, 0x82, 0x15, 0x54, 0x00, 0x15,
    0x55, 0x55, 0x55, 0x55, 0x55, 0x55, 0x55, 0x55, 0x55, 0x55, 0x55, 0x55, 0x55, 0x55, 0x55, 0x55,

/* Character 0x9B */
    0x55, 0x55, 0x55, 0x55, 0x55, 0x55, 0x55, 0x55, 0x55, 0x50, 0x00, 0x01, 0x42, 0x82, 0xA0, 0x48,
    0x22, 0x08, 0x48, 0x22, 0x08, 0x42, 0x82, 0x08, 0x40, 0x00, 0x00, 0x40, 0x00, 0x00, 0x4A, 0xA0,
    0xA8, 0x48, 0x88, 0x82, 0x48, 0x88, 0x82, 0x48, 0x88, 0x82, 0x40, 0x00, 0x00, 0x55, 0x55, 0x55,
    0x55, 0x55, 0x55, 0x55, 0x55, 0x55, 0x55, 0x55, 0x55, 0x55, 0x55, 0x55, 0x55, 0x55, 0x55, 0x55,

/* Character 0x9C */
    0x55, 0x55, 0x55, 0x55, 0x55, 0x55, 0x55, 0x55, 0x55, 0x50, 0x00, 0x00, 0x42, 0x22, 0x08, 0x08,
    0x22, 0x08, 0x2A, 0x20, 0xA8, 0x08, 0x20, 0x08, 0x48, 0x20, 0xA0, 0x40, 0x00, 0x00, 0x4A, 0xA0,
    0xA8, 0x48, 0x88, 0x82, 0x48, 0x88, 0x82, 0x48, 0x88, 0x82, 0x40, 0x00, 0x00, 0x55, 0x55, 0x55,
    0x55, 0x55, 0x55, 0x55, 0x55, 0x55, 0x55, 0x55, 0x55, 0x55, 0x55, 0x55, 0x55, 0x55, 0x55, 0x55,

/* Character 0x9D */
    0x55, 0x55, 0x55, 0x55, 0x55, 0x55, 0x40, 0x00, 0x01, 0x08, 0x82, 0xA0, 0x22, 0x22, 0x08, 0x22,
    0x22, 0xA0, 0x20, 0x22, 0x01, 0x00, 0x00, 0x01, 0x2A, 0xAA, 0xA1, 0x40, 0x00, 0x01, 0x52, 0x01,
    0x55, 0x52, 0x01, 0x55, 0x52, 0x20, 0x55, 0x52, 0x88, 0x55, 0x52, 0x08, 0x55, 0x52, 0x08, 0x55,
    0x50, 0x00, 0x55, 0x55, 0x55, 0x55, 0x55, 0x55, 0x55, 0x55, 0x55, 0x55, 0x55, 0x55, 0x55, 0x55,

/* Character 0x9E */
    0x55, 0x55, 0x55, 0x55, 0x55, 0x55, 0x40, 0x55, 0x55, 0x48, 0x00, 0x01, 0x48, 0x8A, 0x20, 0x4A,
    0x08, 0x88, 0x48, 0x88, 0x88, 0x48, 0x88, 0x88, 0x00, 0x00, 0x00, 0x2A, 0xAA, 0xA8, 0x00, 0x00,
    0x00, 0x54, 0x80, 0x15, 0x54, 0x8A, 0x15, 0x54, 0xA2, 0x15, 0x54, 0x82, 0x15, 0x54, 0x82, 0x15,
    0x54, 0x00, 0x15, 0x55, 0x55, 0x55, 0x55, 0x55, 0x55, 0x55, 0x55, 0x55, 0x55, 0x55, 0x55, 0x55,

/* Character 0x9F */
    0x55, 0x55, 0x55, 0x55, 0x55, 0x55, 0x55, 0x55, 0x55, 0x50, 0x00, 0x55, 0x52, 0xA8, 0x15, 0x52,
    0x22, 0x15, 0x52, 0x22, 0x15, 0x52, 0x22, 0x15, 0x50, 0x00, 0x15, 0x4A, 0xAA, 0x85, 0x50, 0x00,
    0x15, 0x54, 0x00, 0x55, 0x50, 0xA8, 0x55, 0x52, 0x80, 0x55, 0x50, 0x28, 0x55, 0x52, 0xA0, 0x55,
    0x50, 0x01, 0x55, 0x55, 0x55, 0x55, 0x55, 0x55, 0x55, 0x55, 0x55, 0x55, 0x55, 0x55, 0x55, 0x55,

/* Character 0xA0 */
    0x55, 0x55, 0x55, 0x55, 0x55, 0x55, 0x55, 0x55, 0x55, 0x55, 0x55, 0x55, 0x55, 0x55, 0x55, 0x55,
    0x55, 0x55, 0x55, 0x55, 0x55, 0x55, 0x55, 0x55, 0x55, 0x55, 0x55, 0x55, 0x55, 0x55, 0x55, 0x55,
    0x55, 0x41, 0x55, 0x55, 0x50, 0x15, 0x55, 0x50, 0x05, 0x55, 0x50, 0x00, 0x55, 0x54, 0x50, 0x05,
    0x54, 0x15, 0x00, 0x55, 0x15, 0x50, 0x55, 0x55, 0x55, 0x55, 0x55, 0x55, 0x55, 0x55, 0x55, 0x55,

/* Character 0xA1 */
    0x55, 0x55, 0x55, 0x55, 0x55, 0x55, 0x55, 0x55, 0x55, 0x55, 0x55, 0x55, 0x55, 0x55, 0x55, 0x55,
    0x55, 0x55, 0x55, 0x55, 0x55, 0x55, 0x55, 0x55, 0x55, 0x55, 0x55, 0x55, 0x55, 0x55, 0x55, 0x55,
    0x55, 0x55, 0x55, 0x55, 0x55, 0x55, 0x55, 0x55, 0x55, 0x55, 0x55, 0x55, 0x55, 0x55, 0x55, 0x55,
    0x55, 0x55, 0x55, 0x15, 0x55, 0x55, 0x55, 0x55, 0x55, 0x55, 0x55, 0x55, 0x55, 0x55, 0x55, 0x55,

/* Character 0xA2 */
    0x55, 0x55, 0x55, 0x55, 0x55, 0x55, 0x55, 0x55, 0x55, 0x55, 0x55, 0x55, 0x55, 0x55, 0x55, 0x55,
    0x55, 0x55, 0x55, 0x55, 0x55, 0x55, 0x55, 0x55, 0x55, 0x55, 0x55, 0x55, 0x55, 0x55, 0x55, 0x55,
    0x55, 0x55, 0x55, 0x55, 0x55, 0x55, 0x55, 0x55, 0x55, 0x55, 0x55, 0x55, 0x55, 0x55, 0x55, 0x55,
    0x55, 0x55, 0x55, 0x55, 0x55, 0x55, 0x55, 0x55, 0x55, 0x55, 0x55, 0x55, 0x55, 0x55, 0x55, 0x55,

/* Character 0xA3 */
    0x55, 0x55, 0x55, 0x55, 0x55, 0x55, 0x55, 0x55, 0x55, 0x55, 0x55, 0x55, 0x55, 0x55, 0x55, 0x55,
    0x55, 0x55, 0x55, 0x55, 0x55, 0x55, 0x55, 0x55, 0x55, 0x55, 0x55, 0x55, 0x55, 0x55, 0x55, 0x55,
    0x55, 0x55, 0x55, 0x55, 0x55, 0x55, 0x55, 0x55, 0x55, 0x55, 0x55, 0x55, 0x55, 0x55, 0x55, 0x55,
    0x55, 0x55, 0x55, 0x55, 0x55, 0x55, 0x55, 0x55, 0x55, 0x55, 0x55, 0x55, 0x55, 0x55, 0x55, 0x55,

/* Character 0xA4 */
    0x55, 0x55, 0x55, 0x55, 0x55, 0x55, 0x55, 0x55, 0x55, 0x55, 0x55, 0x55, 0x55, 0x55, 0x55, 0x55,
    0x55, 0x55, 0x55, 0x55, 0x55, 0x55, 0x55, 0x55, 0x55, 0x55, 0x55, 0x55, 0x55, 0x55, 0x55, 0x55,
    0x55, 0x55, 0x55, 0x55, 0x55, 0x55, 0x55, 0x55, 0x55, 0x55, 0x55, 0x55, 0x55, 0x55, 0x55, 0x55,
    0x55, 0x55, 0x55, 0x55, 0x55, 0x55, 0x55, 0x55, 0x55, 0x55, 0x55, 0x55, 0x55, 0x55, 0x55, 0x55,

/* Character 0xA5 */
    0x55, 0x55, 0x55, 0x55, 0x55, 0x55, 0x55, 0x55, 0x55, 0x55, 0x55, 0x55, 0x55, 0x55, 0x55, 0x55,
    0x55, 0x55, 0x55, 0x55, 0x55, 0x55, 0x55, 0x55, 0x55, 0x55, 0x55, 0x55, 0x55, 0x55, 0x55, 0x55,
    0x55, 0x55, 0x55, 0x55, 0x55, 0x55, 0x55, 0x55, 0x55, 0x55, 0x55, 0x55, 0x55, 0x55, 0x55, 0x55,
    0x55, 0x55, 0x55, 0x55, 0x55, 0x55, 0x55, 0x55, 0x55, 0x55, 0x55, 0x55, 0x55, 0x55, 0x55, 0x55,

/* Character 0xA6 */
    0x55, 0x55, 0x55, 0x55, 0x55, 0x55, 0x55, 0x55, 0x55, 0x55, 0x55, 0x55, 0x55, 0x55, 0x55, 0x55,
    0x55, 0x55, 0x55, 0x55, 0x55, 0x55, 0x55, 0x55, 0x55, 0x55, 0x55, 0x55, 0x55, 0x55, 0x55, 0x55,
    0x55, 0x55, 0x55, 0x55, 0x55, 0x55, 0x55, 0x55, 0x55, 0x55, 0x55, 0x55, 0x55, 0x55, 0x55, 0x55,
    0x55, 0x55, 0x55, 0x55, 0x55, 0x55, 0x55, 0x55, 0x55, 0x55, 0x55, 0x55, 0x55, 0x55, 0x55, 0x55,

/* Character 0xA7 */
    0x55, 0x55, 0x55, 0x55, 0x55, 0x55, 0x55, 0x55, 0x55, 0x55, 0x55, 0x55, 0x55, 0x55, 0x55, 0x55,
    0x55, 0x55, 0x55, 0x55, 0x55, 0x55, 0x55, 0x55, 0x55, 0x55, 0x55, 0x55, 0x55, 0x55, 0x55, 0x55,
    0x55, 0x55, 0x55, 0x55, 0x55, 0x55, 0x55, 0x55, 0x55, 0x55, 0x55, 0x55, 0x55, 0x55, 0x55, 0x55,
    0x55, 0x55, 0x55, 0x55, 0x55, 0x55, 0x55, 0x55, 0x55, 0x55, 0x55, 0x55, 0x55, 0x55, 0x55, 0x55,

/* Character 0xA8 */
    0x55, 0x55, 0x55, 0x55, 0x55, 0x55, 0x55, 0x55, 0x55, 0x55, 0x55, 0x55, 0x55, 0x55, 0x55, 0x55,
    0x55, 0x55, 0x55, 0x55, 0x55, 0x55, 0x55, 0x55, 0x55, 0x55, 0x55, 0x55, 0x55, 0x55, 0x55, 0x55,
    0x55, 0x55, 0x55, 0x55, 0x55, 0x55, 0x55, 0x55, 0x55, 0x55, 0x55, 0x55, 0x55, 0x55, 0x55, 0x55,
    0x55, 0x55, 0x55, 0x55, 0x55, 0x55, 0x55, 0x55, 0x55, 0x55, 0x55, 0x55, 0x55, 0x55, 0x55, 0x55,

/* Character 0xA9 */
    0x55, 0x55, 0x55, 0x55, 0x55, 0x55, 0x55, 0x55, 0x55, 0x55, 0x55, 0x55, 0x55, 0x55, 0x55, 0x55,
    0x55, 0x55, 0x55, 0x55, 0x55, 0x55, 0x55, 0x55, 0x55, 0x55, 0x55, 0x55, 0x55, 0x55, 0x55, 0x55,
    0x55, 0x55, 0x55, 0x55, 0x55, 0x55, 0x55, 0x55, 0x55, 0x55, 0x55, 0x55, 0x55, 0x55, 0x55, 0x55,
    0x55, 0x55, 0x55, 0x55, 0x55, 0x55, 0x55, 0x55, 0x55, 0x55, 0x55, 0x55, 0x55, 0x55, 0x55, 0x55,

/* Character 0xAA */
    0x55, 0x55, 0x55, 0x55, 0x55, 0x55, 0x55, 0x55, 0x55, 0x55, 0x55, 0x55, 0x55, 0x55, 0x55, 0x55,
    0x55, 0x55, 0x55, 0x55, 0x55, 0x55, 0x55, 0x55, 0x55, 0x55, 0x55, 0x55, 0x55, 0x55, 0x55, 0x55,
    0x55, 0x55, 0x55, 0x55, 0x55, 0x55, 0x55, 0x55, 0x55, 0x55, 0x55, 0x55, 0x55, 0x55, 0x55, 0x55,
    0x55, 0x55, 0x55, 0x55, 0x55, 0x55, 0x55, 0x55, 0x55, 0x55, 0x55, 0x55, 0x55, 0x55, 0x55, 0x55,

/* Character 0xAB */
    0x55, 0x55, 0x55, 0x55, 0x55, 0x55, 0x55, 0x55, 0x55, 0x55, 0x55, 0x55, 0x55, 0x55, 0x55, 0x55,
    0x55, 0x55, 0x55, 0x55, 0x55, 0x55, 0x55, 0x55, 0x55, 0x55, 0x55, 0x55, 0x55, 0x55, 0x55, 0x55,
    0x55, 0x55, 0x55, 0x55, 0x55, 0x55, 0x55, 0x55, 0x55, 0x55, 0x55, 0x55, 0x55, 0x55, 0x55, 0x55,
    0x55, 0x55, 0x55, 0x55, 0x55, 0x55, 0x55, 0x55, 0x55, 0x55, 0x55, 0x55, 0x55, 0x55, 0x55, 0x55,

/* Character 0xAC */
    0x55, 0x55, 0x55, 0x55, 0x55, 0x55, 0x55, 0x55, 0x55, 0x55, 0x55, 0x55, 0x55, 0x55, 0x55, 0x55,
    0x55, 0x55, 0x55, 0x55, 0x55, 0x55, 0x55, 0x55, 0x55, 0x55, 0x55, 0x55, 0x55, 0x55, 0x55, 0x55,
    0x55, 0x55, 0x55, 0x55, 0x55, 0x55, 0x55, 0x55, 0x55, 0x55, 0x55, 0x55, 0x55, 0x55, 0x55, 0x55,
    0x55, 0x55, 0x55, 0x55, 0x55, 0x55, 0x55, 0x55, 0x55, 0x55, 0x55, 0x55, 0x55, 0x55, 0x55, 0x55,

/* Character 0xAD */
    0x55, 0x55, 0x55, 0x55, 0x55, 0x55, 0x55, 0x55, 0x55, 0x55, 0x55, 0x55, 0x55, 0x55, 0x55, 0x55,
    0x55, 0x55, 0x55, 0x55, 0x55, 0x55, 0x55, 0x55, 0x55, 0x55, 0x55, 0x55, 0x55, 0x55, 0x55, 0x55,
    0x55, 0x55, 0x55, 0x55, 0x55, 0x55, 0x55, 0x55, 0x55, 0x55, 0x55, 0x55, 0x55, 0x55, 0x55, 0x55,
    0x55, 0x55, 0x55, 0x55, 0x55, 0x55, 0x55, 0x55, 0x55, 0x55, 0x55, 0x55, 0x55, 0x55, 0x55, 0x55,

/* Character 0xAE */
    0x55, 0x55, 0x55, 0x55, 0x55, 0x55, 0x55, 0x55, 0x55, 0x55, 0x55, 0x55, 0x55, 0x55, 0x55, 0x55,
    0x55, 0x55, 0x55, 0x55, 0x55, 0x55, 0x55, 0x55, 0x55, 0x55, 0x55, 0x55, 0x55, 0x55, 0x55, 0x55,
    0x55, 0x55, 0x55, 0x55, 0x55, 0x55, 0x55, 0x55, 0x55, 0x55, 0x55, 0x55, 0x55, 0x55, 0x55, 0x55,
    0x55, 0x55, 0x55, 0x55, 0x55, 0x55, 0x55, 0x55, 0x55, 0x55, 0x55, 0x55, 0x55, 0x55, 0x55, 0x55,

/* Character 0xAF */
    0x55, 0x55, 0x55, 0x55, 0x55, 0x55, 0x55, 0x55, 0x55, 0x55, 0x55, 0x55, 0x55, 0x55, 0x55, 0x55,
    0x55, 0x55, 0x55, 0x55, 0x55, 0x55, 0x55, 0x55, 0x55, 0x55, 0x55, 0x55, 0x55, 0x55, 0x55, 0x55,
    0x55, 0x55, 0x55, 0x55, 0x55, 0x55, 0x55, 0x55, 0x55, 0x55, 0x55, 0x55, 0x55, 0x55, 0x55, 0x55,
    0x55, 0x55, 0x55, 0x55, 0x55, 0x55, 0x55, 0x55, 0x55, 0x55, 0x55, 0x55, 0x55, 0x55, 0x55, 0x55,

/* Character 0xB0 */
    0x55, 0x55, 0x55, 0x55, 0x55, 0x55, 0x55, 0x55, 0x55, 0x55, 0x55, 0x55, 0x55, 0x55, 0x55, 0x55,
    0x55, 0x55, 0x55, 0x55, 0x55, 0x55, 0x55, 0x55, 0x55, 0x55, 0x55, 0x55, 0x55, 0x55, 0x55, 0x55,
    0x55, 0x55, 0x55, 0x55, 0x55, 0x55, 0x55, 0x55, 0x55, 0x55, 0x55, 0x55, 0x55, 0x55, 0x55, 0x55,
    0x55, 0x55, 0x55, 0x55, 0x55, 0x55, 0x55, 0x55, 0x55, 0x55, 0x55, 0x55, 0x55, 0x55, 0x55, 0x55,

/* Character 0xB1 */
    0x55, 0x55, 0x55, 0x55, 0x55, 0x55, 0x55, 0x55, 0x55, 0x55, 0x55, 0x55, 0x55, 0x55, 0x55, 0x55,
    0x55, 0x55, 0x55, 0x55, 0x55, 0x55, 0x55, 0x55, 0x55, 0x55, 0x55, 0x55, 0x55, 0x55, 0x55, 0x55,
    0x55, 0x55, 0x55, 0x55, 0x55, 0x55, 0x55, 0x55, 0x55, 0x55, 0x55, 0x55, 0x55, 0x55, 0x55, 0x55,
    0x55, 0x55, 0x55, 0x55, 0x55, 0x55, 0x55, 0x55, 0x55, 0x55, 0x55, 0x55, 0x55, 0x55, 0x55, 0x55,

/* Character 0xB2 */
    0x55, 0x55, 0x55, 0x55, 0x55, 0x55, 0x55, 0x55, 0x55, 0x55, 0x55, 0x55, 0x55, 0x55, 0x55, 0x55,
    0x55, 0x55, 0x55, 0x55, 0x55, 0x55, 0x55, 0x55, 0x55, 0x55, 0x55, 0x55, 0x55, 0x55, 0x55, 0x55,
    0x55, 0x55, 0x55, 0x55, 0x55, 0x55, 0x55, 0x55, 0x55, 0x55, 0x55, 0x55, 0x55, 0x55, 0x55, 0x55,
    0x55, 0x55, 0x55, 0x55, 0x55, 0x55, 0x55, 0x55, 0x55, 0x55, 0x55, 0x55, 0x55, 0x55, 0x55, 0x55,

/* Character 0xB3 */
    0x55, 0x55, 0x55, 0x55, 0x55, 0x55, 0x55, 0x55, 0x55, 0x55, 0x55, 0x55, 0x55, 0x55, 0x55, 0x55,
    0x55, 0x55, 0x55, 0x55, 0x55, 0x55, 0x55, 0x55, 0x55, 0x55, 0x55, 0x55, 0x55, 0x55, 0x55, 0x55,
    0x55, 0x55, 0x55, 0x55, 0x55, 0x55, 0x55, 0x55, 0x55, 0x55, 0x55, 0x55, 0x55, 0x55, 0x55, 0x55,
    0x55, 0x55, 0x55, 0x55, 0x55, 0x55, 0x55, 0x55, 0x55, 0x55, 0x55, 0x55, 0x55, 0x55, 0x55, 0x55,

/* Character 0xB4 */
    0x55, 0x55, 0x55, 0x55, 0x55, 0x55, 0x55, 0x55, 0x55, 0x55, 0x55, 0x55, 0x55, 0x55, 0x55, 0x55,
    0x55, 0x55, 0x55, 0x55, 0x55, 0x55, 0x55, 0x55, 0x55, 0x55, 0x55, 0x55, 0x55, 0x55, 0x55, 0x55,
    0x55, 0x55, 0x55, 0x55, 0x55, 0x55, 0x55, 0x55, 0x55, 0x55, 0x55, 0x55, 0x55, 0x55, 0x55, 0x55,
    0x55, 0x55, 0x55, 0x55, 0x55, 0x55, 0x55, 0x55, 0x55, 0x55, 0x55, 0x55, 0x55, 0x55, 0x55, 0x55,

/* Character 0xB5 */
    0x55, 0x55, 0x55, 0x55, 0x55, 0x55, 0x55, 0x55, 0x55, 0x55, 0x55, 0x55, 0x55, 0x55, 0x55, 0x55,
    0x55, 0x55, 0x55, 0x55, 0x55, 0x55, 0x55, 0x55, 0x55, 0x55, 0x55, 0x55, 0x55, 0x55, 0x55, 0x55,
    0x55, 0x55, 0x55, 0x55, 0x55, 0x55, 0x55, 0x55, 0x55, 0x55, 0x55, 0x55, 0x55, 0x55, 0x55, 0x55,
    0x55, 0x55, 0x55, 0x55, 0x55, 0x55, 0x55, 0x55, 0x55, 0x55, 0x55, 0x55, 0x55, 0x55, 0x55, 0x55,

/* Character 0xB6 */
    0x55, 0x55, 0x55, 0x55, 0x55, 0x55, 0x55, 0x55, 0x55, 0x55, 0x55, 0x55, 0x55, 0x55, 0x55, 0x55,
    0x55, 0x55, 0x55, 0x55, 0x55, 0x55, 0x55, 0x55, 0x55, 0x55, 0x55, 0x55, 0x55, 0x55, 0x55, 0x55,
    0x55, 0x55, 0x55, 0x55, 0x55, 0x55, 0x55, 0x55, 0x55, 0x55, 0x55, 0x55, 0x55, 0x55, 0x55, 0x55,
    0x55, 0x55, 0x55, 0x55, 0x55, 0x55, 0x55, 0x55, 0x55, 0x55, 0x55, 0x55, 0x55, 0x55, 0x55, 0x55,

/* Character 0xB7 */
    0x55, 0x55, 0x55, 0x55, 0x55, 0x55, 0x55, 0x55, 0x55, 0x55, 0x55, 0x55, 0x55, 0x55, 0x55, 0x55,
    0x55, 0x55, 0x55, 0x55, 0x55, 0x55, 0x55, 0x55, 0x55, 0x55, 0x55, 0x55, 0x55, 0x55, 0x55, 0x55,
    0x55, 0x55, 0x55, 0x55, 0x55, 0x55, 0x55, 0x55, 0x55, 0x55, 0x55, 0x55, 0x55, 0x55, 0x55, 0x55,
    0x55, 0x55, 0x55, 0x55, 0x55, 0x55, 0x55, 0x55, 0x55, 0x55, 0x55, 0x55, 0x55, 0x55, 0x55, 0x55,

/* Character 0xB8 */
    0x45, 0x05, 0x54, 0x40, 0x05, 0x55, 0x50, 0x05, 0x55, 0x50, 0x01, 0x55, 0x54, 0x55, 0x55, 0x54,
    0x15, 0x55, 0x55, 0x15, 0x55, 0x55, 0x05, 0x55, 0x55, 0x41, 0x55, 0x55, 0x51, 0x55, 0x55, 0x50,
    0x55, 0x55, 0x54, 0x55, 0x55, 0x54, 0x15, 0x55, 0x55, 0x05, 0x55, 0x55, 0x45, 0x55, 0x55, 0x50,
    0x55, 0x55, 0x54, 0x55, 0x55, 0x55, 0x55, 0x55, 0x55, 0x55, 0x55, 0x55, 0x55, 0x55, 0x55, 0x55,

/* Character 0xB9 */
    0x01, 0x55, 0x55, 0x40, 0x15, 0x55, 0x54, 0x01, 0x55, 0x55, 0x40, 0x15, 0x55, 0x50, 0x05, 0x55,
    0x55, 0x00, 0x55, 0x55, 0x50, 0x55, 0x55, 0x55, 0x55, 0x55, 0x55, 0x55, 0x45, 0x55, 0x55, 0x54,
    0x15, 0x55, 0x55, 0x41, 0x55, 0x55, 0x54, 0x55, 0x55, 0x55, 0x55, 0x55, 0x55, 0x55, 0x55, 0x55,
    0x15, 0x55, 0x55, 0x01, 0x55, 0x55, 0x55, 0x55, 0x55, 0x55, 0x55, 0x55, 0x55, 0x55, 0x55, 0x55,

/* Character 0xBA */
    0x55, 0x55, 0x55, 0x55, 0x55, 0x55, 0x55, 0x55, 0x55, 0x55, 0x55, 0x55, 0x55, 0x55, 0x55, 0x55,
    0x55, 0x55, 0x05, 0x55, 0x55, 0x00, 0x55, 0x55, 0x50, 0x15, 0x55, 0x54, 0x01, 0x55, 0x55, 0x40,
    0x15, 0x55, 0x54, 0x01, 0x15, 0x55, 0x40, 0x00, 0x55, 0x54, 0x50, 0x05, 0x54, 0x55, 0x00, 0x54,
    0x55, 0x50, 0x0A, 0x55, 0x52, 0x2A, 0x55, 0x55, 0x55, 0x55, 0x55, 0x55, 0x55, 0x55, 0x55, 0x55,

/* Character 0xBB */
    0x55, 0x55, 0x55, 0x55, 0x55, 0x55, 0x55, 0x55, 0x55, 0x55, 0x55, 0x55, 0x55, 0x55, 0x55, 0x55,
    0x45, 0x55, 0x55, 0x54, 0x55, 0x55, 0x55, 0x05, 0x55, 0x55, 0x50, 0x55, 0x55, 0x50, 0x55, 0x55,
    0x00, 0x55, 0x54, 0x00, 0x15, 0x54, 0x00, 0x05, 0x54, 0x00, 0xAA, 0x54, 0x00, 0x2A, 0x00, 0x00,
    0xAA, 0x80, 0x00, 0xA0, 0x00, 0x00, 0x55, 0x55, 0x55, 0x55, 0x55, 0x55, 0x55, 0x55, 0x55, 0x55,

/* Character 0xBC */
    0x55, 0x55, 0x55, 0x55, 0x55, 0x55, 0x55, 0x55, 0x55, 0x55, 0x55, 0x55, 0x55, 0x55, 0x55, 0x55,
    0x55, 0x55, 0x55, 0x55, 0x55, 0x55, 0x55, 0x55, 0x55, 0x55, 0x55, 0x05, 0x55, 0x55, 0x01, 0x55,
    0x55, 0x00, 0x15, 0x55, 0x00, 0x05, 0x55, 0x00, 0x01, 0x55, 0x01, 0x40, 0x55, 0x05, 0x54, 0x15,
    0x05, 0x55, 0x05, 0x01, 0x55, 0x41, 0x55, 0x55, 0x55, 0x55, 0x55, 0x55, 0x55, 0x55, 0x55, 0x55,

/* Character 0xBD */
    0x55, 0x55, 0x55, 0x55, 0x55, 0x55, 0x55, 0x55, 0x55, 0x55, 0x55, 0x55, 0x55, 0x55, 0x55, 0x55,
    0x55, 0x55, 0x55, 0x55, 0x55, 0x55, 0x55, 0x55, 0x55, 0x55, 0x55, 0x55, 0x55, 0x55, 0x55, 0x55,
    0x55, 0x55, 0x55, 0x55, 0x55, 0x55, 0x55, 0x55, 0x55, 0x55, 0x55, 0x55, 0x55, 0x55, 0x55, 0x55,
    0x55, 0x55, 0x55, 0x55, 0x55, 0x55, 0x55, 0x55, 0x55, 0x55, 0x55, 0x55, 0x55, 0x55, 0x55, 0x55,

/* Character 0xBE */
    0x55, 0x55, 0x55, 0x55, 0x55, 0x55, 0x55, 0x55, 0x55, 0x55, 0x55, 0x55, 0x55, 0x55, 0x55, 0x55,
    0x55, 0x55, 0x55, 0x55, 0x55, 0x55, 0x55, 0x55, 0x55, 0x55, 0x55, 0x55, 0x55, 0x55, 0x55, 0x55,
    0x55, 0x55, 0x55, 0x55, 0x55, 0x55, 0x55, 0x55, 0x55, 0x55, 0x55, 0x55, 0x55, 0x55, 0x55, 0x55,
    0x55, 0x55, 0x55, 0x55, 0x55, 0x55, 0x55, 0x55, 0x55, 0x55, 0x55, 0x55, 0x55, 0x55, 0x55, 0x55,

/* Character 0xBF */
    0x55, 0x55, 0x55, 0x55, 0x55, 0x55, 0x55, 0x55, 0x55, 0x55, 0x55, 0x55, 0x55, 0x55, 0x55, 0x55,
    0x55, 0x55, 0x55, 0x55, 0x55, 0x55, 0x55, 0x55, 0x55, 0x55, 0x55, 0x55, 0x55, 0x55, 0x55, 0x55,
    0x55, 0x55, 0x55, 0x55, 0x55, 0x55, 0x55, 0x55, 0x55, 0x55, 0x55, 0x55, 0x55, 0x55, 0x55, 0x55,
    0x55, 0x55, 0x55, 0xA5, 0x55, 0x55, 0x55, 0x55, 0x55, 0x55, 0x55, 0x55, 0x55, 0x55, 0x55, 0x55,

/* Character 0xC0 */
    0x55, 0x55, 0x55, 0x55, 0x55, 0x55, 0x55, 0x55, 0x55, 0x55, 0x55, 0x55, 0x55, 0x55, 0x55, 0x55,
    0x55, 0x55, 0x55, 0x55, 0x55, 0x55, 0x55, 0x55, 0x55, 0x55, 0x55, 0x55, 0x55, 0x55, 0x55, 0x55,
    0x55, 0x55, 0x55, 0x55, 0x55, 0x55, 0x55, 0x55, 0x55, 0x55, 0x55, 0x55, 0x55, 0x55, 0x55, 0x55,
    0x55, 0x55, 0x55, 0x55, 0x55, 0x55, 0x55, 0x55, 0x55, 0x55, 0x55, 0x55, 0x55, 0x55, 0x55, 0x55,

/* Character 0xC1 */
    0x55, 0x55, 0x55, 0x55, 0x55, 0x55, 0x55, 0x55, 0x55, 0x55, 0x55, 0x55, 0x55, 0x55, 0x55, 0x55,
    0x55, 0x55, 0x55, 0x55, 0x55, 0x55, 0x55, 0x55, 0x55, 0x55, 0x55, 0x55, 0x55, 0x55, 0x55, 0x55,
    0x55, 0x55, 0x55, 0x55, 0x55, 0x55, 0x55, 0x55, 0x55, 0x55, 0x55, 0x55, 0x55, 0x55, 0x55, 0x55,
    0x55, 0x55, 0x55, 0x95, 0x55, 0x55, 0x55, 0x55, 0x55, 0x55, 0x55, 0x55, 0x55, 0x55, 0x55, 0x55,

/* Character 0xC2 */
    0x55, 0x55, 0x55, 0x55, 0x55, 0x55, 0x55, 0x55, 0x55, 0x55, 0x55, 0x55, 0x55, 0x55, 0x55, 0x55,
    0x55, 0x55, 0x55, 0x55, 0x55, 0x55, 0x55, 0x55, 0x55, 0x55, 0x55, 0x55, 0x55, 0x55, 0x55, 0x55,
    0x55, 0x55, 0x55, 0x55, 0x55, 0x55, 0x55, 0x55, 0x55, 0x55, 0x55, 0x55, 0x55, 0x55, 0x55, 0x55,
    0x55, 0x55, 0x55, 0x55, 0x95, 0x65, 0x55, 0x55, 0x55, 0x55, 0x55, 0x55, 0x55, 0x55, 0x55, 0x55,

/* Character 0xC3 */
    0x55, 0x55, 0x55, 0x55, 0x55, 0x55, 0x55, 0x55, 0x55, 0x55, 0x55, 0x55, 0x55, 0x55, 0x55, 0x55,
    0x55, 0x55, 0x55, 0x55, 0x55, 0x55, 0x55, 0x55, 0x55, 0x55, 0x55, 0x55, 0x55, 0x55, 0x55, 0x55,
    0x55, 0x55, 0x55, 0x55, 0x55, 0x55, 0x55, 0x55, 0x55, 0x55, 0x55, 0x55, 0x55, 0x55, 0x55, 0x55,
    0x55, 0x55, 0x55, 0x55, 0x55, 0x55, 0x55, 0x55, 0x55, 0x55, 0x55, 0x55, 0x55, 0x55, 0x55, 0x55,

/* Character 0xC4 */
    0x55, 0x55, 0x55, 0x55, 0x55, 0x55, 0x55, 0x55, 0x55, 0x55, 0x55, 0x55, 0x55, 0x55, 0x55, 0x55,
    0x55, 0x55, 0x55, 0x55, 0x55, 0x55, 0x55, 0x55, 0x55, 0x55, 0x55, 0x55, 0x55, 0x55, 0x55, 0x55,
    0x55, 0x55, 0x55, 0x55, 0x55, 0x55, 0x55, 0x55, 0x55, 0x55, 0x55, 0x55, 0x55, 0x55, 0x55, 0x55,
    0x55, 0x55, 0x55, 0x59, 0x55, 0x5A, 0x55, 0x55, 0x55, 0x55, 0x55, 0x55, 0x55, 0x55, 0x55, 0x55,

/* Character 0xC5 */
    0x55, 0x55, 0x55, 0x55, 0x55, 0x55, 0x55, 0x55, 0x55, 0x55, 0x55, 0x55, 0x55, 0x55, 0x55, 0x55,
    0x55, 0x55, 0x55, 0x55, 0x55, 0x55, 0x55, 0x55, 0x55, 0x55, 0x55, 0x55, 0x55, 0x55, 0x55, 0x55,
    0x55, 0x55, 0x55, 0x55, 0x55, 0x55, 0x55, 0x55, 0x55, 0x55, 0x55, 0x55, 0x55, 0x55, 0x55, 0x55,
    0x55, 0x55, 0x55, 0x56, 0x55, 0x55, 0x55, 0x55, 0x55, 0x55, 0x55, 0x55, 0x55, 0x55, 0x55, 0x55,

/* Character 0xC6 */
    0x55, 0x55, 0x55, 0x55, 0x55, 0x55, 0x55, 0x55, 0x55, 0x55, 0x55, 0x55, 0x55, 0x55, 0x55, 0x55,
    0x55, 0x55, 0x55, 0x55, 0x55, 0x55, 0x55, 0x55, 0x55, 0x55, 0x55, 0x55, 0x55, 0x55, 0x55, 0x55,
    0x55, 0x55, 0x55, 0x55, 0x55, 0x55, 0x55, 0x55, 0x55, 0x55, 0x55, 0x55, 0x55, 0x55, 0x55, 0x55,
    0x55, 0x55, 0x55, 0x54, 0x15, 0x55, 0x55, 0x55, 0x55, 0x55, 0x55, 0x55, 0x55, 0x55, 0x55, 0x55,

/* Character 0xC7 */
    0x55, 0x55, 0x55, 0x55, 0x55, 0x55, 0x55, 0x55, 0x55, 0x55, 0x55, 0x55, 0x55, 0x55, 0x55, 0x55,
    0x55, 0x55, 0x55, 0x55, 0x55, 0x55, 0x55, 0x55, 0x55, 0x55, 0x55, 0x55, 0x55, 0x55, 0x55, 0x55,
    0x55, 0x55, 0x55, 0x55, 0x55, 0x55, 0x55, 0x55, 0x55, 0x55, 0x55, 0x55, 0x55, 0x55, 0x55, 0x55,
    0x55, 0x55, 0x55, 0x55, 0x51, 0x54, 0x55, 0x55, 0x55, 0x55, 0x55, 0x55, 0x55, 0x55, 0x55, 0x55,

/* Character 0xC8 */
    0x55, 0x55, 0x55, 0x55, 0x55, 0x55, 0x55, 0x55, 0x55, 0x55, 0x55, 0x55, 0x55, 0x55, 0x55, 0x55,
    0x55, 0x55, 0x55, 0x55, 0x55, 0x55, 0x55, 0x55, 0x55, 0x55, 0x55, 0x55, 0x55, 0x55, 0x55, 0x55,
    0x55, 0x55, 0x55, 0x55, 0x55, 0x55, 0x55, 0x55, 0x55, 0x55, 0x55, 0x55, 0x55, 0x55, 0x55, 0x55,
    0x55, 0x55, 0x55, 0x15, 0x15, 0x55, 0x55, 0x55, 0x55, 0x55, 0x55, 0x55, 0x55, 0x55, 0x55, 0x55,

/* Character 0xC9 */
    0x55, 0x55, 0x55, 0x55, 0x55, 0x55, 0x55, 0x55, 0x55, 0x55, 0x55, 0x55, 0x55, 0x55, 0x55, 0x55,
    0x55, 0x55, 0x55, 0x55, 0x55, 0x55, 0x55, 0x55, 0x55, 0x55, 0x55, 0x55, 0x55, 0x55, 0x55, 0x55,
    0x55, 0x55, 0x55, 0x55, 0x55, 0x55, 0x55, 0x55, 0x55, 0x55, 0x55, 0x55, 0x55, 0x55, 0x55, 0x55,
    0x55, 0x55, 0x55, 0x55, 0x50, 0x54, 0x55, 0x55, 0x55, 0x55, 0x55, 0x55, 0x55, 0x55, 0x55, 0x55,

/* Character 0xCA */
    0x55, 0x55, 0x55, 0x55, 0x55, 0x55, 0x55, 0x55, 0x55, 0x55, 0x55, 0x55, 0x55, 0x55, 0x55, 0x55,
    0x55, 0x55, 0x55, 0x55, 0x55, 0x55, 0x55, 0x55, 0x55, 0x55, 0x55, 0x55, 0x55, 0x55, 0x55, 0x55,
    0x55, 0x55, 0x55, 0x55, 0x55, 0x55, 0x55, 0x55, 0x55, 0x55, 0x55, 0x55, 0x55, 0x55, 0x55, 0x55,
    0x55, 0x55, 0x55, 0x55, 0x55, 0x54, 0x55, 0x55, 0x55, 0x55, 0x55, 0x55, 0x55, 0x55, 0x55, 0x55,

/* Character 0xCB */
    0x55, 0x55, 0x55, 0x55, 0x55, 0x55, 0x55, 0x55, 0x55, 0x55, 0x55, 0x55, 0x55, 0x55, 0x55, 0x55,
    0x55, 0x55, 0x55, 0x55, 0x55, 0x55, 0x55, 0x55, 0x55, 0x55, 0x55, 0x55, 0x55, 0x55, 0x55, 0x55,
    0x55, 0x55, 0x55, 0x55, 0x55, 0x55, 0x55, 0x55, 0x55, 0x55, 0x55, 0x55, 0x55, 0x55, 0x55, 0x55,
    0x55, 0x55, 0x55, 0x00, 0x01, 0x55, 0x55, 0x55, 0x55, 0x55, 0x55, 0x55, 0x55, 0x55, 0x55, 0x55,

/* Character 0xCC */
    0x55, 0x55, 0x55, 0x55, 0x55, 0x55, 0x55, 0x55, 0x55, 0x55, 0x55, 0x55, 0x55, 0x55, 0x55, 0x55,
    0x55, 0x55, 0x55, 0x55, 0x55, 0x55, 0x55, 0x55, 0x55, 0x55, 0x55, 0x55, 0x55, 0x55, 0x55, 0x55,
    0x55, 0x55, 0x55, 0x55, 0x55, 0x55, 0x55, 0x55, 0x55, 0x55, 0x55, 0x55, 0x55, 0x55, 0x55, 0x55,
    0x55, 0x55, 0x55, 0x55, 0x51, 0x51, 0x55, 0x55, 0x55, 0x55, 0x55, 0x55, 0x55, 0x55, 0x55, 0x55,

/* Character 0xCD */
    0x55, 0x55, 0x55, 0x55, 0x55, 0x55, 0x55, 0x55, 0x55, 0x55, 0x55, 0x55, 0x55, 0x55, 0x55, 0x55,
    0x55, 0x55, 0x55, 0x55, 0x55, 0x55, 0x55, 0x55, 0x55, 0x55, 0x55, 0x55, 0x55, 0x55, 0x55, 0x55,
    0x55, 0x55, 0x55, 0x55, 0x55, 0x55, 0x55, 0x55, 0x55, 0x55, 0x55, 0x55, 0x55, 0x55, 0x55, 0x55,
    0x55, 0x55, 0x55, 0x55, 0x54, 0x14, 0x55, 0x55, 0x55, 0x55, 0x55, 0x55, 0x55, 0x55, 0x55, 0x55,

/* Character 0xCE */
    0x55, 0x55, 0x55, 0x55, 0x55, 0x55, 0x55, 0x55, 0x55, 0x55, 0x55, 0x55, 0x55, 0x55, 0x55, 0x55,
    0x55, 0x55, 0x55, 0x55, 0x55, 0x55, 0x55, 0x55, 0x55, 0x55, 0x55, 0x55, 0x55, 0x55, 0x55, 0x55,
    0x55, 0x55, 0x55, 0x55, 0x55, 0x55, 0x55, 0x55, 0x55, 0x55, 0x55, 0x55, 0x55, 0x55, 0x55, 0x55,
    0x55, 0x55, 0x55, 0x15, 0x45, 0x55, 0x55, 0x55, 0x55, 0x55, 0x55, 0x55, 0x55, 0x55, 0x55, 0x55,

/* Character 0xCF */
    0x55, 0x55, 0x55, 0x55, 0x55, 0x55, 0x55, 0x55, 0x55, 0x55, 0x55, 0x55, 0x55, 0x55, 0x55, 0x55,
    0x55, 0x55, 0x55, 0x55, 0x55, 0x55, 0x55, 0x55, 0x55, 0x55, 0x55, 0x55, 0x55, 0x55, 0x55, 0x55,
    0x55, 0x55, 0x55, 0x55, 0x55, 0x55, 0x55, 0x55, 0x55, 0x55, 0x55, 0x55, 0x55, 0x55, 0x55, 0x55,
    0x55, 0x55, 0x55, 0x55, 0x55, 0x51, 0x55, 0x55, 0x55, 0x55, 0x55, 0x55, 0x55, 0x55, 0x55, 0x55,

/* Character 0xD0 */
    0x55, 0x55, 0x55, 0x55, 0x55, 0x55, 0x55, 0x55, 0x55, 0x55, 0x55, 0x55, 0x55, 0x55, 0x55, 0x55,
    0x55, 0x55, 0x55, 0x55, 0x55, 0x55, 0x55, 0x55, 0x55, 0x55, 0x55, 0x55, 0x55, 0x55, 0x55, 0x55,
    0x55, 0x55, 0x55, 0x55, 0x55, 0x55, 0x55, 0x55, 0x55, 0x55, 0x55, 0x55, 0x55, 0x55, 0x55, 0x55,
    0x55, 0x55, 0x55, 0x55, 0x55, 0x55, 0x55, 0x55, 0x55, 0x55, 0x55, 0x55, 0x55, 0x55, 0x55, 0x55,

/* Character 0xD1 */
    0x50, 0x00, 0x55, 0x55, 0x40, 0x00, 0x55, 0x55, 0x55, 0x55, 0x55, 0x55, 0x55, 0x55, 0x55, 0x55,
    0x55, 0x55, 0x55, 0x55, 0x55, 0x55, 0x55, 0x55, 0x55, 0x55, 0x55, 0x55, 0x55, 0x55, 0x55, 0x55,
    0x55, 0x55, 0x55, 0x55, 0x55, 0x55, 0x55, 0x55, 0x55, 0x55, 0x55, 0x55, 0x55, 0x55, 0x55, 0x55,
    0x55, 0x55, 0x55, 0x55, 0x55, 0x55, 0x55, 0x55, 0x55, 0x55, 0x55, 0x55, 0x55, 0x55, 0x55, 0x55,

/* Character 0xD2 */
    0x40, 0x00, 0xAA, 0x00, 0x06, 0xAA, 0x55, 0x55, 0xAA, 0x55, 0x55, 0xAA, 0x55, 0x55, 0xAA, 0x55,
    0x55, 0xAA, 0x55, 0x55, 0xAA, 0x55, 0x55, 0x6A, 0x55, 0x55, 0x6A, 0x55, 0x55, 0x40, 0x55, 0x54,
    0x00, 0x55, 0x50, 0x00, 0x55, 0x40, 0x00, 0x55, 0x40, 0x00, 0x55, 0x20, 0x00, 0x55, 0xAA, 0x20,
    0x55, 0xAA, 0xAA, 0x55, 0xAA, 0xAA, 0x55, 0x55, 0x55, 0x55, 0x55, 0x55, 0x55, 0x55, 0x55, 0x55,

/* Character 0xD3 */
    0xA0, 0x00, 0x00, 0x80, 0x00, 0x00, 0x80, 0x00, 0x05, 0x80, 0x00, 0x05, 0x80, 0x00, 0x15, 0x80,
    0x00, 0x15, 0xA0, 0x01, 0x55, 0x80, 0x05, 0x55, 0x00, 0x55, 0x55, 0x00, 0x15, 0x55, 0x00, 0x05,
    0x55, 0x00, 0x00, 0x55, 0x00, 0x00, 0x05, 0x00, 0x00, 0x01, 0x00, 0x00, 0x00, 0x00, 0x00, 0x00,
    0x80, 0x00, 0x00, 0x00, 0x00, 0x00, 0x55, 0x55, 0x55, 0x55, 0x55, 0x55, 0x55, 0x55, 0x55, 0x55,

/* Character 0xD4 */
    0x00, 0x55, 0x51, 0x00, 0x05, 0x50, 0x00, 0x00, 0x10, 0x50, 0x00, 0x00, 0x55, 0x55, 0x50, 0x55,
    0x55, 0x55, 0x55, 0x55, 0x55, 0x55, 0x55, 0x55, 0x55, 0x55, 0x55, 0x55, 0x55, 0x55, 0x55, 0x55,
    0x55, 0x55, 0x55, 0x55, 0x55, 0x55, 0x55, 0x55, 0x55, 0x55, 0x15, 0x55, 0x55, 0x01, 0x55, 0x55,
    0x00, 0x05, 0x00, 0x00, 0x00, 0x15, 0x55, 0x55, 0x55, 0x55, 0x55, 0x55, 0x55, 0x55, 0x55, 0x55,

/* Character 0xD5 */
    0x55, 0x55, 0x55, 0x55, 0x55, 0x55, 0x55, 0x55, 0x55, 0x15, 0x55, 0x55, 0x15, 0x55, 0x55, 0x55,
    0x55, 0x55, 0x55, 0x55, 0x55, 0x55, 0x55, 0x55, 0x55, 0x55, 0x55, 0x55, 0x55, 0x55, 0x55, 0x55,
    0x55, 0x55, 0x55, 0x55, 0x55, 0x55, 0x55, 0x55, 0x55, 0x55, 0x55, 0x15, 0x55, 0x50, 0x55, 0x55,
    0x01, 0x55, 0x55, 0x05, 0x55, 0x55, 0x55, 0x55, 0x55, 0x55, 0x55, 0x55, 0x55, 0x55, 0x55, 0x55,

/* Character 0xD6 */
    0x55, 0x55, 0x55, 0x55, 0x55, 0x56, 0x55, 0x55, 0x56, 0x55, 0x55, 0x56, 0x55, 0x55, 0x5A, 0x55,
    0x55, 0x5A, 0x55, 0x55, 0x5A, 0x55, 0x55, 0x6A, 0x55, 0x55, 0x6A, 0x55, 0x55, 0x6A, 0x55, 0x55,
    0xAA, 0x55, 0x55, 0xAA, 0x55, 0x55, 0xAA, 0x55, 0x56, 0xAA, 0x55, 0x56, 0xAA, 0x55, 0x56, 0xAA,
    0x55, 0x5A, 0xAA, 0x55, 0x5A, 0xAA, 0x55, 0x55, 0x55, 0x55, 0x55, 0x55, 0x55, 0x55, 0x55, 0x55,

/* Character 0xD7 */
    0xAA, 0xAA, 0xAA, 0xAA, 0xAA, 0xAA, 0xAA, 0xAA, 0xAA, 0xAA, 0xAA, 0xAA, 0xAA, 0x95, 0x5A, 0xAA,
    0x95, 0x56, 0xAA, 0x55, 0x56, 0xAA, 0x55, 0x5A, 0xAA, 0xAA, 0xAA, 0xAA, 0xAA, 0xAA, 0xAA, 0xAA,
    0xAA, 0xAA, 0xAA, 0xAA, 0xA5, 0x55, 0x6A, 0xA5, 0x55, 0x6A, 0x95, 0x55, 0x6A, 0x95, 0x55, 0xAA,
    0x95, 0x5A, 0xAA, 0xAA, 0xAA, 0xAA, 0x55, 0x55, 0x55, 0x55, 0x55, 0x55, 0x55, 0x55, 0x55, 0x55,

/* Character 0xD8 */
    0xAA, 0x95, 0x56, 0xAA, 0x95, 0x56, 0xAA, 0xA5, 0x56, 0xAA, 0x95, 0x5A, 0xAA, 0x95, 0x5A, 0xAA,
    0x95, 0x5A, 0xAA, 0x55, 0x6A, 0xA9, 0x55, 0x6A, 0xA5, 0x55, 0x6A, 0xA5, 0x55, 0xAA, 0xA5, 0x55,
    0xAA, 0xA9, 0x55, 0xAA, 0xA9, 0x56, 0xAA, 0xA9, 0x56, 0xAA, 0xA9, 0x5A, 0xAA, 0xA9, 0x5A, 0xAA,
    0xA5, 0x5A, 0xAA, 0xA5, 0x6A, 0xAA, 0x55, 0x55, 0x55, 0x55, 0x55, 0x55, 0x55, 0x55, 0x55, 0x55,

/* Character 0xD9 */
    0xAA, 0xAA, 0xAA, 0xAA, 0xAA, 0xAA, 0xAA, 0xAA, 0xAA, 0xAA, 0xAA, 0xAA, 0xAA, 0xAA, 0xAA, 0xAA,
    0x55, 0x55, 0xA9, 0x55, 0x55, 0xA9, 0x55, 0x55, 0xAA, 0xAA, 0xAA, 0xAA, 0xAA, 0xAA, 0xAA, 0xAA,
    0xAA, 0xAA, 0xAA, 0xAA, 0xAA, 0xAA, 0xAA, 0x95, 0x55, 0x55, 0x95, 0x55, 0x55, 0x95, 0x55, 0x55,
    0xAA, 0xAA, 0xAA, 0xAA, 0xAA, 0xAA, 0x55, 0x55, 0x55, 0x55, 0x55, 0x55, 0x55, 0x55, 0x55, 0x55,

/* Character 0xDA */
    0xAA, 0x95, 0xAA, 0xAA, 0x95, 0xAA, 0xAA, 0x96, 0xAA, 0xAA, 0x56, 0xAA, 0xAA, 0x56, 0xAA, 0x55,
    0x55, 0x55, 0x55, 0x55, 0x55, 0x55, 0x55, 0x55, 0xA5, 0x55, 0x55, 0x95, 0x55, 0x56, 0x95, 0x55,
    0x56, 0x55, 0x55, 0x56, 0x55, 0x55, 0x5A, 0x55, 0x55, 0x5A, 0x55, 0x55, 0x6A, 0x55, 0x55, 0x6A,
    0x55, 0x55, 0x6A, 0x55, 0x55, 0xAA, 0x55, 0x55, 0x55, 0x55, 0x55, 0x55, 0x55, 0x55, 0x55, 0x55,

/* Character 0xDB */
    0xAA, 0xAA, 0xAA, 0xAA, 0xAA, 0xAA, 0xAA, 0xAA, 0xAA, 0xAA, 0xAA, 0xAA, 0xAA, 0xAA, 0xAA, 0x6A,
    0xA9, 0x55, 0xAA, 0xA9, 0x55, 0xAA, 0xA5, 0x55, 0xAA, 0xA5, 0x55, 0xAA, 0xA5, 0x55, 0xAA, 0x95,
    0x55, 0xAA, 0x95, 0x55, 0xAA, 0x95, 0x55, 0xAA, 0x55, 0x55, 0xAA, 0x55, 0x56, 0xA9, 0x55, 0x56,
    0xA9, 0x55, 0x5A, 0xA9, 0x55, 0x6A, 0x55, 0x55, 0x55, 0x55, 0x55, 0x55, 0x55, 0x55, 0x55, 0x55,

/* Character 0xDC */
    0xA9, 0x55, 0x6A, 0xA9, 0x55, 0x6A, 0xA5, 0x55, 0xAA, 0xA5, 0x56, 0xAA, 0xA5, 0x5A, 0xAA, 0x55,
    0x5A, 0xAA, 0x55, 0x6A, 0xAA, 0x55, 0xAA, 0xAA, 0x55, 0xAA, 0x96, 0x56, 0xAA, 0x96, 0x5A, 0xAA,
    0x56, 0x5A, 0xA9, 0x56, 0x6A, 0xA9, 0x56, 0xAA, 0xA5, 0x56, 0xAA, 0xAA, 0xAA, 0xAA, 0xAA, 0xAA,
    0xAA, 0xAA, 0xAA, 0xAA, 0xAA, 0xAA, 0x55, 0x55, 0x55, 0x55, 0x55, 0x55, 0x55, 0x55, 0x55, 0x55,

/* Character 0xDD */
    0xAA, 0x95, 0x55, 0xAA, 0x95, 0x55, 0xAA, 0x95, 0x55, 0xAA, 0x95, 0x55, 0xAA, 0x95, 0x55, 0xAA,
    0x95, 0x55, 0xAA, 0x95, 0x55, 0xAA, 0x95, 0x55, 0xAA, 0x95, 0x55, 0xAA, 0x95, 0x54, 0xAA, 0x95,
    0x54, 0xAA, 0x95, 0x54, 0xAA, 0x95, 0x50, 0xAA, 0x95, 0x50, 0xAA, 0x95, 0x50, 0xAA, 0x95, 0x40,
    0xAA, 0x95, 0x40, 0xAA, 0x95, 0x40, 0x55, 0x55, 0x55, 0x55, 0x55, 0x55, 0x55, 0x55, 0x55, 0x55,

/* Character 0xDE */
    0x54, 0x00, 0x00, 0x50, 0x00, 0x00, 0x50, 0x00, 0x00, 0x50, 0x00, 0x00, 0x40, 0x00, 0x00, 0x40,
    0x01, 0x55, 0x40, 0x01, 0x55, 0x00, 0x01, 0x55, 0x00, 0x00, 0x00, 0x00, 0x00, 0x00, 0x00, 0x00,
    0x00, 0x00, 0x00, 0x00, 0x00, 0x00, 0x00, 0x00, 0x15, 0x55, 0x00, 0x55, 0x55, 0x00, 0x55, 0x55,
    0x01, 0x55, 0x55, 0x01, 0x55, 0x55, 0x55, 0x55, 0x55, 0x55, 0x55, 0x55, 0x55, 0x55, 0x55, 0x55,

/* Character 0xDF */
    0x00, 0x01, 0x54, 0x00, 0x01, 0x50, 0x00, 0x01, 0x50, 0x00, 0x05, 0x40, 0x00, 0x05, 0x40, 0x55,
    0x55, 0x40, 0x55, 0x55, 0x00, 0x55, 0x55, 0x00, 0x01, 0x55, 0x00, 0x01, 0x54, 0x00, 0x05, 0x54,
    0x00, 0x05, 0x54, 0x00, 0x05, 0x50, 0x00, 0x55, 0x50, 0x00, 0x55, 0x50, 0x00, 0x55, 0x40, 0x00,
    0x55, 0x40, 0x00, 0x55, 0x40, 0x00, 0x55, 0x55, 0x55, 0x55, 0x55, 0x55, 0x55, 0x55, 0x55, 0x55,

/* Character 0xE0 */
    0x00, 0x15, 0x55, 0x00, 0x15, 0x55, 0x00, 0x55, 0x55, 0x00, 0x55, 0x55, 0x00, 0x55, 0x55, 0x01,
    0x55, 0x55, 0x01, 0x55, 0x55, 0x05, 0x55, 0x55, 0x05, 0x55, 0x55, 0x05, 0x55, 0x55, 0x15, 0x55,
    0x55, 0x15, 0x55, 0x55, 0x15, 0x55, 0x55, 0x55, 0x55, 0x55, 0x55, 0x55, 0x55, 0x55, 0x55, 0x55,
    0x00, 0x00, 0x15, 0x00, 0x00, 0x15, 0x55, 0x55, 0x55, 0x55, 0x55, 0x55, 0x55, 0x55, 0x55, 0x55,

/* Character 0xE1 */
    0x55, 0x50, 0x00, 0x55, 0x40, 0x00, 0x55, 0x40, 0x01, 0x55, 0x40, 0x01, 0x55, 0x00, 0x01, 0x55,
    0x00, 0x05, 0x54, 0x00, 0x05, 0x54, 0x00, 0x05, 0x54, 0x00, 0x15, 0x50, 0x00, 0x15, 0x50, 0x00,
    0x55, 0x50, 0x00, 0x55, 0x40, 0x00, 0x54, 0x40, 0x01, 0x54, 0x40, 0x01, 0x54, 0x00, 0x01, 0x54,
    0x00, 0x05, 0x54, 0x00, 0x05, 0x54, 0x55, 0x55, 0x55, 0x55, 0x55, 0x55, 0x55, 0x55, 0x55, 0x55,

/* Character 0xE2 */
    0x55, 0x55, 0x40, 0x55, 0x54, 0x00, 0x55, 0x40, 0x00, 0x55, 0x00, 0x00, 0x54, 0x00, 0x01, 0x54,
    0x00, 0x05, 0x50, 0x00, 0x15, 0x40, 0x00, 0x55, 0x40, 0x00, 0x55, 0x40, 0x01, 0x55, 0x00, 0x01,
    0x55, 0x00, 0x05, 0x55, 0x00, 0x05, 0x55, 0x00, 0x05, 0x55, 0x00, 0x05, 0x55, 0x00, 0x01, 0x55,
    0x00, 0x00, 0x55, 0x00, 0x00, 0x00, 0x55, 0x55, 0x55, 0x55, 0x55, 0x55, 0x55, 0x55, 0x55, 0x55,

/* Character 0xE3 */
    0x00, 0x00, 0x15, 0x00, 0x00, 0x15, 0x00, 0x00, 0x05, 0x00, 0x00, 0x05, 0x54, 0x00, 0x05, 0x55,
    0x00, 0x05, 0x55, 0x00, 0x05, 0x55, 0x55, 0x55, 0x55, 0x55, 0x55, 0x55, 0x55, 0x55, 0x40, 0x00,
    0x05, 0x00, 0x00, 0x15, 0x00, 0x00, 0x15, 0x00, 0x00, 0x15, 0x50, 0x00, 0x55, 0x40, 0x00, 0x55,
    0x00, 0x01, 0x54, 0x00, 0x01, 0x54, 0x55, 0x55, 0x55, 0x55, 0x55, 0x55, 0x55, 0x55, 0x55, 0x55,

/* Character 0xE4 */
    0x55, 0x40, 0x00, 0x55, 0x40, 0x01, 0x55, 0x00, 0x01, 0x55, 0x00, 0x05, 0x55, 0x00, 0x05, 0x54,
    0x00, 0x05, 0x54, 0x00, 0x15, 0x54, 0x00, 0x00, 0x50, 0x00, 0x00, 0x50, 0x00, 0x00, 0x50, 0x00,
    0x00, 0x40, 0x00, 0x00, 0x40, 0x00, 0x00, 0x40, 0x01, 0x55, 0x00, 0x01, 0x55, 0x00, 0x05, 0x55,
    0x00, 0x05, 0x55, 0x00, 0x05, 0x55, 0x55, 0x55, 0x55, 0x55, 0x55, 0x55, 0x55, 0x55, 0x55, 0x55,

/* Character 0xE5 */
    0x55, 0x54, 0x00, 0x55, 0x50, 0x00, 0x55, 0x50, 0x00, 0x55, 0x50, 0x00, 0x55, 0x40, 0x00, 0x55,
    0x40, 0x01, 0x55, 0x40, 0x01, 0x00, 0x00, 0x05, 0x00, 0x00, 0x05, 0x00, 0x00, 0x05, 0x00, 0x00,
    0x15, 0x00, 0x00, 0x15, 0x00, 0x00, 0x15, 0x50, 0x00, 0x55, 0x50, 0x00, 0x55, 0x40, 0x00, 0x55,
    0x40, 0x01, 0x55, 0x40, 0x01, 0x55, 0x55, 0x55, 0x55, 0x55, 0x55, 0x55, 0x55, 0x55, 0x55, 0x55,

/* Character 0xE6 */
    0x15, 0x00, 0x00, 0x14, 0x00, 0x00, 0x54, 0x00, 0x00, 0x54, 0x00, 0x00, 0x50, 0x00, 0x00, 0x55,
    0x55, 0x00, 0x55, 0x55, 0x00, 0x55, 0x55, 0x00, 0x55, 0x54, 0x00, 0x55, 0x54, 0x00, 0x55, 0x50,
    0x00, 0x55, 0x50, 0x00, 0x55, 0x50, 0x00, 0x55, 0x40, 0x00, 0x55, 0x40, 0x01, 0x55, 0x40, 0x01,
    0x55, 0x00, 0x01, 0x55, 0x00, 0x05, 0x55, 0x55, 0x55, 0x55, 0x55, 0x55, 0x55, 0x55, 0x55, 0x55,

/* Character 0xE7 */
    0x00, 0x00, 0x01, 0x00, 0x00, 0x05, 0x00, 0x00, 0x05, 0x00, 0x00, 0x05, 0x00, 0x00, 0x15, 0x01,
    0x55, 0x55, 0x05, 0x55, 0x55, 0x05, 0x55, 0x55, 0x05, 0x55, 0x55, 0x15, 0x55, 0x55, 0x15, 0x55,
    0x55, 0x15, 0x55, 0x55, 0x55, 0x55, 0x55, 0x55, 0x55, 0x55, 0x55, 0x55, 0x55, 0x55, 0x55, 0x55,
    0x55, 0x55, 0x55, 0x55, 0x55, 0x55, 0x55, 0x55, 0x55, 0x55, 0x55, 0x55, 0x55, 0x55, 0x55, 0x55,

/* Character 0xE8 */
    0x55, 0x55, 0x55, 0x55, 0x55, 0x55, 0x55, 0x55, 0x55, 0x55, 0x55, 0x55, 0x55, 0x55, 0x55, 0x55,
    0x55, 0x55, 0x55, 0x55, 0x55, 0x55, 0x55, 0x55, 0x55, 0x55, 0x55, 0x55, 0x55, 0x55, 0x55, 0x55,
    0x55, 0x55, 0x55, 0x55, 0x55, 0x55, 0x55, 0x55, 0x55, 0x55, 0x55, 0x55, 0x55, 0x55, 0x55, 0x55,
    0x55, 0x55, 0x55, 0x55, 0x55, 0x55, 0x55, 0x55, 0x55, 0x55, 0x55, 0x55, 0x55, 0x55, 0x55, 0x55,

/* Character 0xE9 */
    0x55, 0x55, 0x55, 0x55, 0x55, 0x55, 0x55, 0x55, 0x55, 0x55, 0x55, 0x55, 0x55, 0x55, 0x55, 0x55,
    0x55, 0x55, 0x55, 0x55, 0x55, 0x55, 0x55, 0x55, 0x55, 0x55, 0x55, 0x55, 0x55, 0x55, 0x55, 0x55,
    0x55, 0x55, 0x55, 0x55, 0x55, 0x55, 0x55, 0x55, 0x55, 0x55, 0x55, 0x55, 0x55, 0x55, 0x55, 0x55,
    0x55, 0x55, 0x55, 0x55, 0x55, 0x55, 0x55, 0x55, 0x55, 0x55, 0x55, 0x55, 0x55, 0x55, 0x55, 0x55,

/* Character 0xEA */
    0x55, 0xAA, 0xAA, 0x55, 0x22, 0xA0, 0x55, 0x68, 0x00, 0x55, 0x40, 0x02, 0x55, 0x50, 0x28, 0x55,
    0x54, 0x2A, 0x55, 0x55, 0x2A, 0x55, 0x55, 0x56, 0x55, 0x55, 0x55, 0x55, 0x55, 0x55, 0x55, 0x55,
    0x55, 0x55, 0x55, 0x55, 0x55, 0x55, 0x55, 0x55, 0x55, 0x55, 0x55, 0x55, 0x55, 0x55, 0x55, 0x55,
    0x55, 0x55, 0x55, 0x55, 0x55, 0x55, 0x55, 0x55, 0x55, 0x55, 0x55, 0x55, 0x55, 0x55, 0x55, 0x55,

/* Character 0xEB */
    0x00, 0x20, 0x00, 0x08, 0xA0, 0x00, 0x22, 0x80, 0x00, 0xAA, 0xA0, 0x00, 0xAA, 0x00, 0x02, 0xAA,
    0x80, 0x2A, 0xA8, 0x80, 0x8A, 0xA8, 0x00, 0x09, 0x55, 0x55, 0x55, 0x55, 0x55, 0x55, 0x55, 0x55,
    0x55, 0x55, 0x55, 0x55, 0x55, 0x55, 0x55, 0x55, 0x55, 0x55, 0x55, 0x55, 0x55, 0x55, 0x55, 0x55,
    0x55, 0x55, 0x55, 0x55, 0x55, 0x55, 0x55, 0x55, 0x55, 0x55, 0x55, 0x55, 0x55, 0x55, 0x55, 0x55,

/* Character 0xEC */
    0x00, 0x00, 0x54, 0x00, 0x00, 0x50, 0x00, 0x00, 0x05, 0x00, 0x00, 0x15, 0x00, 0x01, 0x55, 0x00,
    0x15, 0x55, 0x85, 0x55, 0x55, 0x55, 0x55, 0x55, 0x55, 0x55, 0x55, 0x55, 0x55, 0x55, 0x55, 0x55,
    0x55, 0x55, 0x55, 0x55, 0x55, 0x55, 0x55, 0x55, 0x55, 0x55, 0x55, 0x55, 0x55, 0x55, 0x55, 0x55,
    0x55, 0x55, 0x55, 0x55, 0x55, 0x55, 0x55, 0x55, 0x55, 0x55, 0x55, 0x55, 0x55, 0x55, 0x55, 0x55,

/* Character 0xED */
    0x15, 0x55, 0x55, 0x55, 0x55, 0x55, 0x55, 0x55, 0x55, 0x55, 0x55, 0x55, 0x55, 0x55, 0x55, 0x55,
    0x55, 0x55, 0x55, 0x55, 0x55, 0x55, 0x55, 0x55, 0x55, 0x55, 0x55, 0x55, 0x55, 0x55, 0x55, 0x55,
    0x55, 0x55, 0x55, 0x55, 0x55, 0x55, 0x55, 0x55, 0x55, 0x55, 0x55, 0x55, 0x55, 0x55, 0x55, 0x55,
    0x55, 0x55, 0x55, 0x55, 0x55, 0x55, 0x55, 0x55, 0x55, 0x55, 0x55, 0x55, 0x55, 0x55, 0x55, 0x55,

/* Character 0xEE */
    0x55, 0x5A, 0xAA, 0x55, 0x6A, 0xAA, 0x55, 0x6A, 0xAA, 0x55, 0x6A, 0xAA, 0x55, 0x55, 0x55, 0x55,
    0x55, 0x55, 0x55, 0x55, 0x55, 0x55, 0x55, 0x55, 0x55, 0x55, 0x55, 0x55, 0x55, 0x55, 0x55, 0x55,
    0x55, 0x55, 0x55, 0x55, 0x55, 0x55, 0x55, 0x55, 0x55, 0x55, 0x55, 0x55, 0x55, 0x55, 0x55, 0x55,
    0x55, 0x55, 0x55, 0x55, 0x55, 0x55, 0x55, 0x55, 0x55, 0x55, 0x55, 0x55, 0x55, 0x55, 0x55, 0x55,

/* Character 0xEF */
    0xAA, 0xAA, 0xAA, 0xAA, 0xAA, 0xAA, 0xAA, 0xAA, 0xA5, 0xAA, 0xAA, 0x55, 0x55, 0x55, 0x55, 0x55,
    0x55, 0x55, 0x55, 0x55, 0x55, 0x55, 0x55, 0x55, 0x55, 0x55, 0x55, 0x55, 0x55, 0x55, 0x55, 0x55,
    0x55, 0x55, 0x55, 0x55, 0x55, 0x55, 0x55, 0x55, 0x55, 0x55, 0x55, 0x55, 0x55, 0x55, 0x55, 0x55,
    0x55, 0x55, 0x55, 0x55, 0x55, 0x55, 0x55, 0x55, 0x55, 0x55, 0x55, 0x55, 0x55, 0x55, 0x55, 0x55,

/* Character 0xF0 */
    0x95, 0x6A, 0xAA, 0x55, 0x6A, 0xAA, 0x55, 0xAA, 0xAA, 0x55, 0x55, 0x55, 0x55, 0x55, 0x55, 0x55,
    0x55, 0x55, 0x55, 0x55, 0x55, 0x55, 0x55, 0x55, 0x55, 0x55, 0x55, 0x55, 0x55, 0x55, 0x55, 0x55,
    0x55, 0x55, 0x55, 0x55, 0x55, 0x55, 0x55, 0x55, 0x55, 0x55, 0x55, 0x55, 0x55, 0x55, 0x55, 0x55,
    0x55, 0x55, 0x55, 0x55, 0x55, 0x55, 0x55, 0x55, 0x55, 0x55, 0x55, 0x55, 0x55, 0x55, 0x55, 0x55,

/* Character 0xF1 */
    0xAA, 0xAA, 0xA9, 0xAA, 0xAA, 0xA9, 0xAA, 0xAA, 0xA9, 0x55, 0x55, 0x55, 0x55, 0x55, 0x55, 0x55,
    0x55, 0x55, 0x55, 0x55, 0x55, 0x55, 0x55, 0x55, 0x55, 0x55, 0x55, 0x55, 0x55, 0x55, 0x55, 0x55,
    0x55, 0x55, 0x55, 0x55, 0x55, 0x55, 0x55, 0x55, 0x55, 0x55, 0x55, 0x55, 0x55, 0x55, 0x55, 0x55,
    0x55, 0x55, 0x55, 0x55, 0x55, 0x55, 0x55, 0x55, 0x55, 0x55, 0x55, 0x55, 0x55, 0x55, 0x55, 0x55,

/* Character 0xF2 */
    0x55, 0x55, 0xAA, 0x55, 0x55, 0xAA, 0x55, 0x56, 0xAA, 0x55, 0x56, 0x95, 0x55, 0x55, 0x55, 0x55,
    0x55, 0x55, 0x55, 0x55, 0x55, 0x55, 0x55, 0x55, 0x55, 0x55, 0x55, 0x55, 0x55, 0x55, 0x55, 0x55,
    0x55, 0x55, 0x55, 0x55, 0x55, 0x55, 0x55, 0x55, 0x55, 0x55, 0x55, 0x55, 0x55, 0x55, 0x55, 0x55,
    0x55, 0x55, 0x55, 0x55, 0x55, 0x55, 0x55, 0x55, 0x55, 0x55, 0x55, 0x55, 0x55, 0x55, 0x55, 0x55,

/* Character 0xF3 */
    0xA5, 0x55, 0x6A, 0xA5, 0x55, 0xAA, 0xA5, 0x56, 0xAA, 0x95, 0x56, 0x56, 0x55, 0x55, 0x55, 0x55,
    0x55, 0x55, 0x55, 0x55, 0x55, 0x55, 0x55, 0x55, 0x55, 0x55, 0x55, 0x55, 0x55, 0x55, 0x55, 0x55,
    0x55, 0x55, 0x55, 0x55, 0x55, 0x55, 0x55, 0x55, 0x55, 0x55, 0x55, 0x55, 0x55, 0x55, 0x55, 0x55,
    0x55, 0x55, 0x55, 0x55, 0x55, 0x55, 0x55, 0x55, 0x55, 0x55, 0x55, 0x55, 0x55, 0x55, 0x55, 0x55,

/* Character 0xF4 */
    0xA9, 0x55, 0x5A, 0xA5, 0x55, 0x5A, 0xA5, 0x55, 0x5A, 0x95, 0x55, 0x5A, 0x55, 0x55, 0x55, 0x55,
    0x55, 0x55, 0x55, 0x55, 0x55, 0x55, 0x55, 0x55, 0x55, 0x55, 0x55, 0x55, 0x55, 0x55, 0x55, 0x55,
    0x55, 0x55, 0x55, 0x55, 0x55, 0x55, 0x55, 0x55, 0x55, 0x55, 0x55, 0x55, 0x55, 0x55, 0x55, 0x55,
    0x55, 0x55, 0x55, 0x55, 0x55, 0x55, 0x55, 0x55, 0x55, 0x55, 0x55, 0x55, 0x55, 0x55, 0x55, 0x55,

/* Character 0xF5 */
    0xAA, 0x95, 0x00, 0xAA, 0x95, 0x00, 0xAA, 0x95, 0x00, 0x56, 0x95, 0x15, 0x55, 0x55, 0x55, 0x55,
    0x55, 0x55, 0x55, 0x55, 0x55, 0x55, 0x55, 0x55, 0x55, 0x55, 0x55, 0x55, 0x55, 0x55, 0x55, 0x55,
    0x55, 0x55, 0x55, 0x55, 0x55, 0x55, 0x55, 0x55, 0x55, 0x55, 0x55, 0x55, 0x55, 0x55, 0x55, 0x55,
    0x55, 0x55, 0x55, 0x55, 0x55, 0x55, 0x55, 0x55, 0x55, 0x55, 0x55, 0x55, 0x55, 0x55, 0x55, 0x55,

/* Character 0xF6 */
    0x01, 0x55, 0x55, 0x05, 0x55, 0x55, 0x05, 0x55, 0x55, 0x15, 0x55, 0x55, 0x55, 0x55, 0x55, 0x55,
    0x55, 0x55, 0x55, 0x55, 0x55, 0x55, 0x55, 0x55, 0x55, 0x55, 0x55, 0x55, 0x55, 0x55, 0x55, 0x55,
    0x55, 0x55, 0x55, 0x55, 0x55, 0x55, 0x55, 0x55, 0x55, 0x55, 0x55, 0x55, 0x55, 0x55, 0x55, 0x55,
    0x55, 0x55, 0x55, 0x55, 0x55, 0x55, 0x55, 0x55, 0x55, 0x55, 0x55, 0x55, 0x55, 0x55, 0x55, 0x55,

/* Character 0xF7 */
    0x55, 0x00, 0x00, 0x55, 0x00, 0x00, 0x54, 0x00, 0x00, 0x54, 0x15, 0x55, 0x55, 0x55, 0x55, 0x55,
    0x55, 0x55, 0x55, 0x55, 0x55, 0x55, 0x55, 0x55, 0x55, 0x55, 0x55, 0x55, 0x55, 0x55, 0x55, 0x55,
    0x55, 0x55, 0x55, 0x55, 0x55, 0x55, 0x55, 0x55, 0x55, 0x55, 0x55, 0x55, 0x55, 0x55, 0x55, 0x55,
    0x55, 0x55, 0x55, 0x55, 0x55, 0x55, 0x55, 0x55, 0x55, 0x55, 0x55, 0x55, 0x55, 0x55, 0x55, 0x55,

/* Character 0xF8 */
    0x00, 0x00, 0x54, 0x00, 0x00, 0x54, 0x00, 0x00, 0x50, 0x55, 0x51, 0x50, 0x55, 0x55, 0x55, 0x55,
    0x55, 0x55, 0x55, 0x55, 0x55, 0x55, 0x55, 0x55, 0x55, 0x55, 0x55, 0x55, 0x55, 0x55, 0x55, 0x55,
    0x55, 0x55, 0x55, 0x55, 0x55, 0x55, 0x55, 0x55, 0x55, 0x55, 0x55, 0x55, 0x55, 0x55, 0x55, 0x55,
    0x55, 0x55, 0x55, 0x55, 0x55, 0x55, 0x55, 0x55, 0x55, 0x55, 0x55, 0x55, 0x55, 0x55, 0x55, 0x55,

/* Character 0xF9 */
    0x00, 0x05, 0x55, 0x00, 0x15, 0x55, 0x00, 0x15, 0x55, 0x54, 0x55, 0x55, 0x55, 0x55, 0x55, 0x55,
    0x55, 0x55, 0x55, 0x55, 0x55, 0x55, 0x55, 0x55, 0x55, 0x55, 0x55, 0x55, 0x55, 0x55, 0x55, 0x55,
    0x55, 0x55, 0x55, 0x55, 0x55, 0x55, 0x55, 0x55, 0x55, 0x55, 0x55, 0x55, 0x55, 0x55, 0x55, 0x55,
    0x55, 0x55, 0x55, 0x55, 0x55, 0x55, 0x55, 0x55, 0x55, 0x55, 0x55, 0x55, 0x55, 0x55, 0x55, 0x55,

/* Character 0xFA */
    0x00, 0x00, 0x00, 0x00, 0x00, 0x00, 0x50, 0x00, 0x00, 0x54, 0x00, 0x05, 0x55, 0x55, 0x55, 0x55,
    0x55, 0x55, 0x55, 0x55, 0x55, 0x55, 0x55, 0x55, 0x55, 0x55, 0x55, 0x55, 0x55, 0x55, 0x55, 0x55,
    0x55, 0x55, 0x55, 0x55, 0x55, 0x55, 0x55, 0x55, 0x55, 0x55, 0x55, 0x55, 0x55, 0x55, 0x55, 0x55,
    0x55, 0x55, 0x55, 0x55, 0x55, 0x55, 0x55, 0x55, 0x55, 0x55, 0x55, 0x55, 0x55, 0x55, 0x55, 0x55,

/* Character 0xFB */
    0x00, 0x01, 0x54, 0x00, 0x05, 0x50, 0x50, 0x05, 0x50, 0x51, 0x15, 0x51, 0x55, 0x55, 0x55, 0x55,
    0x55, 0x55, 0x55, 0x55, 0x55, 0x55, 0x55, 0x55, 0x55, 0x55, 0x55, 0x55, 0x55, 0x55, 0x55, 0x55,
    0x55, 0x55, 0x55, 0x55, 0x55, 0x55, 0x55, 0x55, 0x55, 0x55, 0x55, 0x55, 0x55, 0x55, 0x55, 0x55,
    0x55, 0x55, 0x55, 0x55, 0x55, 0x55, 0x55, 0x55, 0x55, 0x55, 0x55, 0x55, 0x55, 0x55, 0x55, 0x55,

/* Character 0xFC */
    0x00, 0x15, 0x55, 0x00, 0x15, 0x55, 0x00, 0x55, 0x54, 0x54, 0x55, 0x54, 0x55, 0x55, 0x55, 0x55,
    0x55, 0x55, 0x55, 0x55, 0x55, 0x55, 0x55, 0x55, 0x55, 0x55, 0x55, 0x55, 0x55, 0x55, 0x55, 0x55,
    0x55, 0x55, 0x55, 0x55, 0x55, 0x55, 0x55, 0x55, 0x55, 0x55, 0x55, 0x55, 0x55, 0x55, 0x55, 0x55,
    0x55, 0x55, 0x55, 0x55, 0x55, 0x55, 0x55, 0x55, 0x55, 0x55, 0x55, 0x55, 0x55, 0x55, 0x55, 0x55,

/* Character 0xFD */
    0x00, 0x01, 0x55, 0x00, 0x05, 0x55, 0x00, 0x05, 0x55, 0x15, 0x15, 0x55, 0x55, 0x55, 0x55, 0x55,
    0x55, 0x55, 0x55, 0x55, 0x55, 0x55, 0x55, 0x55, 0x55, 0x55, 0x55, 0x55, 0x55, 0x55, 0x55, 0x55,
    0x55, 0x55, 0x55, 0x55, 0x55, 0x55, 0x55, 0x55, 0x55, 0x55, 0x55, 0x55, 0x55, 0x55, 0x55, 0x55,
    0x55, 0x55, 0x55, 0x55, 0x55, 0x55, 0x55, 0x55, 0x55, 0x55, 0x55, 0x55, 0x55, 0x55, 0x55, 0x55,

/* Character 0xFE */
    0x55, 0x00, 0x05, 0x54, 0x00, 0x05, 0x54, 0x00, 0x15, 0x54, 0x54, 0x15, 0x55, 0x55, 0x55, 0x55,
    0x55, 0x55, 0x55, 0x55, 0x55, 0x55, 0x55, 0x55, 0x55, 0x55, 0x55, 0x55, 0x55, 0x55, 0x55, 0x55,
    0x55, 0x55, 0x55, 0x55, 0x55, 0x55, 0x55, 0x55, 0x55, 0x55, 0x55, 0x55, 0x55, 0x55, 0x55, 0x55,
    0x55, 0x55, 0x55, 0x55, 0x55, 0x55, 0x55, 0x55, 0x55, 0x55, 0x55, 0x55, 0x55, 0x55, 0x55, 0x55,

/* Character 0xFF */
    0x55, 0x55, 0x55, 0x55, 0x55, 0x55, 0x55, 0x55, 0x55, 0x55, 0x55, 0x55, 0x55, 0x55, 0x55, 0x55,
    0x55, 0x55, 0x55, 0x55, 0x55, 0x55, 0x55, 0x55, 0x55, 0x55, 0x55, 0x55, 0x55, 0x55, 0x55, 0x55,
    0x55, 0x55, 0x55, 0x55, 0x55, 0x55, 0x55, 0x55, 0x55, 0x55, 0x55, 0x55, 0x55, 0x55, 0x55, 0x55,
    0x55, 0x55, 0x55, 0x55, 0x55, 0x55, 0x55, 0x55, 0x55, 0x55, 0x55, 0x55, 0x55, 0x55, 0x55, 0x55

};