#ifndef FONT_DATA_H
#define FONT_DATA_H
#include <stdint.h>

#define FONT_WIDTH      (12)
#define FONT_HEIGHT     (18)

#define FONT_BPP        (2) // 2bits per pixel
#define FONT_CHARS      (256)
#define BYTES_PER_ROW   ((FONT_WIDTH * FONT_BPP) / 8)     // = 3
#define BYTES_PER_CHAR  (BYTES_PER_ROW * FONT_HEIGHT)     // = 54
#define FONT_STRIDE     (sizeof(font_data) / FONT_CHARS)  // = 64

__attribute__((section(".font")))
const uint8_t font_data[16384] = {

/* Hex 0x00, Char '' */
    0x55, 0x55, 0x55, 0x55, 0x55, 0x55, 0x55, 0x55, 0x55, 0x55, 0x55, 0x55, 0x55, 0x55, 0x55, 0x55, 
    0x55, 0x55, 0x55, 0x55, 0x55, 0x55, 0x55, 0x55, 0x55, 0x55, 0x55, 0x55, 0x55, 0x55, 0x55, 0x55, 
    0x55, 0x55, 0x55, 0x55, 0x55, 0x55, 0x55, 0x55, 0x55, 0x55, 0x55, 0x55, 0x55, 0x55, 0x55, 0x55, 
    0x55, 0x55, 0x55, 0x55, 0x55, 0x55, 0x55, 0x55, 0x55, 0x55, 0x55, 0x55, 0x55, 0x55, 0x55, 0x55, 

/* Hex 0x01, Char '' */
    0x55, 0x55, 0x55, 0x55, 0x55, 0x55, 0x55, 0x55, 0x55, 0x55, 0x55, 0x55, 0x55, 0x55, 0x05, 0x55, 
    0x54, 0xA1, 0x55, 0x54, 0xA1, 0x55, 0x40, 0xA1, 0x55, 0x28, 0xA1, 0x55, 0x28, 0xA1, 0x50, 0x28, 
    0xA1, 0x4A, 0x28, 0xA1, 0x4A, 0x28, 0xA1, 0x4A, 0x28, 0xA1, 0x50, 0x41, 0x05, 0x55, 0x55, 0x55, 
    0x55, 0x55, 0x55, 0x55, 0x55, 0x55, 0x55, 0x55, 0x55, 0x55, 0x55, 0x55, 0x55, 0x55, 0x55, 0x55, 

/* Hex 0x02, Char '' */
    0x55, 0x55, 0x55, 0x55, 0x55, 0x55, 0x55, 0x55, 0x55, 0x55, 0x55, 0x55, 0x55, 0x55, 0x05, 0x55, 
    0x54, 0xA1, 0x55, 0x52, 0x85, 0x55, 0x4A, 0x15, 0x55, 0x28, 0x55, 0x54, 0xA1, 0x55, 0x55, 0x28, 
    0x55, 0x55, 0x4A, 0x15, 0x55, 0x52, 0x85, 0x55, 0x54, 0xA1, 0x55, 0x55, 0x05, 0x55, 0x55, 0x55, 
    0x55, 0x55, 0x55, 0x55, 0x55, 0x55, 0x55, 0x55, 0x55, 0x55, 0x55, 0x55, 0x55, 0x55, 0x55, 0x55, 

/* Hex 0x03, Char '' */
    0x55, 0x55, 0x55, 0x55, 0x55, 0x55, 0x55, 0x55, 0x55, 0x55, 0x55, 0x55, 0x50, 0x55, 0x55, 0x4A, 
    0x15, 0x55, 0x52, 0x85, 0x55, 0x54, 0xA1, 0x55, 0x55, 0x28, 0x55, 0x55, 0x4A, 0x15, 0x55, 0x28, 
    0x55, 0x54, 0xA1, 0x55, 0x52, 0x85, 0x55, 0x4A, 0x15, 0x55, 0x50, 0x55, 0x55, 0x55, 0x55, 0x55, 
    0x55, 0x55, 0x55, 0x55, 0x55, 0x55, 0x55, 0x55, 0x55, 0x55, 0x55, 0x55, 0x55, 0x55, 0x55, 0x55, 

/* Hex 0x04, Char '' */
    0x55, 0x55, 0x55, 0x55, 0x55, 0x55, 0x55, 0x55, 0x55, 0x40, 0x40, 0x15, 0x2A, 0x20, 0x85, 0x48, 
    0x20, 0x85, 0x48, 0x2A, 0x85, 0x48, 0x20, 0x85, 0x48, 0x20, 0x85, 0x41, 0x40, 0x01, 0x28, 0x4A, 
    0xA8, 0x22, 0x20, 0x21, 0x28, 0x21, 0x21, 0x21, 0x20, 0x21, 0x21, 0x4A, 0x21, 0x45, 0x50, 0x45, 
    0x55, 0x55, 0x55, 0x55, 0x55, 0x55, 0x55, 0x55, 0x55, 0x55, 0x55, 0x55, 0x55, 0x55, 0x55, 0x55, 

/* Hex 0x05, Char '' */
    0x55, 0x55, 0x55, 0x55, 0x55, 0x55, 0x55, 0x55, 0x55, 0x55, 0x55, 0x55, 0x55, 0x41, 0x55, 0x55, 
    0x28, 0x55, 0x54, 0xAA, 0x15, 0x52, 0xAA, 0x85, 0x4A, 0xAA, 0xA1, 0x52, 0x08, 0x85, 0x52, 0x08, 
    0x85, 0x52, 0xA8, 0x85, 0x52, 0xA8, 0x85, 0x50, 0x01, 0x05, 0x55, 0x55, 0x55, 0x55, 0x55, 0x55, 
    0x55, 0x55, 0x55, 0x55, 0x55, 0x55, 0x55, 0x55, 0x55, 0x55, 0x55, 0x55, 0x55, 0x55, 0x55, 0x55, 

/* Hex 0x06, Char '' */
    0x55, 0x55, 0x55, 0x55, 0x55, 0x55, 0x55, 0x55, 0x55, 0x55, 0x55, 0x55, 0x55, 0x55, 0x55, 0x55, 
    0x55, 0x55, 0x55, 0x55, 0x55, 0x55, 0x55, 0x55, 0x51, 0x51, 0x55, 0x48, 0x48, 0x55, 0x48, 0x48, 
    0x55, 0x48, 0x48, 0x55, 0x52, 0x21, 0x55, 0x54, 0x85, 0x55, 0x55, 0x15, 0x55, 0x55, 0x55, 0x55, 
    0x55, 0x55, 0x55, 0x55, 0x55, 0x55, 0x55, 0x55, 0x55, 0x55, 0x55, 0x55, 0x55, 0x55, 0x55, 0x55, 

/* Hex 0x07, Char '' */
    0x55, 0x55, 0x55, 0x55, 0x55, 0x55, 0x55, 0x55, 0x55, 0x45, 0x45, 0x05, 0x21, 0x20, 0xA1, 0x28, 
    0xA2, 0x08, 0x22, 0x22, 0xA8, 0x20, 0x22, 0x08, 0x21, 0x22, 0x08, 0x45, 0x44, 0x51, 0x21, 0x21, 
    0x55, 0x20, 0x21, 0x55, 0x2A, 0xA1, 0x55, 0x20, 0x21, 0x55, 0x21, 0x21, 0x55, 0x45, 0x45, 0x55, 
    0x55, 0x55, 0x55, 0x55, 0x55, 0x55, 0x55, 0x55, 0x55, 0x55, 0x55, 0x55, 0x55, 0x55, 0x55, 0x55, 

/* Hex 0x08, Char '' */
    0x55, 0x01, 0x55, 0x54, 0xA8, 0x55, 0x54, 0x88, 0x55, 0x54, 0xA8, 0x55, 0x55, 0x01, 0x55, 0x55, 
    0x55, 0x55, 0x55, 0x55, 0x55, 0x55, 0x55, 0x55, 0x55, 0x55, 0x55, 0x55, 0x55, 0x55, 0x55, 0x55, 
    0x55, 0x55, 0x55, 0x55, 0x55, 0x55, 0x55, 0x55, 0x55, 0x55, 0x55, 0x55, 0x55, 0x55, 0x55, 0x55, 
    0x55, 0x55, 0x55, 0x55, 0x55, 0x55, 0x55, 0x55, 0x55, 0x55, 0x55, 0x55, 0x55, 0x55, 0x55, 0x55, 

/* Hex 0x09, Char '' */
    0x55, 0x55, 0x55, 0x55, 0x55, 0x55, 0x55, 0x55, 0x55, 0x55, 0x55, 0x55, 0x55, 0x55, 0x55, 0x55, 
    0x55, 0x55, 0x55, 0x01, 0x55, 0x54, 0xA8, 0x55, 0x54, 0x88, 0x55, 0x54, 0xA8, 0x55, 0x55, 0x01, 
    0x55, 0x55, 0x55, 0x55, 0x55, 0x55, 0x55, 0x55, 0x55, 0x55, 0x55, 0x55, 0x55, 0x55, 0x55, 0x55, 
    0x55, 0x55, 0x55, 0x55, 0x55, 0x55, 0x55, 0x55, 0x55, 0x55, 0x55, 0x55, 0x55, 0x55, 0x55, 0x55, 

/* Hex 0x0A, Char '' */
    0x55, 0x55, 0x55, 0x55, 0x55, 0x55, 0x55, 0x55, 0x55, 0x55, 0x55, 0x55, 0x55, 0x55, 0x55, 0x55, 
    0x55, 0x55, 0x55, 0x55, 0x55, 0x55, 0x55, 0x55, 0x55, 0x55, 0x55, 0x55, 0x55, 0x55, 0x55, 0x55, 
    0x55, 0x55, 0x55, 0x55, 0x55, 0x55, 0x55, 0x55, 0x01, 0x55, 0x54, 0xA8, 0x55, 0x54, 0x88, 0x55, 
    0x54, 0xA8, 0x55, 0x55, 0x01, 0x55, 0x55, 0x55, 0x55, 0x55, 0x55, 0x55, 0x55, 0x55, 0x55, 0x55, 

/* Hex 0x0B, Char '' */
    0x55, 0x21, 0x55, 0x55, 0x21, 0x55, 0x55, 0x21, 0x55, 0x55, 0x21, 0x55, 0x55, 0x21, 0x55, 0x55, 
    0x21, 0x55, 0x55, 0x21, 0x55, 0x00, 0x20, 0x00, 0xAA, 0xAA, 0xAA, 0x00, 0x20, 0x00, 0x55, 0x21, 
    0x55, 0x55, 0x21, 0x55, 0x55, 0x21, 0x55, 0x55, 0x21, 0x55, 0x55, 0x21, 0x55, 0x55, 0x21, 0x55, 
    0x55, 0x21, 0x55, 0x55, 0x21, 0x55, 0x55, 0x55, 0x55, 0x55, 0x55, 0x55, 0x55, 0x55, 0x55, 0x55, 

/* Hex 0x0C, Char '' */
    0x55, 0x55, 0x55, 0x55, 0x55, 0x55, 0x55, 0x55, 0x55, 0x55, 0x55, 0x55, 0x55, 0x55, 0x55, 0x55, 
    0x55, 0x55, 0x55, 0x55, 0x55, 0x55, 0x55, 0x55, 0x51, 0x51, 0x55, 0x48, 0x48, 0x55, 0x4A, 0x28, 
    0x55, 0x48, 0x88, 0x55, 0x48, 0x08, 0x55, 0x48, 0x48, 0x55, 0x51, 0x51, 0x55, 0x55, 0x55, 0x55, 
    0x55, 0x55, 0x55, 0x55, 0x55, 0x55, 0x55, 0x55, 0x55, 0x55, 0x55, 0x55, 0x55, 0x55, 0x55, 0x55, 

/* Hex 0x0D, Char '' */
    0x55, 0x55, 0x55, 0x55, 0x55, 0x55, 0x55, 0x55, 0x55, 0x55, 0x55, 0x55, 0x55, 0x55, 0x55, 0x55, 
    0x55, 0x55, 0x55, 0x55, 0x55, 0x55, 0x55, 0x55, 0x50, 0x10, 0x05, 0x4A, 0x8A, 0xA1, 0x48, 0x88, 
    0x05, 0x4A, 0x8A, 0x85, 0x50, 0x08, 0x15, 0x55, 0x48, 0x55, 0x55, 0x51, 0x55, 0x55, 0x55, 0x55, 
    0x55, 0x55, 0x55, 0x55, 0x55, 0x55, 0x55, 0x55, 0x55, 0x55, 0x55, 0x55, 0x55, 0x55, 0x55, 0x55, 

/* Hex 0x0E, Char '' */
    0x55, 0x55, 0x55, 0x55, 0x55, 0x55, 0x55, 0x55, 0x55, 0x55, 0x55, 0x55, 0x55, 0x55, 0x55, 0x55, 
    0x55, 0x55, 0x55, 0x55, 0x55, 0x55, 0x55, 0x55, 0x50, 0x14, 0x15, 0x4A, 0x82, 0x85, 0x48, 0x88, 
    0x21, 0x4A, 0x88, 0x45, 0x50, 0x08, 0x21, 0x55, 0x52, 0x85, 0x55, 0x54, 0x15, 0x55, 0x55, 0x55, 
    0x55, 0x55, 0x55, 0x55, 0x55, 0x55, 0x55, 0x55, 0x55, 0x55, 0x55, 0x55, 0x55, 0x55, 0x55, 0x55, 

/* Hex 0x0F, Char '' */
    0x55, 0x55, 0x55, 0x55, 0x55, 0x55, 0x55, 0x55, 0x55, 0x55, 0x55, 0x55, 0x55, 0x55, 0x55, 0x55, 
    0x55, 0x55, 0x55, 0x55, 0x55, 0x55, 0x55, 0x55, 0x50, 0x00, 0x01, 0x4A, 0xAA, 0xA8, 0x48, 0x00, 
    0x81, 0x4A, 0x84, 0x85, 0x48, 0x14, 0x85, 0x48, 0x54, 0x85, 0x51, 0x55, 0x15, 0x55, 0x55, 0x55, 
    0x55, 0x55, 0x55, 0x55, 0x55, 0x55, 0x55, 0x55, 0x55, 0x55, 0x55, 0x55, 0x55, 0x55, 0x55, 0x55, 

/* Hex 0x10, Char '' */
    0x55, 0x55, 0x55, 0x55, 0x55, 0x55, 0x55, 0x55, 0x55, 0x41, 0x45, 0x11, 0x28, 0x20, 0x88, 0x22, 
    0x20, 0x88, 0x28, 0x20, 0xA1, 0x22, 0x20, 0x88, 0x28, 0x28, 0x88, 0x00, 0x40, 0x00, 0x2A, 0x08, 
    0x48, 0x20, 0x82, 0x21, 0x2A, 0x14, 0x85, 0x20, 0x82, 0x21, 0x2A, 0x08, 0x48, 0x40, 0x51, 0x51, 
    0x55, 0x55, 0x55, 0x55, 0x55, 0x55, 0x55, 0x55, 0x55, 0x55, 0x55, 0x55, 0x55, 0x55, 0x55, 0x55, 

/* Hex 0x11, Char '' */
    0x55, 0x55, 0x55, 0x55, 0x00, 0x55, 0x50, 0xAA, 0x05, 0x4A, 0x00, 0xA1, 0x48, 0x82, 0x21, 0x20, 
    0x82, 0x08, 0x20, 0xAA, 0x08, 0x20, 0x82, 0x08, 0x28, 0x82, 0x28, 0x4A, 0x00, 0xA1, 0x4A, 0xAA, 
    0xA1, 0x52, 0xAA, 0x85, 0x54, 0xAA, 0x15, 0x54, 0xAA, 0x15, 0x55, 0x28, 0x55, 0x55, 0x28, 0x55, 
    0x55, 0x41, 0x55, 0x55, 0x55, 0x55, 0x55, 0x55, 0x55, 0x55, 0x55, 0x55, 0x55, 0x55, 0x55, 0x55, 

/* Hex 0x12, Char '' */
    0x55, 0x00, 0x55, 0x54, 0xAA, 0x15, 0x52, 0x00, 0x85, 0x48, 0x54, 0x20, 0x48, 0x52, 0xAA, 0x48, 
    0x54, 0xA8, 0x48, 0x55, 0x21, 0x52, 0x00, 0x45, 0x54, 0xAA, 0x15, 0x55, 0x00, 0x55, 0x40, 0x51, 
    0x51, 0x2A, 0x08, 0x48, 0x20, 0x8A, 0x28, 0x2A, 0x08, 0x88, 0x20, 0x88, 0x08, 0x20, 0x88, 0x48, 
    0x45, 0x11, 0x51, 0x55, 0x55, 0x55, 0x55, 0x55, 0x55, 0x55, 0x55, 0x55, 0x55, 0x55, 0x55, 0x55, 

/* Hex 0x13, Char '' */
    0x54, 0xAA, 0x15, 0x55, 0x00, 0x55, 0x55, 0x55, 0x55, 0x55, 0x55, 0x55, 0x55, 0x55, 0x55, 0x55, 
    0x55, 0x55, 0x55, 0x55, 0x55, 0x55, 0x55, 0x55, 0x54, 0x00, 0x15, 0x52, 0xAA, 0x85, 0x54, 0x00, 
    0x15, 0x55, 0x55, 0x55, 0x55, 0x55, 0x55, 0x55, 0x55, 0x55, 0x55, 0x55, 0x55, 0x55, 0x55, 0x55, 
    0x55, 0x55, 0x55, 0x55, 0x00, 0x55, 0x55, 0x55, 0x55, 0x55, 0x55, 0x55, 0x55, 0x55, 0x55, 0x55, 

/* Hex 0x14, Char '' */
    0x55, 0x55, 0x55, 0x55, 0x55, 0x55, 0x55, 0x55, 0x55, 0x55, 0x55, 0x55, 0x55, 0x55, 0x55, 0x55, 
    0x55, 0x55, 0x41, 0x40, 0x45, 0x28, 0x2A, 0x21, 0x22, 0x22, 0x21, 0x28, 0x22, 0x21, 0x22, 0x22, 
    0x20, 0x22, 0x2A, 0x28, 0x44, 0x40, 0x41, 0x55, 0x55, 0x55, 0x55, 0x55, 0x55, 0x55, 0x55, 0x55, 
    0x55, 0x55, 0x55, 0x55, 0x55, 0x55, 0x55, 0x55, 0x55, 0x55, 0x55, 0x55, 0x55, 0x55, 0x55, 0x55, 

/* Hex 0x15, Char '' */
    0x55, 0x55, 0x55, 0x55, 0x55, 0x55, 0x55, 0x55, 0x55, 0x55, 0x55, 0x55, 0x55, 0x55, 0x55, 0x55, 
    0x55, 0x55, 0x50, 0x51, 0x01, 0x4A, 0x08, 0xA8, 0x48, 0x88, 0x21, 0x4A, 0x08, 0x21, 0x48, 0x48, 
    0x21, 0x48, 0x48, 0x21, 0x51, 0x51, 0x45, 0x55, 0x55, 0x55, 0x55, 0x55, 0x55, 0x55, 0x55, 0x55, 
    0x55, 0x55, 0x55, 0x55, 0x55, 0x55, 0x55, 0x55, 0x55, 0x55, 0x55, 0x55, 0x55, 0x55, 0x55, 0x55, 

/* Hex 0x16, Char '' */
    0x55, 0x21, 0x55, 0x55, 0x21, 0x55, 0x55, 0x21, 0x55, 0x55, 0x21, 0x55, 0x55, 0x21, 0x55, 0x55, 
    0x21, 0x55, 0x55, 0x21, 0x55, 0x55, 0x21, 0x55, 0x55, 0x21, 0x55, 0x55, 0x21, 0x55, 0x55, 0x21, 
    0x55, 0x55, 0x21, 0x55, 0x55, 0x21, 0x55, 0x55, 0x21, 0x55, 0x55, 0x21, 0x55, 0x55, 0x21, 0x55, 
    0x55, 0x21, 0x55, 0x55, 0x21, 0x55, 0x55, 0x55, 0x55, 0x55, 0x55, 0x55, 0x55, 0x55, 0x55, 0x55, 

/* Hex 0x17, Char '' */
    0x55, 0x55, 0x55, 0x55, 0x55, 0x55, 0x55, 0x55, 0x55, 0x55, 0x55, 0x55, 0x55, 0x55, 0x55, 0x55, 
    0x55, 0x55, 0x55, 0x55, 0x55, 0x00, 0x00, 0x00, 0xAA, 0xAA, 0xAA, 0x00, 0x00, 0x00, 0x55, 0x55, 
    0x55, 0x55, 0x55, 0x55, 0x55, 0x55, 0x55, 0x55, 0x55, 0x55, 0x55, 0x55, 0x55, 0x55, 0x55, 0x55, 
    0x55, 0x55, 0x55, 0x55, 0x55, 0x55, 0x55, 0x55, 0x55, 0x55, 0x55, 0x55, 0x55, 0x55, 0x55, 0x55, 

/* Hex 0x18, Char '' */
    0x55, 0x51, 0x55, 0x55, 0x48, 0x55, 0x55, 0x48, 0x55, 0x55, 0x48, 0x55, 0x55, 0x48, 0x55, 0x55, 
    0x51, 0x55, 0x55, 0x55, 0x55, 0x55, 0x15, 0x15, 0x54, 0x84, 0x85, 0x54, 0xA0, 0x85, 0x54, 0x88, 
    0x85, 0x54, 0x82, 0x85, 0x54, 0x84, 0x85, 0x55, 0x15, 0x15, 0x55, 0x55, 0x55, 0x55, 0x55, 0x55, 
    0x55, 0x55, 0x55, 0x55, 0x55, 0x55, 0x55, 0x55, 0x55, 0x55, 0x55, 0x55, 0x55, 0x55, 0x55, 0x55, 

/* Hex 0x19, Char '' */
    0x55, 0x51, 0x55, 0x55, 0x48, 0x55, 0x55, 0x48, 0x55, 0x55, 0x48, 0x55, 0x55, 0x48, 0x55, 0x55, 
    0x51, 0x55, 0x55, 0x55, 0x55, 0x55, 0x40, 0x15, 0x55, 0x2A, 0x85, 0x54, 0x80, 0x15, 0x55, 0x2A, 
    0x15, 0x55, 0x00, 0x85, 0x54, 0xAA, 0x15, 0x55, 0x00, 0x55, 0x55, 0x55, 0x55, 0x55, 0x55, 0x55, 
    0x55, 0x55, 0x55, 0x55, 0x55, 0x55, 0x55, 0x55, 0x55, 0x55, 0x55, 0x55, 0x55, 0x55, 0x55, 0x55, 

/* Hex 0x1A, Char '' */
    0x55, 0x51, 0x55, 0x55, 0x48, 0x55, 0x55, 0x48, 0x55, 0x55, 0x48, 0x55, 0x55, 0x48, 0x55, 0x55, 
    0x51, 0x55, 0x55, 0x55, 0x55, 0x55, 0x00, 0x15, 0x54, 0xAA, 0x85, 0x54, 0x80, 0x15, 0x54, 0xAA, 
    0x15, 0x54, 0x80, 0x15, 0x54, 0xAA, 0x85, 0x55, 0x00, 0x15, 0x55, 0x55, 0x55, 0x55, 0x55, 0x55, 
    0x55, 0x55, 0x55, 0x55, 0x55, 0x55, 0x55, 0x55, 0x55, 0x55, 0x55, 0x55, 0x55, 0x55, 0x55, 0x55, 

/* Hex 0x1B, Char '' */
    0x55, 0x51, 0x55, 0x55, 0x48, 0x55, 0x55, 0x48, 0x55, 0x55, 0x48, 0x55, 0x55, 0x48, 0x55, 0x55, 
    0x51, 0x55, 0x55, 0x55, 0x55, 0x55, 0x15, 0x15, 0x54, 0x84, 0x85, 0x54, 0x84, 0x85, 0x54, 0x80, 
    0x85, 0x54, 0x88, 0x85, 0x55, 0x22, 0x15, 0x55, 0x44, 0x55, 0x55, 0x55, 0x55, 0x55, 0x55, 0x55, 
    0x55, 0x55, 0x55, 0x55, 0x55, 0x55, 0x55, 0x55, 0x55, 0x55, 0x55, 0x55, 0x55, 0x55, 0x55, 0x55, 

/* Hex 0x1C, Char '' */
    0x55, 0x51, 0x55, 0x55, 0x48, 0x55, 0x55, 0x48, 0x55, 0x55, 0x48, 0x55, 0x55, 0x48, 0x55, 0x55, 
    0x48, 0x55, 0x55, 0x48, 0x55, 0x55, 0x51, 0x55, 0x55, 0x55, 0x55, 0x55, 0x55, 0x55, 0x55, 0x55, 
    0x55, 0x55, 0x55, 0x55, 0x55, 0x55, 0x55, 0x55, 0x55, 0x55, 0x55, 0x55, 0x55, 0x55, 0x55, 0x55, 
    0x55, 0x55, 0x55, 0x55, 0x55, 0x55, 0x55, 0x55, 0x55, 0x55, 0x55, 0x55, 0x55, 0x55, 0x55, 0x55, 

/* Hex 0x1D, Char '' */
    0x55, 0x51, 0x55, 0x55, 0x48, 0x55, 0x55, 0x48, 0x55, 0x55, 0x51, 0x55, 0x55, 0x55, 0x55, 0x55, 
    0x55, 0x55, 0x55, 0x55, 0x55, 0x55, 0x55, 0x55, 0x55, 0x55, 0x55, 0x55, 0x55, 0x55, 0x55, 0x55, 
    0x55, 0x55, 0x55, 0x55, 0x55, 0x55, 0x55, 0x55, 0x55, 0x55, 0x55, 0x55, 0x55, 0x55, 0x55, 0x55, 
    0x55, 0x55, 0x55, 0x55, 0x55, 0x55, 0x55, 0x55, 0x55, 0x55, 0x55, 0x55, 0x55, 0x55, 0x55, 0x55, 

/* Hex 0x1E, Char '' */
    0x55, 0x55, 0x55, 0x55, 0x55, 0x55, 0x55, 0x55, 0x55, 0x41, 0x55, 0x41, 0x28, 0x00, 0x28, 0x28, 
    0xAA, 0x28, 0x28, 0xAA, 0x28, 0x2A, 0xAA, 0xA8, 0x28, 0xAA, 0x28, 0x28, 0xAA, 0x28, 0x28, 0x00, 
    0x28, 0x40, 0xAA, 0x01, 0x48, 0x00, 0x21, 0x52, 0xAA, 0x85, 0x54, 0x00, 0x15, 0x55, 0x55, 0x55, 
    0x55, 0x55, 0x55, 0x55, 0x55, 0x55, 0x55, 0x55, 0x55, 0x55, 0x55, 0x55, 0x55, 0x55, 0x55, 0x55, 

/* Hex 0x1F, Char '' */
    0x55, 0x55, 0x55, 0x55, 0x55, 0x55, 0x55, 0x55, 0x55, 0x51, 0x41, 0x41, 0x48, 0x28, 0x28, 0x20, 
    0x22, 0x81, 0x22, 0x28, 0x21, 0x22, 0x21, 0x48, 0x48, 0x20, 0xA1, 0x50, 0x41, 0x01, 0x4A, 0x08, 
    0xA8, 0x20, 0x22, 0x21, 0x48, 0x2A, 0x21, 0x42, 0x22, 0x21, 0x28, 0x22, 0x21, 0x41, 0x44, 0x45, 
    0x55, 0x55, 0x55, 0x55, 0x55, 0x55, 0x55, 0x55, 0x55, 0x55, 0x55, 0x55, 0x55, 0x55, 0x55, 0x55, 

/* Hex 0x20, Char ' ' */
    0x55, 0x55, 0x55, 0x55, 0x55, 0x55, 0x55, 0x55, 0x55, 0x55, 0x55, 0x55, 0x55, 0x55, 0x55, 0x55, 
    0x55, 0x55, 0x55, 0x55, 0x55, 0x55, 0x55, 0x55, 0x55, 0x55, 0x55, 0x55, 0x55, 0x55, 0x55, 0x55, 
    0x55, 0x55, 0x55, 0x55, 0x55, 0x55, 0x55, 0x55, 0x55, 0x55, 0x55, 0x55, 0x55, 0x55, 0x55, 0x55, 
    0x55, 0x55, 0x55, 0x55, 0x55, 0x55, 0x55, 0x55, 0x55, 0x55, 0x55, 0x55, 0x55, 0x55, 0x55, 0x55, 

/* Hex 0x21, Char '!' */
    0x55, 0x55, 0x55, 0x55, 0x55, 0x55, 0x55, 0x55, 0x55, 0x55, 0x55, 0x55, 0x55, 0x41, 0x55, 0x55, 
    0x28, 0x55, 0x55, 0x28, 0x55, 0x55, 0x28, 0x55, 0x55, 0x28, 0x55, 0x55, 0x28, 0x55, 0x55, 0x28, 
    0x55, 0x55, 0x41, 0x55, 0x55, 0x28, 0x55, 0x55, 0x28, 0x55, 0x55, 0x41, 0x55, 0x55, 0x55, 0x55, 
    0x55, 0x55, 0x55, 0x55, 0x55, 0x55, 0x55, 0x55, 0x55, 0x55, 0x55, 0x55, 0x55, 0x55, 0x55, 0x55, 

/* Hex 0x22, Char '"' */
    0x55, 0x55, 0x55, 0x55, 0x55, 0x55, 0x55, 0x55, 0x55, 0x55, 0x55, 0x55, 0x54, 0x14, 0x15, 0x52, 
    0x82, 0x85, 0x52, 0x82, 0x85, 0x52, 0x82, 0x85, 0x54, 0x84, 0x85, 0x55, 0x15, 0x15, 0x55, 0x55, 
    0x55, 0x55, 0x55, 0x55, 0x55, 0x55, 0x55, 0x55, 0x55, 0x55, 0x55, 0x55, 0x55, 0x55, 0x55, 0x55, 
    0x55, 0x55, 0x55, 0x55, 0x55, 0x55, 0x55, 0x55, 0x55, 0x55, 0x55, 0x55, 0x55, 0x55, 0x55, 0x55, 

/* Hex 0x23, Char '#' */
    0x55, 0x55, 0x55, 0x55, 0x55, 0x55, 0x55, 0x55, 0x55, 0x55, 0x55, 0x55, 0x54, 0x14, 0x15, 0x52, 
    0x82, 0x85, 0x52, 0x82, 0x85, 0x4A, 0xAA, 0xA1, 0x52, 0x82, 0x85, 0x52, 0x82, 0x85, 0x52, 0x82, 
    0x85, 0x4A, 0xAA, 0xA1, 0x52, 0x82, 0x85, 0x52, 0x82, 0x85, 0x54, 0x14, 0x15, 0x55, 0x55, 0x55, 
    0x55, 0x55, 0x55, 0x55, 0x55, 0x55, 0x55, 0x55, 0x55, 0x55, 0x55, 0x55, 0x55, 0x55, 0x55, 0x55, 

/* Hex 0x24, Char '$' */
    0x55, 0x55, 0x55, 0x55, 0x55, 0x55, 0x55, 0x55, 0x55, 0x45, 0x45, 0x05, 0x21, 0x20, 0xA1, 0x28, 
    0xA2, 0x08, 0x22, 0x22, 0xA8, 0x20, 0x22, 0x08, 0x21, 0x22, 0x08, 0x45, 0x44, 0x51, 0x21, 0x21, 
    0x55, 0x48, 0x85, 0x55, 0x52, 0x15, 0x55, 0x48, 0x85, 0x55, 0x21, 0x21, 0x55, 0x45, 0x45, 0x55, 
    0x55, 0x55, 0x55, 0x55, 0x55, 0x55, 0x55, 0x55, 0x55, 0x55, 0x55, 0x55, 0x55, 0x55, 0x55, 0x55, 

/* Hex 0x25, Char '%' */
    0x55, 0x55, 0x55, 0x55, 0x55, 0x55, 0x55, 0x55, 0x55, 0x55, 0x55, 0x55, 0x50, 0x55, 0x45, 0x4A, 
    0x15, 0x21, 0x4A, 0x14, 0xA1, 0x50, 0x52, 0x85, 0x55, 0x4A, 0x15, 0x55, 0x28, 0x55, 0x54, 0xA1, 
    0x55, 0x52, 0x85, 0x05, 0x4A, 0x14, 0xA1, 0x48, 0x54, 0xA1, 0x51, 0x55, 0x05, 0x55, 0x55, 0x55, 
    0x55, 0x55, 0x55, 0x55, 0x55, 0x55, 0x55, 0x55, 0x55, 0x55, 0x55, 0x55, 0x55, 0x55, 0x55, 0x55, 

/* Hex 0x26, Char '&' */
    0x55, 0x55, 0x55, 0x55, 0x55, 0x55, 0x55, 0x55, 0x55, 0x55, 0x55, 0x55, 0x54, 0x00, 0x55, 0x52, 
    0xAA, 0x15, 0x4A, 0x00, 0x55, 0x4A, 0x15, 0x55, 0x4A, 0x10, 0x05, 0x52, 0x8A, 0xA1, 0x4A, 0x12, 
    0x85, 0x4A, 0x12, 0x85, 0x4A, 0x02, 0x85, 0x52, 0xA8, 0xA1, 0x54, 0x01, 0x05, 0x55, 0x55, 0x55, 
    0x55, 0x55, 0x55, 0x55, 0x55, 0x55, 0x55, 0x55, 0x55, 0x55, 0x55, 0x55, 0x55, 0x55, 0x55, 0x55, 

/* Hex 0x27, Char ''' */
    0x55, 0x55, 0x55, 0x55, 0x55, 0x55, 0x55, 0x55, 0x55, 0x55, 0x55, 0x55, 0x55, 0x41, 0x55, 0x55, 
    0x28, 0x55, 0x55, 0x28, 0x55, 0x55, 0x28, 0x55, 0x55, 0x48, 0x55, 0x55, 0x51, 0x55, 0x55, 0x55, 
    0x55, 0x55, 0x55, 0x55, 0x55, 0x55, 0x55, 0x55, 0x55, 0x55, 0x55, 0x55, 0x55, 0x55, 0x55, 0x55, 
    0x55, 0x55, 0x55, 0x55, 0x55, 0x55, 0x55, 0x55, 0x55, 0x55, 0x55, 0x55, 0x55, 0x55, 0x55, 0x55, 

/* Hex 0x28, Char '(' */
    0x55, 0x55, 0x55, 0x55, 0x55, 0x55, 0x55, 0x55, 0x55, 0x55, 0x55, 0x55, 0x55, 0x41, 0x55, 0x55, 
    0x28, 0x55, 0x54, 0xA1, 0x55, 0x52, 0x85, 0x55, 0x52, 0x85, 0x55, 0x52, 0x85, 0x55, 0x52, 0x85, 
    0x55, 0x52, 0x85, 0x55, 0x54, 0xA1, 0x55, 0x55, 0x28, 0x55, 0x55, 0x41, 0x55, 0x55, 0x55, 0x55, 
    0x55, 0x55, 0x55, 0x55, 0x55, 0x55, 0x55, 0x55, 0x55, 0x55, 0x55, 0x55, 0x55, 0x55, 0x55, 0x55, 

/* Hex 0x29, Char ')' */
    0x55, 0x55, 0x55, 0x55, 0x55, 0x55, 0x55, 0x55, 0x55, 0x55, 0x55, 0x55, 0x55, 0x05, 0x55, 0x54, 
    0xA1, 0x55, 0x55, 0x28, 0x55, 0x55, 0x4A, 0x15, 0x55, 0x4A, 0x15, 0x55, 0x4A, 0x15, 0x55, 0x4A, 
    0x15, 0x55, 0x4A, 0x15, 0x55, 0x28, 0x55, 0x54, 0xA1, 0x55, 0x55, 0x05, 0x55, 0x55, 0x55, 0x55, 
    0x55, 0x55, 0x55, 0x55, 0x55, 0x55, 0x55, 0x55, 0x55, 0x55, 0x55, 0x55, 0x55, 0x55, 0x55, 0x55, 

/* Hex 0x2A, Char '*' */
    0x55, 0x55, 0x55, 0x55, 0x55, 0x55, 0x55, 0x55, 0x55, 0x55, 0x55, 0x55, 0x55, 0x55, 0x55, 0x55, 
    0x55, 0x55, 0x54, 0x14, 0x15, 0x52, 0x82, 0x85, 0x50, 0xAA, 0x05, 0x4A, 0xAA, 0xA1, 0x50, 0xAA, 
    0x05, 0x52, 0x82, 0x85, 0x54, 0x14, 0x15, 0x55, 0x55, 0x55, 0x55, 0x55, 0x55, 0x55, 0x55, 0x55, 
    0x55, 0x55, 0x55, 0x55, 0x55, 0x55, 0x55, 0x55, 0x55, 0x55, 0x55, 0x55, 0x55, 0x55, 0x55, 0x55, 

/* Hex 0x2B, Char '+' */
    0x55, 0x55, 0x55, 0x55, 0x55, 0x55, 0x55, 0x55, 0x55, 0x55, 0x55, 0x55, 0x55, 0x55, 0x55, 0x55, 
    0x55, 0x55, 0x55, 0x41, 0x55, 0x55, 0x28, 0x55, 0x54, 0x28, 0x15, 0x52, 0xAA, 0x85, 0x54, 0x28, 
    0x15, 0x55, 0x28, 0x55, 0x55, 0x41, 0x55, 0x55, 0x55, 0x55, 0x55, 0x55, 0x55, 0x55, 0x55, 0x55, 
    0x55, 0x55, 0x55, 0x55, 0x55, 0x55, 0x55, 0x55, 0x55, 0x55, 0x55, 0x55, 0x55, 0x55, 0x55, 0x55, 

/* Hex 0x2C, Char ',' */
    0x55, 0x55, 0x55, 0x55, 0x55, 0x55, 0x55, 0x55, 0x55, 0x55, 0x55, 0x55, 0x55, 0x55, 0x55, 0x55, 
    0x55, 0x55, 0x55, 0x55, 0x55, 0x55, 0x55, 0x55, 0x55, 0x55, 0x55, 0x55, 0x55, 0x55, 0x55, 0x41, 
    0x55, 0x55, 0x28, 0x55, 0x55, 0x28, 0x55, 0x54, 0xA1, 0x55, 0x55, 0x05, 0x55, 0x55, 0x55, 0x55, 
    0x55, 0x55, 0x55, 0x55, 0x55, 0x55, 0x55, 0x55, 0x55, 0x55, 0x55, 0x55, 0x55, 0x55, 0x55, 0x55, 

/* Hex 0x2D, Char '-' */
    0x55, 0x55, 0x55, 0x55, 0x55, 0x55, 0x55, 0x55, 0x55, 0x55, 0x55, 0x55, 0x55, 0x55, 0x55, 0x55, 
    0x55, 0x55, 0x55, 0x55, 0x55, 0x55, 0x55, 0x55, 0x54, 0x00, 0x15, 0x52, 0xAA, 0x85, 0x54, 0x00, 
    0x15, 0x55, 0x55, 0x55, 0x55, 0x55, 0x55, 0x55, 0x55, 0x55, 0x55, 0x55, 0x55, 0x55, 0x55, 0x55, 
    0x55, 0x55, 0x55, 0x55, 0x55, 0x55, 0x55, 0x55, 0x55, 0x55, 0x55, 0x55, 0x55, 0x55, 0x55, 0x55, 

/* Hex 0x2E, Char '.' */
    0x55, 0x55, 0x55, 0x55, 0x55, 0x55, 0x55, 0x55, 0x55, 0x55, 0x55, 0x55, 0x55, 0x55, 0x55, 0x55, 
    0x55, 0x55, 0x55, 0x55, 0x55, 0x55, 0x55, 0x55, 0x55, 0x55, 0x55, 0x55, 0x55, 0x55, 0x55, 0x55, 
    0x55, 0x55, 0x41, 0x55, 0x55, 0x28, 0x55, 0x55, 0x28, 0x55, 0x55, 0x41, 0x55, 0x55, 0x55, 0x55, 
    0x55, 0x55, 0x55, 0x55, 0x55, 0x55, 0x55, 0x55, 0x55, 0x55, 0x55, 0x55, 0x55, 0x55, 0x55, 0x55, 

/* Hex 0x2F, Char '/' */
    0x55, 0x55, 0x55, 0x55, 0x55, 0x55, 0x55, 0x55, 0x55, 0x55, 0x55, 0x55, 0x55, 0x55, 0x45, 0x55, 
    0x55, 0x21, 0x55, 0x54, 0xA1, 0x55, 0x52, 0x85, 0x55, 0x4A, 0x15, 0x55, 0x28, 0x55, 0x54, 0xA1, 
    0x55, 0x52, 0x85, 0x55, 0x4A, 0x15, 0x55, 0x48, 0x55, 0x55, 0x51, 0x55, 0x55, 0x55, 0x55, 0x55, 
    0x55, 0x55, 0x55, 0x55, 0x55, 0x55, 0x55, 0x55, 0x55, 0x55, 0x55, 0x55, 0x55, 0x55, 0x55, 0x55, 

/* Hex 0x30, Char '0' */
    0x55, 0x55, 0x55, 0x55, 0x55, 0x55, 0x55, 0x55, 0x55, 0x55, 0x55, 0x55, 0x54, 0x00, 0x15, 0x52, 
    0xAA, 0x85, 0x4A, 0x00, 0xA1, 0x4A, 0x14, 0xA1, 0x4A, 0x00, 0xA1, 0x4A, 0x28, 0xA1, 0x4A, 0x00, 
    0xA1, 0x4A, 0x14, 0xA1, 0x4A, 0x00, 0xA1, 0x52, 0xAA, 0x85, 0x54, 0x00, 0x15, 0x55, 0x55, 0x55, 
    0x55, 0x55, 0x55, 0x55, 0x55, 0x55, 0x55, 0x55, 0x55, 0x55, 0x55, 0x55, 0x55, 0x55, 0x55, 0x55, 

/* Hex 0x31, Char '1' */
    0x55, 0x55, 0x55, 0x55, 0x55, 0x55, 0x55, 0x55, 0x55, 0x55, 0x55, 0x55, 0x55, 0x41, 0x55, 0x55, 
    0x28, 0x55, 0x54, 0xA8, 0x55, 0x52, 0xA8, 0x55, 0x54, 0x28, 0x55, 0x55, 0x28, 0x55, 0x55, 0x28, 
    0x55, 0x55, 0x28, 0x55, 0x54, 0x28, 0x05, 0x52, 0xAA, 0xA1, 0x54, 0x00, 0x05, 0x55, 0x55, 0x55, 
    0x55, 0x55, 0x55, 0x55, 0x55, 0x55, 0x55, 0x55, 0x55, 0x55, 0x55, 0x55, 0x55, 0x55, 0x55, 0x55, 

/* Hex 0x32, Char '2' */
    0x55, 0x55, 0x55, 0x55, 0x55, 0x55, 0x55, 0x55, 0x55, 0x55, 0x55, 0x55, 0x54, 0x00, 0x15, 0x52, 
    0xAA, 0x85, 0x4A, 0x00, 0xA1, 0x4A, 0x14, 0xA1, 0x50, 0x52, 0x85, 0x55, 0x4A, 0x15, 0x55, 0x28, 
    0x55, 0x54, 0xA1, 0x55, 0x52, 0x80, 0x05, 0x4A, 0xAA, 0xA1, 0x50, 0x00, 0x05, 0x55, 0x55, 0x55, 
    0x55, 0x55, 0x55, 0x55, 0x55, 0x55, 0x55, 0x55, 0x55, 0x55, 0x55, 0x55, 0x55, 0x55, 0x55, 0x55, 

/* Hex 0x33, Char '3' */
    0x55, 0x55, 0x55, 0x55, 0x55, 0x55, 0x55, 0x55, 0x55, 0x55, 0x55, 0x55, 0x54, 0x00, 0x15, 0x52, 
    0xAA, 0x85, 0x4A, 0x00, 0xA1, 0x4A, 0x14, 0xA1, 0x50, 0x50, 0xA1, 0x55, 0x4A, 0x85, 0x50, 0x50, 
    0xA1, 0x4A, 0x14, 0xA1, 0x4A, 0x00, 0xA1, 0x52, 0xAA, 0x85, 0x54, 0x00, 0x15, 0x55, 0x55, 0x55, 
    0x55, 0x55, 0x55, 0x55, 0x55, 0x55, 0x55, 0x55, 0x55, 0x55, 0x55, 0x55, 0x55, 0x55, 0x55, 0x55, 

/* Hex 0x34, Char '4' */
    0x55, 0x55, 0x55, 0x55, 0x55, 0x55, 0x55, 0x55, 0x55, 0x55, 0x55, 0x55, 0x55, 0x50, 0x15, 0x55, 
    0x4A, 0x85, 0x55, 0x2A, 0x85, 0x54, 0xA2, 0x85, 0x52, 0x82, 0x85, 0x4A, 0x02, 0x85, 0x4A, 0xAA, 
    0xA1, 0x50, 0x02, 0x85, 0x55, 0x52, 0x85, 0x55, 0x52, 0x85, 0x55, 0x54, 0x15, 0x55, 0x55, 0x55, 
    0x55, 0x55, 0x55, 0x55, 0x55, 0x55, 0x55, 0x55, 0x55, 0x55, 0x55, 0x55, 0x55, 0x55, 0x55, 0x55, 

/* Hex 0x35, Char '5' */
    0x55, 0x55, 0x55, 0x55, 0x55, 0x55, 0x55, 0x55, 0x55, 0x55, 0x55, 0x55, 0x50, 0x00, 0x05, 0x4A, 
    0xAA, 0xA1, 0x4A, 0x00, 0x05, 0x4A, 0x15, 0x55, 0x4A, 0x00, 0x15, 0x4A, 0xAA, 0x85, 0x50, 0x00, 
    0xA1, 0x55, 0x54, 0xA1, 0x50, 0x00, 0xA1, 0x4A, 0xAA, 0x85, 0x50, 0x00, 0x15, 0x55, 0x55, 0x55, 
    0x55, 0x55, 0x55, 0x55, 0x55, 0x55, 0x55, 0x55, 0x55, 0x55, 0x55, 0x55, 0x55, 0x55, 0x55, 0x55, 

/* Hex 0x36, Char '6' */
    0x55, 0x55, 0x55, 0x55, 0x55, 0x55, 0x55, 0x55, 0x55, 0x55, 0x55, 0x55, 0x54, 0x00, 0x15, 0x52, 
    0xAA, 0x85, 0x4A, 0x00, 0x15, 0x4A, 0x15, 0x55, 0x4A, 0x00, 0x15, 0x4A, 0xAA, 0x85, 0x4A, 0x00, 
    0xA1, 0x4A, 0x14, 0xA1, 0x4A, 0x00, 0xA1, 0x52, 0xAA, 0x85, 0x54, 0x00, 0x15, 0x55, 0x55, 0x55, 
    0x55, 0x55, 0x55, 0x55, 0x55, 0x55, 0x55, 0x55, 0x55, 0x55, 0x55, 0x55, 0x55, 0x55, 0x55, 0x55, 

/* Hex 0x37, Char '7' */
    0x55, 0x55, 0x55, 0x55, 0x55, 0x55, 0x55, 0x55, 0x55, 0x55, 0x55, 0x55, 0x50, 0x00, 0x05, 0x4A, 
    0xAA, 0xA1, 0x50, 0x00, 0xA1, 0x55, 0x52, 0x85, 0x55, 0x4A, 0x15, 0x55, 0x28, 0x55, 0x54, 0xA1, 
    0x55, 0x54, 0xA1, 0x55, 0x52, 0x85, 0x55, 0x52, 0x85, 0x55, 0x54, 0x15, 0x55, 0x55, 0x55, 0x55, 
    0x55, 0x55, 0x55, 0x55, 0x55, 0x55, 0x55, 0x55, 0x55, 0x55, 0x55, 0x55, 0x55, 0x55, 0x55, 0x55, 

/* Hex 0x38, Char '8' */
    0x55, 0x55, 0x55, 0x55, 0x55, 0x55, 0x55, 0x55, 0x55, 0x55, 0x55, 0x55, 0x54, 0x00, 0x15, 0x52, 
    0xAA, 0x85, 0x4A, 0x00, 0xA1, 0x4A, 0x14, 0xA1, 0x4A, 0x00, 0xA1, 0x52, 0xAA, 0x85, 0x4A, 0x00, 
    0xA1, 0x4A, 0x14, 0xA1, 0x4A, 0x00, 0xA1, 0x52, 0xAA, 0x85, 0x54, 0x00, 0x15, 0x55, 0x55, 0x55, 
    0x55, 0x55, 0x55, 0x55, 0x55, 0x55, 0x55, 0x55, 0x55, 0x55, 0x55, 0x55, 0x55, 0x55, 0x55, 0x55, 

/* Hex 0x39, Char '9' */
    0x55, 0x55, 0x55, 0x55, 0x55, 0x55, 0x55, 0x55, 0x55, 0x55, 0x55, 0x55, 0x54, 0x00, 0x15, 0x52, 
    0xAA, 0x85, 0x4A, 0x00, 0xA1, 0x4A, 0x14, 0xA1, 0x4A, 0x00, 0xA1, 0x52, 0xAA, 0xA1, 0x54, 0x00, 
    0xA1, 0x55, 0x54, 0xA1, 0x54, 0x00, 0xA1, 0x52, 0xAA, 0x85, 0x54, 0x00, 0x15, 0x55, 0x55, 0x55, 
    0x55, 0x55, 0x55, 0x55, 0x55, 0x55, 0x55, 0x55, 0x55, 0x55, 0x55, 0x55, 0x55, 0x55, 0x55, 0x55, 

/* Hex 0x3A, Char ':' */
    0x55, 0x55, 0x55, 0x55, 0x55, 0x55, 0x55, 0x55, 0x55, 0x55, 0x55, 0x55, 0x55, 0x55, 0x55, 0x55, 
    0x41, 0x55, 0x55, 0x28, 0x55, 0x55, 0x28, 0x55, 0x55, 0x41, 0x55, 0x55, 0x55, 0x55, 0x55, 0x41, 
    0x55, 0x55, 0x28, 0x55, 0x55, 0x28, 0x55, 0x55, 0x41, 0x55, 0x55, 0x55, 0x55, 0x55, 0x55, 0x55, 
    0x55, 0x55, 0x55, 0x55, 0x55, 0x55, 0x55, 0x55, 0x55, 0x55, 0x55, 0x55, 0x55, 0x55, 0x55, 0x55, 

/* Hex 0x3B, Char ';' */
    0x55, 0x55, 0x55, 0x55, 0x55, 0x55, 0x55, 0x55, 0x55, 0x55, 0x55, 0x55, 0x55, 0x55, 0x55, 0x55, 
    0x41, 0x55, 0x55, 0x28, 0x55, 0x55, 0x28, 0x55, 0x55, 0x41, 0x55, 0x55, 0x55, 0x55, 0x55, 0x41, 
    0x55, 0x55, 0x28, 0x55, 0x55, 0x28, 0x55, 0x54, 0xA1, 0x55, 0x55, 0x05, 0x55, 0x55, 0x55, 0x55, 
    0x55, 0x55, 0x55, 0x55, 0x55, 0x55, 0x55, 0x55, 0x55, 0x55, 0x55, 0x55, 0x55, 0x55, 0x55, 0x55, 

/* Hex 0x3C, Char '<' */
    0x55, 0x55, 0x55, 0x55, 0x55, 0x55, 0x55, 0x55, 0x55, 0x55, 0x55, 0x55, 0x55, 0x54, 0x15, 0x55, 
    0x52, 0x85, 0x55, 0x4A, 0x15, 0x55, 0x28, 0x55, 0x54, 0xA1, 0x55, 0x52, 0x85, 0x55, 0x54, 0xA1, 
    0x55, 0x55, 0x28, 0x55, 0x55, 0x4A, 0x15, 0x55, 0x52, 0x85, 0x55, 0x54, 0x15, 0x55, 0x55, 0x55, 
    0x55, 0x55, 0x55, 0x55, 0x55, 0x55, 0x55, 0x55, 0x55, 0x55, 0x55, 0x55, 0x55, 0x55, 0x55, 0x55, 

/* Hex 0x3D, Char '=' */
    0x55, 0x55, 0x55, 0x55, 0x55, 0x55, 0x55, 0x55, 0x55, 0x55, 0x55, 0x55, 0x55, 0x55, 0x55, 0x55, 
    0x55, 0x55, 0x54, 0x00, 0x15, 0x52, 0xAA, 0x85, 0x54, 0x00, 0x15, 0x55, 0x55, 0x55, 0x54, 0x00, 
    0x15, 0x52, 0xAA, 0x85, 0x54, 0x00, 0x15, 0x55, 0x55, 0x55, 0x55, 0x55, 0x55, 0x55, 0x55, 0x55, 
    0x55, 0x55, 0x55, 0x55, 0x55, 0x55, 0x55, 0x55, 0x55, 0x55, 0x55, 0x55, 0x55, 0x55, 0x55, 0x55, 

/* Hex 0x3E, Char '>' */
    0x55, 0x55, 0x55, 0x55, 0x55, 0x55, 0x55, 0x55, 0x55, 0x55, 0x55, 0x55, 0x54, 0x15, 0x55, 0x52, 
    0x85, 0x55, 0x54, 0xA1, 0x55, 0x55, 0x28, 0x55, 0x55, 0x4A, 0x15, 0x55, 0x52, 0x85, 0x55, 0x4A, 
    0x15, 0x55, 0x28, 0x55, 0x54, 0xA1, 0x55, 0x52, 0x85, 0x55, 0x54, 0x15, 0x55, 0x55, 0x55, 0x55, 
    0x55, 0x55, 0x55, 0x55, 0x55, 0x55, 0x55, 0x55, 0x55, 0x55, 0x55, 0x55, 0x55, 0x55, 0x55, 0x55, 

/* Hex 0x3F, Char '?' */
    0x55, 0x55, 0x55, 0x55, 0x55, 0x55, 0x55, 0x55, 0x55, 0x55, 0x55, 0x55, 0x54, 0x00, 0x15, 0x52, 
    0xAA, 0x85, 0x4A, 0x00, 0xA1, 0x4A, 0x14, 0xA1, 0x50, 0x50, 0xA1, 0x55, 0x4A, 0x85, 0x55, 0x28, 
    0x15, 0x55, 0x41, 0x55, 0x55, 0x28, 0x55, 0x55, 0x28, 0x55, 0x55, 0x41, 0x55, 0x55, 0x55, 0x55, 
    0x55, 0x55, 0x55, 0x55, 0x55, 0x55, 0x55, 0x55, 0x55, 0x55, 0x55, 0x55, 0x55, 0x55, 0x55, 0x55, 

/* Hex 0x40, Char '@' */
    0x55, 0x55, 0x55, 0x55, 0x55, 0x55, 0x55, 0x55, 0x55, 0x55, 0x55, 0x55, 0x55, 0x00, 0x15, 0x54, 
    0xAA, 0x85, 0x52, 0x00, 0x21, 0x48, 0x2A, 0x21, 0x48, 0x82, 0x21, 0x48, 0x82, 0x21, 0x48, 0x82, 
    0x21, 0x48, 0xAA, 0xA1, 0x48, 0x00, 0x05, 0x52, 0xAA, 0x85, 0x54, 0x00, 0x15, 0x55, 0x55, 0x55, 
    0x55, 0x55, 0x55, 0x55, 0x55, 0x55, 0x55, 0x55, 0x55, 0x55, 0x55, 0x55, 0x55, 0x55, 0x55, 0x55, 

/* Hex 0x41, Char 'A' */
    0x55, 0x55, 0x55, 0x55, 0x55, 0x55, 0x55, 0x55, 0x55, 0x55, 0x55, 0x55, 0x55, 0x41, 0x55, 0x55, 
    0x28, 0x55, 0x54, 0xAA, 0x15, 0x52, 0x82, 0x85, 0x4A, 0x14, 0xA1, 0x4A, 0x00, 0xA1, 0x4A, 0xAA, 
    0xA1, 0x4A, 0x00, 0xA1, 0x4A, 0x14, 0xA1, 0x4A, 0x14, 0xA1, 0x50, 0x55, 0x05, 0x55, 0x55, 0x55, 
    0x55, 0x55, 0x55, 0x55, 0x55, 0x55, 0x55, 0x55, 0x55, 0x55, 0x55, 0x55, 0x55, 0x55, 0x55, 0x55, 

/* Hex 0x42, Char 'B' */
    0x55, 0x55, 0x55, 0x55, 0x55, 0x55, 0x55, 0x55, 0x55, 0x55, 0x55, 0x55, 0x50, 0x00, 0x15, 0x4A, 
    0xAA, 0x85, 0x4A, 0x00, 0xA1, 0x4A, 0x14, 0xA1, 0x4A, 0x00, 0xA1, 0x4A, 0xAA, 0x85, 0x4A, 0x00, 
    0xA1, 0x4A, 0x14, 0xA1, 0x4A, 0x00, 0xA1, 0x4A, 0xAA, 0x85, 0x50, 0x00, 0x15, 0x55, 0x55, 0x55, 
    0x55, 0x55, 0x55, 0x55, 0x55, 0x55, 0x55, 0x55, 0x55, 0x55, 0x55, 0x55, 0x55, 0x55, 0x55, 0x55, 

/* Hex 0x43, Char 'C' */
    0x55, 0x55, 0x55, 0x55, 0x55, 0x55, 0x55, 0x55, 0x55, 0x55, 0x55, 0x55, 0x54, 0x00, 0x15, 0x52, 
    0xAA, 0x85, 0x4A, 0x00, 0xA1, 0x4A, 0x14, 0xA1, 0x4A, 0x15, 0x05, 0x4A, 0x15, 0x55, 0x4A, 0x15, 
    0x05, 0x4A, 0x14, 0xA1, 0x4A, 0x00, 0xA1, 0x52, 0xAA, 0x85, 0x54, 0x00, 0x15, 0x55, 0x55, 0x55, 
    0x55, 0x55, 0x55, 0x55, 0x55, 0x55, 0x55, 0x55, 0x55, 0x55, 0x55, 0x55, 0x55, 0x55, 0x55, 0x55, 

/* Hex 0x44, Char 'D' */
    0x55, 0x55, 0x55, 0x55, 0x55, 0x55, 0x55, 0x55, 0x55, 0x55, 0x55, 0x55, 0x50, 0x00, 0x55, 0x4A, 
    0xAA, 0x15, 0x4A, 0x02, 0x85, 0x4A, 0x10, 0xA1, 0x4A, 0x14, 0xA1, 0x4A, 0x14, 0xA1, 0x4A, 0x14, 
    0xA1, 0x4A, 0x10, 0xA1, 0x4A, 0x02, 0x85, 0x4A, 0xAA, 0x15, 0x50, 0x00, 0x55, 0x55, 0x55, 0x55, 
    0x55, 0x55, 0x55, 0x55, 0x55, 0x55, 0x55, 0x55, 0x55, 0x55, 0x55, 0x55, 0x55, 0x55, 0x55, 0x55, 

/* Hex 0x45, Char 'E' */
    0x55, 0x55, 0x55, 0x55, 0x55, 0x55, 0x55, 0x55, 0x55, 0x55, 0x55, 0x55, 0x50, 0x00, 0x05, 0x4A, 
    0xAA, 0xA1, 0x4A, 0x00, 0x05, 0x4A, 0x15, 0x55, 0x4A, 0x00, 0x55, 0x4A, 0xAA, 0x15, 0x4A, 0x00, 
    0x55, 0x4A, 0x15, 0x55, 0x4A, 0x00, 0x05, 0x4A, 0xAA, 0xA1, 0x50, 0x00, 0x05, 0x55, 0x55, 0x55, 
    0x55, 0x55, 0x55, 0x55, 0x55, 0x55, 0x55, 0x55, 0x55, 0x55, 0x55, 0x55, 0x55, 0x55, 0x55, 0x55, 

/* Hex 0x46, Char 'F' */
    0x55, 0x55, 0x55, 0x55, 0x55, 0x55, 0x55, 0x55, 0x55, 0x55, 0x55, 0x55, 0x50, 0x00, 0x05, 0x4A, 
    0xAA, 0xA1, 0x4A, 0x00, 0x05, 0x4A, 0x15, 0x55, 0x4A, 0x00, 0x55, 0x4A, 0xAA, 0x15, 0x4A, 0x00, 
    0x55, 0x4A, 0x15, 0x55, 0x4A, 0x15, 0x55, 0x4A, 0x15, 0x55, 0x50, 0x55, 0x55, 0x55, 0x55, 0x55, 
    0x55, 0x55, 0x55, 0x55, 0x55, 0x55, 0x55, 0x55, 0x55, 0x55, 0x55, 0x55, 0x55, 0x55, 0x55, 0x55, 

/* Hex 0x47, Char 'G' */
    0x55, 0x55, 0x55, 0x55, 0x55, 0x55, 0x55, 0x55, 0x55, 0x55, 0x55, 0x55, 0x54, 0x00, 0x15, 0x52, 
    0xAA, 0x85, 0x4A, 0x00, 0xA1, 0x4A, 0x14, 0xA1, 0x4A, 0x14, 0x05, 0x4A, 0x12, 0xA1, 0x4A, 0x14, 
    0xA1, 0x4A, 0x14, 0xA1, 0x4A, 0x00, 0xA1, 0x52, 0xAA, 0xA1, 0x54, 0x00, 0x05, 0x55, 0x55, 0x55, 
    0x55, 0x55, 0x55, 0x55, 0x55, 0x55, 0x55, 0x55, 0x55, 0x55, 0x55, 0x55, 0x55, 0x55, 0x55, 0x55, 

/* Hex 0x48, Char 'H' */
    0x55, 0x55, 0x55, 0x55, 0x55, 0x55, 0x55, 0x55, 0x55, 0x55, 0x55, 0x55, 0x50, 0x55, 0x05, 0x4A, 
    0x14, 0xA1, 0x4A, 0x14, 0xA1, 0x4A, 0x14, 0xA1, 0x4A, 0x00, 0xA1, 0x4A, 0xAA, 0xA1, 0x4A, 0x00, 
    0xA1, 0x4A, 0x14, 0xA1, 0x4A, 0x14, 0xA1, 0x4A, 0x14, 0xA1, 0x50, 0x55, 0x05, 0x55, 0x55, 0x55, 
    0x55, 0x55, 0x55, 0x55, 0x55, 0x55, 0x55, 0x55, 0x55, 0x55, 0x55, 0x55, 0x55, 0x55, 0x55, 0x55, 

/* Hex 0x49, Char 'I' */
    0x55, 0x55, 0x55, 0x55, 0x55, 0x55, 0x55, 0x55, 0x55, 0x55, 0x55, 0x55, 0x54, 0x00, 0x15, 0x52, 
    0xAA, 0x85, 0x54, 0x28, 0x15, 0x55, 0x28, 0x55, 0x55, 0x28, 0x55, 0x55, 0x28, 0x55, 0x55, 0x28, 
    0x55, 0x55, 0x28, 0x55, 0x54, 0x28, 0x15, 0x52, 0xAA, 0x85, 0x54, 0x00, 0x15, 0x55, 0x55, 0x55, 
    0x55, 0x55, 0x55, 0x55, 0x55, 0x55, 0x55, 0x55, 0x55, 0x55, 0x55, 0x55, 0x55, 0x55, 0x55, 0x55, 

/* Hex 0x4A, Char 'J' */
    0x55, 0x55, 0x55, 0x55, 0x55, 0x55, 0x55, 0x55, 0x55, 0x55, 0x55, 0x55, 0x55, 0x55, 0x05, 0x55, 
    0x54, 0xA1, 0x55, 0x54, 0xA1, 0x55, 0x54, 0xA1, 0x55, 0x54, 0xA1, 0x55, 0x54, 0xA1, 0x50, 0x54, 
    0xA1, 0x4A, 0x14, 0xA1, 0x4A, 0x00, 0xA1, 0x52, 0xAA, 0x85, 0x54, 0x00, 0x15, 0x55, 0x55, 0x55, 
    0x55, 0x55, 0x55, 0x55, 0x55, 0x55, 0x55, 0x55, 0x55, 0x55, 0x55, 0x55, 0x55, 0x55, 0x55, 0x55, 

/* Hex 0x4B, Char 'K' */
    0x55, 0x55, 0x55, 0x55, 0x55, 0x55, 0x55, 0x55, 0x55, 0x55, 0x55, 0x55, 0x50, 0x55, 0x05, 0x4A, 
    0x14, 0xA1, 0x4A, 0x12, 0x85, 0x4A, 0x0A, 0x15, 0x4A, 0x28, 0x55, 0x4A, 0xA1, 0x55, 0x4A, 0x28, 
    0x55, 0x4A, 0x0A, 0x15, 0x4A, 0x12, 0x85, 0x4A, 0x14, 0xA1, 0x50, 0x55, 0x05, 0x55, 0x55, 0x55, 
    0x55, 0x55, 0x55, 0x55, 0x55, 0x55, 0x55, 0x55, 0x55, 0x55, 0x55, 0x55, 0x55, 0x55, 0x55, 0x55, 

/* Hex 0x4C, Char 'L' */
    0x55, 0x55, 0x55, 0x55, 0x55, 0x55, 0x55, 0x55, 0x55, 0x55, 0x55, 0x55, 0x50, 0x55, 0x55, 0x4A, 
    0x15, 0x55, 0x4A, 0x15, 0x55, 0x4A, 0x15, 0x55, 0x4A, 0x15, 0x55, 0x4A, 0x15, 0x55, 0x4A, 0x15, 
    0x55, 0x4A, 0x15, 0x55, 0x4A, 0x00, 0x05, 0x4A, 0xAA, 0xA1, 0x50, 0x00, 0x05, 0x55, 0x55, 0x55, 
    0x55, 0x55, 0x55, 0x55, 0x55, 0x55, 0x55, 0x55, 0x55, 0x55, 0x55, 0x55, 0x55, 0x55, 0x55, 0x55, 

/* Hex 0x4D, Char 'M' */
    0x55, 0x55, 0x55, 0x55, 0x55, 0x55, 0x55, 0x55, 0x55, 0x55, 0x55, 0x55, 0x50, 0x55, 0x05, 0x4A, 
    0x14, 0xA1, 0x4A, 0x82, 0xA1, 0x4A, 0xAA, 0xA1, 0x4A, 0x28, 0xA1, 0x4A, 0x00, 0xA1, 0x4A, 0x14, 
    0xA1, 0x4A, 0x14, 0xA1, 0x4A, 0x14, 0xA1, 0x4A, 0x14, 0xA1, 0x50, 0x55, 0x05, 0x55, 0x55, 0x55, 
    0x55, 0x55, 0x55, 0x55, 0x55, 0x55, 0x55, 0x55, 0x55, 0x55, 0x55, 0x55, 0x55, 0x55, 0x55, 0x55, 

/* Hex 0x4E, Char 'N' */
    0x55, 0x55, 0x55, 0x55, 0x55, 0x55, 0x55, 0x55, 0x55, 0x55, 0x55, 0x55, 0x50, 0x55, 0x05, 0x4A, 
    0x14, 0xA1, 0x4A, 0x84, 0xA1, 0x4A, 0xA0, 0xA1, 0x4A, 0x28, 0xA1, 0x4A, 0x0A, 0xA1, 0x4A, 0x02, 
    0xA1, 0x4A, 0x10, 0xA1, 0x4A, 0x14, 0xA1, 0x4A, 0x14, 0xA1, 0x50, 0x55, 0x05, 0x55, 0x55, 0x55, 
    0x55, 0x55, 0x55, 0x55, 0x55, 0x55, 0x55, 0x55, 0x55, 0x55, 0x55, 0x55, 0x55, 0x55, 0x55, 0x55, 

/* Hex 0x4F, Char 'O' */
    0x55, 0x55, 0x55, 0x55, 0x55, 0x55, 0x55, 0x55, 0x55, 0x55, 0x55, 0x55, 0x54, 0x00, 0x15, 0x52, 
    0xAA, 0x85, 0x4A, 0x00, 0xA1, 0x4A, 0x14, 0xA1, 0x4A, 0x14, 0xA1, 0x4A, 0x14, 0xA1, 0x4A, 0x14, 
    0xA1, 0x4A, 0x14, 0xA1, 0x4A, 0x00, 0xA1, 0x52, 0xAA, 0x85, 0x54, 0x00, 0x15, 0x55, 0x55, 0x55, 
    0x55, 0x55, 0x55, 0x55, 0x55, 0x55, 0x55, 0x55, 0x55, 0x55, 0x55, 0x55, 0x55, 0x55, 0x55, 0x55, 

/* Hex 0x50, Char 'P' */
    0x55, 0x55, 0x55, 0x55, 0x55, 0x55, 0x55, 0x55, 0x55, 0x55, 0x55, 0x55, 0x50, 0x00, 0x15, 0x4A, 
    0xAA, 0x85, 0x4A, 0x00, 0xA1, 0x4A, 0x14, 0xA1, 0x4A, 0x00, 0xA1, 0x4A, 0xAA, 0x85, 0x4A, 0x00, 
    0x15, 0x4A, 0x15, 0x55, 0x4A, 0x15, 0x55, 0x4A, 0x15, 0x55, 0x50, 0x55, 0x55, 0x55, 0x55, 0x55, 
    0x55, 0x55, 0x55, 0x55, 0x55, 0x55, 0x55, 0x55, 0x55, 0x55, 0x55, 0x55, 0x55, 0x55, 0x55, 0x55, 

/* Hex 0x51, Char 'Q' */
    0x55, 0x55, 0x55, 0x55, 0x55, 0x55, 0x55, 0x55, 0x55, 0x55, 0x55, 0x55, 0x54, 0x00, 0x15, 0x52, 
    0xAA, 0x85, 0x4A, 0x00, 0xA1, 0x4A, 0x14, 0xA1, 0x4A, 0x14, 0xA1, 0x4A, 0x14, 0xA1, 0x4A, 0x14, 
    0xA1, 0x4A, 0x14, 0xA1, 0x4A, 0x00, 0xA1, 0x52, 0xAA, 0xA1, 0x54, 0x02, 0x85, 0x55, 0x54, 0xA1, 
    0x55, 0x55, 0x05, 0x55, 0x55, 0x55, 0x55, 0x55, 0x55, 0x55, 0x55, 0x55, 0x55, 0x55, 0x55, 0x55, 

/* Hex 0x52, Char 'R' */
    0x55, 0x55, 0x55, 0x55, 0x55, 0x55, 0x55, 0x55, 0x55, 0x55, 0x55, 0x55, 0x50, 0x00, 0x15, 0x4A, 
    0xAA, 0x85, 0x4A, 0x00, 0xA1, 0x4A, 0x14, 0xA1, 0x4A, 0x00, 0xA1, 0x4A, 0xAA, 0x85, 0x4A, 0x02, 
    0x85, 0x4A, 0x14, 0xA1, 0x4A, 0x14, 0xA1, 0x4A, 0x14, 0xA1, 0x50, 0x55, 0x05, 0x55, 0x55, 0x55, 
    0x55, 0x55, 0x55, 0x55, 0x55, 0x55, 0x55, 0x55, 0x55, 0x55, 0x55, 0x55, 0x55, 0x55, 0x55, 0x55, 

/* Hex 0x53, Char 'S' */
    0x55, 0x55, 0x55, 0x55, 0x55, 0x55, 0x55, 0x55, 0x55, 0x55, 0x55, 0x55, 0x54, 0x00, 0x15, 0x52, 
    0xAA, 0x85, 0x4A, 0x00, 0xA1, 0x4A, 0x15, 0x05, 0x4A, 0x00, 0x15, 0x52, 0xAA, 0x85, 0x54, 0x00, 
    0xA1, 0x50, 0x54, 0xA1, 0x4A, 0x00, 0xA1, 0x52, 0xAA, 0x85, 0x54, 0x00, 0x15, 0x55, 0x55, 0x55, 
    0x55, 0x55, 0x55, 0x55, 0x55, 0x55, 0x55, 0x55, 0x55, 0x55, 0x55, 0x55, 0x55, 0x55, 0x55, 0x55, 

/* Hex 0x54, Char 'T' */
    0x55, 0x55, 0x55, 0x55, 0x55, 0x55, 0x55, 0x55, 0x55, 0x55, 0x55, 0x55, 0x50, 0x00, 0x05, 0x4A, 
    0xAA, 0xA1, 0x50, 0x28, 0x05, 0x55, 0x28, 0x55, 0x55, 0x28, 0x55, 0x55, 0x28, 0x55, 0x55, 0x28, 
    0x55, 0x55, 0x28, 0x55, 0x55, 0x28, 0x55, 0x55, 0x28, 0x55, 0x55, 0x41, 0x55, 0x55, 0x55, 0x55, 
    0x55, 0x55, 0x55, 0x55, 0x55, 0x55, 0x55, 0x55, 0x55, 0x55, 0x55, 0x55, 0x55, 0x55, 0x55, 0x55, 

/* Hex 0x55, Char 'U' */
    0x55, 0x55, 0x55, 0x55, 0x55, 0x55, 0x55, 0x55, 0x55, 0x55, 0x55, 0x55, 0x50, 0x55, 0x05, 0x4A, 
    0x14, 0xA1, 0x4A, 0x14, 0xA1, 0x4A, 0x14, 0xA1, 0x4A, 0x14, 0xA1, 0x4A, 0x14, 0xA1, 0x4A, 0x14, 
    0xA1, 0x4A, 0x14, 0xA1, 0x4A, 0x00, 0xA1, 0x52, 0xAA, 0x85, 0x54, 0x00, 0x15, 0x55, 0x55, 0x55, 
    0x55, 0x55, 0x55, 0x55, 0x55, 0x55, 0x55, 0x55, 0x55, 0x55, 0x55, 0x55, 0x55, 0x55, 0x55, 0x55, 

/* Hex 0x56, Char 'V' */
    0x55, 0x55, 0x55, 0x55, 0x55, 0x55, 0x55, 0x55, 0x55, 0x55, 0x55, 0x55, 0x50, 0x55, 0x05, 0x4A, 
    0x14, 0xA1, 0x4A, 0x14, 0xA1, 0x4A, 0x14, 0xA1, 0x4A, 0x14, 0xA1, 0x4A, 0x14, 0xA1, 0x4A, 0x14, 
    0xA1, 0x52, 0x82, 0x85, 0x54, 0xAA, 0x15, 0x55, 0x28, 0x55, 0x55, 0x41, 0x55, 0x55, 0x55, 0x55, 
    0x55, 0x55, 0x55, 0x55, 0x55, 0x55, 0x55, 0x55, 0x55, 0x55, 0x55, 0x55, 0x55, 0x55, 0x55, 0x55, 

/* Hex 0x57, Char 'W' */
    0x55, 0x55, 0x55, 0x55, 0x55, 0x55, 0x55, 0x55, 0x55, 0x55, 0x55, 0x55, 0x50, 0x55, 0x05, 0x4A, 
    0x14, 0xA1, 0x4A, 0x14, 0xA1, 0x4A, 0x14, 0xA1, 0x4A, 0x14, 0xA1, 0x4A, 0x00, 0xA1, 0x4A, 0x28, 
    0xA1, 0x4A, 0xAA, 0xA1, 0x4A, 0x82, 0xA1, 0x4A, 0x14, 0xA1, 0x50, 0x55, 0x05, 0x55, 0x55, 0x55, 
    0x55, 0x55, 0x55, 0x55, 0x55, 0x55, 0x55, 0x55, 0x55, 0x55, 0x55, 0x55, 0x55, 0x55, 0x55, 0x55, 

/* Hex 0x58, Char 'X' */
    0x55, 0x55, 0x55, 0x55, 0x55, 0x55, 0x55, 0x55, 0x55, 0x55, 0x55, 0x55, 0x50, 0x55, 0x05, 0x4A, 
    0x14, 0xA1, 0x4A, 0x14, 0xA1, 0x52, 0x82, 0x85, 0x54, 0xAA, 0x15, 0x55, 0x28, 0x55, 0x54, 0xAA, 
    0x15, 0x52, 0x82, 0x85, 0x4A, 0x14, 0xA1, 0x4A, 0x14, 0xA1, 0x50, 0x55, 0x05, 0x55, 0x55, 0x55, 
    0x55, 0x55, 0x55, 0x55, 0x55, 0x55, 0x55, 0x55, 0x55, 0x55, 0x55, 0x55, 0x55, 0x55, 0x55, 0x55, 

/* Hex 0x59, Char 'Y' */
    0x55, 0x55, 0x55, 0x55, 0x55, 0x55, 0x55, 0x55, 0x55, 0x55, 0x55, 0x55, 0x50, 0x55, 0x05, 0x4A, 
    0x14, 0xA1, 0x4A, 0x14, 0xA1, 0x4A, 0x14, 0xA1, 0x52, 0x82, 0x85, 0x54, 0xAA, 0x15, 0x55, 0x28, 
    0x55, 0x55, 0x28, 0x55, 0x55, 0x28, 0x55, 0x55, 0x28, 0x55, 0x55, 0x41, 0x55, 0x55, 0x55, 0x55, 
    0x55, 0x55, 0x55, 0x55, 0x55, 0x55, 0x55, 0x55, 0x55, 0x55, 0x55, 0x55, 0x55, 0x55, 0x55, 0x55, 

/* Hex 0x5A, Char 'Z' */
    0x55, 0x55, 0x55, 0x55, 0x55, 0x55, 0x55, 0x55, 0x55, 0x55, 0x55, 0x55, 0x50, 0x00, 0x05, 0x4A, 
    0xAA, 0xA1, 0x50, 0x00, 0xA1, 0x55, 0x52, 0x85, 0x55, 0x4A, 0x15, 0x55, 0x28, 0x55, 0x54, 0xA1, 
    0x55, 0x52, 0x85, 0x55, 0x4A, 0x00, 0x05, 0x4A, 0xAA, 0xA1, 0x50, 0x00, 0x05, 0x55, 0x55, 0x55, 
    0x55, 0x55, 0x55, 0x55, 0x55, 0x55, 0x55, 0x55, 0x55, 0x55, 0x55, 0x55, 0x55, 0x55, 0x55, 0x55, 

/* Hex 0x5B, Char '[' */
    0x55, 0x55, 0x55, 0x55, 0x55, 0x55, 0x55, 0x55, 0x55, 0x55, 0x55, 0x55, 0x55, 0x00, 0x55, 0x54, 
    0xAA, 0x15, 0x54, 0xA0, 0x55, 0x54, 0xA1, 0x55, 0x54, 0xA1, 0x55, 0x54, 0xA1, 0x55, 0x54, 0xA1, 
    0x55, 0x54, 0xA1, 0x55, 0x54, 0xA0, 0x55, 0x54, 0xAA, 0x15, 0x55, 0x00, 0x55, 0x55, 0x55, 0x55, 
    0x55, 0x55, 0x55, 0x55, 0x55, 0x55, 0x55, 0x55, 0x55, 0x55, 0x55, 0x55, 0x55, 0x55, 0x55, 0x55, 

/* Hex 0x5C, Char '\' */
    0x55, 0x55, 0x55, 0x55, 0x55, 0x55, 0x55, 0x55, 0x55, 0x55, 0x55, 0x55, 0x51, 0x55, 0x55, 0x48, 
    0x55, 0x55, 0x4A, 0x15, 0x55, 0x52, 0x85, 0x55, 0x54, 0xA1, 0x55, 0x55, 0x28, 0x55, 0x55, 0x4A, 
    0x15, 0x55, 0x52, 0x85, 0x55, 0x54, 0xA1, 0x55, 0x55, 0x21, 0x55, 0x55, 0x45, 0x55, 0x55, 0x55, 
    0x55, 0x55, 0x55, 0x55, 0x55, 0x55, 0x55, 0x55, 0x55, 0x55, 0x55, 0x55, 0x55, 0x55, 0x55, 0x55, 

/* Hex 0x5D, Char ']' */
    0x55, 0x55, 0x55, 0x55, 0x55, 0x55, 0x55, 0x55, 0x55, 0x55, 0x55, 0x55, 0x55, 0x00, 0x55, 0x54, 
    0xAA, 0x15, 0x55, 0x0A, 0x15, 0x55, 0x4A, 0x15, 0x55, 0x4A, 0x15, 0x55, 0x4A, 0x15, 0x55, 0x4A, 
    0x15, 0x55, 0x4A, 0x15, 0x55, 0x0A, 0x15, 0x54, 0xAA, 0x15, 0x55, 0x00, 0x55, 0x55, 0x55, 0x55, 
    0x55, 0x55, 0x55, 0x55, 0x55, 0x55, 0x55, 0x55, 0x55, 0x55, 0x55, 0x55, 0x55, 0x55, 0x55, 0x55, 

/* Hex 0x5E, Char '^' */
    0x55, 0x55, 0x55, 0x55, 0x55, 0x55, 0x55, 0x55, 0x55, 0x55, 0x55, 0x55, 0x55, 0x41, 0x55, 0x55, 
    0x28, 0x55, 0x54, 0xAA, 0x15, 0x52, 0x82, 0x85, 0x52, 0x14, 0x85, 0x54, 0x55, 0x15, 0x55, 0x55, 
    0x55, 0x55, 0x55, 0x55, 0x55, 0x55, 0x55, 0x55, 0x55, 0x55, 0x55, 0x55, 0x55, 0x55, 0x55, 0x55, 
    0x55, 0x55, 0x55, 0x55, 0x55, 0x55, 0x55, 0x55, 0x55, 0x55, 0x55, 0x55, 0x55, 0x55, 0x55, 0x55, 

/* Hex 0x5F, Char '_' */
    0x55, 0x55, 0x55, 0x55, 0x55, 0x55, 0x55, 0x55, 0x55, 0x55, 0x55, 0x55, 0x55, 0x55, 0x55, 0x55, 
    0x55, 0x55, 0x55, 0x55, 0x55, 0x55, 0x55, 0x55, 0x55, 0x55, 0x55, 0x55, 0x55, 0x55, 0x55, 0x55, 
    0x55, 0x55, 0x55, 0x55, 0x50, 0x00, 0x05, 0x4A, 0xAA, 0xA1, 0x50, 0x00, 0x05, 0x55, 0x55, 0x55, 
    0x55, 0x55, 0x55, 0x55, 0x55, 0x55, 0x55, 0x55, 0x55, 0x55, 0x55, 0x55, 0x55, 0x55, 0x55, 0x55, 

/* Hex 0x60, Char '`' */
    0x55, 0x55, 0x55, 0x55, 0x55, 0x55, 0x55, 0x55, 0x55, 0x55, 0x41, 0x55, 0x55, 0x28, 0x55, 0x55, 
    0x28, 0x55, 0x55, 0x28, 0x55, 0x55, 0x28, 0x55, 0x55, 0x28, 0x55, 0x50, 0x28, 0x05, 0x4A, 0xAA, 
    0xA1, 0x52, 0xAA, 0x85, 0x54, 0xAA, 0x15, 0x55, 0x28, 0x55, 0x55, 0x41, 0x55, 0x55, 0x55, 0x55, 
    0x55, 0x55, 0x55, 0x55, 0x55, 0x55, 0x55, 0x55, 0x55, 0x55, 0x55, 0x55, 0x55, 0x55, 0x55, 0x55, 

/* Hex 0x61, Char 'a' */
    0x55, 0x55, 0x55, 0x55, 0x55, 0x55, 0x55, 0x55, 0x55, 0x54, 0x15, 0x55, 0x52, 0x85, 0x55, 0x52, 
    0xA1, 0x55, 0x54, 0xA1, 0x55, 0x54, 0xA8, 0x05, 0x55, 0x2A, 0xA1, 0x55, 0x2A, 0xA1, 0x54, 0xAA, 
    0xA1, 0x52, 0xAA, 0x85, 0x54, 0xAA, 0x85, 0x55, 0x0A, 0x85, 0x55, 0x50, 0x15, 0x55, 0x55, 0x55, 
    0x55, 0x55, 0x55, 0x55, 0x55, 0x55, 0x55, 0x55, 0x55, 0x55, 0x55, 0x55, 0x55, 0x55, 0x55, 0x55, 

/* Hex 0x62, Char 'b' */
    0x55, 0x55, 0x55, 0x55, 0x55, 0x55, 0x55, 0x55, 0x55, 0x55, 0x55, 0x55, 0x50, 0x55, 0x55, 0x4A, 
    0x15, 0x55, 0x4A, 0x85, 0x45, 0x52, 0xA1, 0x21, 0x54, 0xA8, 0xA1, 0x55, 0x2A, 0xA1, 0x55, 0x4A, 
    0xA1, 0x55, 0x2A, 0xA1, 0x54, 0xAA, 0xA1, 0x55, 0x00, 0x05, 0x55, 0x55, 0x55, 0x55, 0x55, 0x55, 
    0x55, 0x55, 0x55, 0x55, 0x55, 0x55, 0x55, 0x55, 0x55, 0x55, 0x55, 0x55, 0x55, 0x55, 0x55, 0x55, 

/* Hex 0x63, Char 'c' */
    0x55, 0x55, 0x55, 0x55, 0x55, 0x55, 0x55, 0x55, 0x55, 0x55, 0x55, 0x55, 0x55, 0x55, 0x55, 0x41, 
    0x55, 0x05, 0x28, 0x14, 0xA1, 0x2A, 0x82, 0xA1, 0x4A, 0xAA, 0xA8, 0x50, 0xAA, 0xA8, 0x55, 0x2A, 
    0xA8, 0x55, 0x2A, 0xA8, 0x55, 0x2A, 0x01, 0x55, 0x40, 0x55, 0x55, 0x55, 0x55, 0x55, 0x55, 0x55, 
    0x55, 0x55, 0x55, 0x55, 0x55, 0x55, 0x55, 0x55, 0x55, 0x55, 0x55, 0x55, 0x55, 0x55, 0x55, 0x55, 

/* Hex 0x64, Char 'd' */
    0x55, 0x55, 0x55, 0x55, 0x55, 0x55, 0x55, 0x55, 0x55, 0x55, 0x55, 0x55, 0x55, 0x54, 0x55, 0x55, 
    0x52, 0x15, 0x55, 0x52, 0x85, 0x40, 0x02, 0xA1, 0x2A, 0xAA, 0xA8, 0x2A, 0xAA, 0xA8, 0x40, 0x02, 
    0xA1, 0x55, 0x52, 0x85, 0x55, 0x52, 0x15, 0x55, 0x54, 0x55, 0x55, 0x55, 0x55, 0x55, 0x55, 0x55, 
    0x55, 0x55, 0x55, 0x55, 0x55, 0x55, 0x55, 0x55, 0x55, 0x55, 0x55, 0x55, 0x55, 0x55, 0x55, 0x55, 

/* Hex 0x65, Char 'e' */
    0x55, 0x55, 0x55, 0x55, 0x55, 0x55, 0x55, 0x55, 0x55, 0x55, 0x55, 0x55, 0x55, 0x40, 0x55, 0x55, 
    0x2A, 0x01, 0x55, 0x2A, 0xA8, 0x55, 0x2A, 0xA8, 0x50, 0xAA, 0xA8, 0x4A, 0xAA, 0xA8, 0x2A, 0x82, 
    0xA1, 0x28, 0x14, 0xA1, 0x41, 0x55, 0x05, 0x55, 0x55, 0x55, 0x55, 0x55, 0x55, 0x55, 0x55, 0x55, 
    0x55, 0x55, 0x55, 0x55, 0x55, 0x55, 0x55, 0x55, 0x55, 0x55, 0x55, 0x55, 0x55, 0x55, 0x55, 0x55, 

/* Hex 0x66, Char 'f' */
    0x55, 0x55, 0x55, 0x55, 0x55, 0x55, 0x55, 0x55, 0x55, 0x55, 0x55, 0x55, 0x55, 0x00, 0x05, 0x54, 
    0xAA, 0xA1, 0x55, 0x2A, 0xA1, 0x55, 0x4A, 0xA1, 0x55, 0x2A, 0xA1, 0x54, 0xA8, 0xA1, 0x52, 0xA1, 
    0x21, 0x4A, 0x85, 0x45, 0x4A, 0x15, 0x55, 0x50, 0x55, 0x55, 0x55, 0x55, 0x55, 0x55, 0x55, 0x55, 
    0x55, 0x55, 0x55, 0x55, 0x55, 0x55, 0x55, 0x55, 0x55, 0x55, 0x55, 0x55, 0x55, 0x55, 0x55, 0x55, 

/* Hex 0x67, Char 'g' */
    0x55, 0x55, 0x55, 0x55, 0x55, 0x55, 0x55, 0x55, 0x55, 0x55, 0x50, 0x15, 0x54, 0x0A, 0x85, 0x52, 
    0xAA, 0x85, 0x52, 0xAA, 0xA1, 0x54, 0xAA, 0xA1, 0x55, 0x2A, 0xA1, 0x55, 0x2A, 0xA1, 0x54, 0xA8, 
    0x05, 0x54, 0xA1, 0x55, 0x52, 0xA1, 0x55, 0x52, 0x85, 0x55, 0x54, 0x15, 0x55, 0x55, 0x55, 0x55, 
    0x55, 0x55, 0x55, 0x55, 0x55, 0x55, 0x55, 0x55, 0x55, 0x55, 0x55, 0x55, 0x55, 0x55, 0x55, 0x55, 

/* Hex 0x68, Char 'h' */
    0x55, 0x55, 0x55, 0x55, 0x55, 0x55, 0x55, 0x55, 0x55, 0x55, 0x41, 0x55, 0x55, 0x28, 0x55, 0x54, 
    0xAA, 0x15, 0x52, 0xAA, 0x85, 0x4A, 0xAA, 0xA1, 0x50, 0x28, 0x05, 0x55, 0x28, 0x55, 0x55, 0x28, 
    0x55, 0x55, 0x28, 0x55, 0x55, 0x28, 0x55, 0x55, 0x28, 0x55, 0x55, 0x41, 0x55, 0x55, 0x55, 0x55, 
    0x55, 0x55, 0x55, 0x55, 0x55, 0x55, 0x55, 0x55, 0x55, 0x55, 0x55, 0x55, 0x55, 0x55, 0x55, 0x55, 

/* Hex 0x69, Char 'i' */
    0x55, 0x55, 0x55, 0x55, 0x55, 0x55, 0x55, 0x55, 0x55, 0x54, 0x05, 0x55, 0x52, 0xA0, 0x15, 0x52, 
    0xAA, 0x85, 0x4A, 0xAA, 0x85, 0x4A, 0xAA, 0x15, 0x4A, 0xA8, 0x55, 0x4A, 0xA8, 0x55, 0x50, 0x2A, 
    0x15, 0x55, 0x4A, 0x15, 0x55, 0x4A, 0x85, 0x55, 0x52, 0x85, 0x55, 0x54, 0x15, 0x55, 0x55, 0x55, 
    0x55, 0x55, 0x55, 0x55, 0x55, 0x55, 0x55, 0x55, 0x55, 0x55, 0x55, 0x55, 0x55, 0x55, 0x55, 0x55, 

/* Hex 0x6A, Char 'j' */
    0x55, 0x55, 0x55, 0x55, 0x55, 0x55, 0x55, 0x55, 0x55, 0x55, 0x55, 0x55, 0x50, 0x00, 0x55, 0x4A, 
    0xAA, 0x15, 0x4A, 0xA8, 0x55, 0x4A, 0xA1, 0x55, 0x4A, 0xA8, 0x55, 0x4A, 0x2A, 0x15, 0x48, 0x4A, 
    0x85, 0x51, 0x52, 0xA1, 0x55, 0x54, 0xA1, 0x55, 0x55, 0x05, 0x55, 0x55, 0x55, 0x55, 0x55, 0x55, 
    0x55, 0x55, 0x55, 0x55, 0x55, 0x55, 0x55, 0x55, 0x55, 0x55, 0x55, 0x55, 0x55, 0x55, 0x55, 0x55, 

/* Hex 0x6B, Char 'k' */
    0x55, 0x55, 0x55, 0x55, 0x55, 0x55, 0x55, 0x55, 0x55, 0x55, 0x55, 0x55, 0x55, 0x01, 0x55, 0x40, 
    0xA8, 0x55, 0x2A, 0xA8, 0x55, 0x2A, 0xA8, 0x55, 0x2A, 0xAA, 0x05, 0x2A, 0xAA, 0xA1, 0x4A, 0x82, 
    0xA8, 0x4A, 0x14, 0x28, 0x50, 0x55, 0x41, 0x55, 0x55, 0x55, 0x55, 0x55, 0x55, 0x55, 0x55, 0x55, 
    0x55, 0x55, 0x55, 0x55, 0x55, 0x55, 0x55, 0x55, 0x55, 0x55, 0x55, 0x55, 0x55, 0x55, 0x55, 0x55, 

/* Hex 0x6C, Char 'l' */
    0x55, 0x55, 0x55, 0x55, 0x55, 0x55, 0x55, 0x55, 0x55, 0x55, 0x55, 0x55, 0x55, 0x15, 0x55, 0x54, 
    0x85, 0x55, 0x52, 0x85, 0x55, 0x4A, 0x80, 0x00, 0x2A, 0xAA, 0xA8, 0x2A, 0xAA, 0xA8, 0x4A, 0x80, 
    0x00, 0x52, 0x85, 0x55, 0x54, 0x85, 0x55, 0x55, 0x15, 0x55, 0x55, 0x55, 0x55, 0x55, 0x55, 0x55, 
    0x55, 0x55, 0x55, 0x55, 0x55, 0x55, 0x55, 0x55, 0x55, 0x55, 0x55, 0x55, 0x55, 0x55, 0x55, 0x55, 

/* Hex 0x6D, Char 'm' */
    0x55, 0x55, 0x55, 0x55, 0x55, 0x55, 0x55, 0x55, 0x55, 0x55, 0x55, 0x55, 0x55, 0x55, 0x55, 0x50, 
    0x55, 0x41, 0x4A, 0x14, 0x28, 0x4A, 0x82, 0xA8, 0x2A, 0xAA, 0xA1, 0x2A, 0xAA, 0x05, 0x2A, 0xA8, 
    0x55, 0x2A, 0xA8, 0x55, 0x40, 0xA8, 0x55, 0x55, 0x01, 0x55, 0x55, 0x55, 0x55, 0x55, 0x55, 0x55, 
    0x55, 0x55, 0x55, 0x55, 0x55, 0x55, 0x55, 0x55, 0x55, 0x55, 0x55, 0x55, 0x55, 0x55, 0x55, 0x55, 

/* Hex 0x6E, Char 'n' */
    0x55, 0x55, 0x55, 0x55, 0x55, 0x55, 0x55, 0x55, 0x55, 0x55, 0x55, 0x55, 0x55, 0x55, 0x05, 0x55, 
    0x54, 0xA1, 0x51, 0x52, 0xA1, 0x48, 0x4A, 0x85, 0x4A, 0x2A, 0x15, 0x4A, 0xA8, 0x55, 0x4A, 0xA1, 
    0x55, 0x4A, 0xA8, 0x55, 0x4A, 0xAA, 0x15, 0x50, 0x00, 0x55, 0x55, 0x55, 0x55, 0x55, 0x55, 0x55, 
    0x55, 0x55, 0x55, 0x55, 0x55, 0x55, 0x55, 0x55, 0x55, 0x55, 0x55, 0x55, 0x55, 0x55, 0x55, 0x55, 

/* Hex 0x6F, Char 'o' */
    0x55, 0x55, 0x55, 0x55, 0x55, 0x55, 0x55, 0x55, 0x55, 0x55, 0x54, 0x15, 0x55, 0x52, 0x85, 0x55, 
    0x4A, 0x85, 0x55, 0x4A, 0x15, 0x50, 0x2A, 0x15, 0x4A, 0xA8, 0x55, 0x4A, 0xA8, 0x55, 0x4A, 0xAA, 
    0x15, 0x4A, 0xAA, 0x85, 0x52, 0xAA, 0x85, 0x52, 0xA0, 0x15, 0x54, 0x05, 0x55, 0x55, 0x55, 0x55, 
    0x55, 0x55, 0x55, 0x55, 0x55, 0x55, 0x55, 0x55, 0x55, 0x55, 0x55, 0x55, 0x55, 0x55, 0x55, 0x55, 

/* Hex 0x70, Char 'p' */
    0x55, 0x55, 0x55, 0x55, 0x55, 0x55, 0x55, 0x55, 0x55, 0x55, 0x55, 0x55, 0x55, 0x55, 0x55, 0x55, 
    0x00, 0x55, 0x54, 0xAA, 0x15, 0x52, 0x00, 0x85, 0x48, 0x55, 0x21, 0x61, 0x54, 0x88, 0x21, 0x52, 
    0x08, 0x21, 0x48, 0x48, 0x21, 0x51, 0x48, 0x45, 0x55, 0x51, 0x55, 0x55, 0x55, 0x55, 0x55, 0x55, 
    0x55, 0x55, 0x55, 0x55, 0x55, 0x55, 0x55, 0x55, 0x55, 0x55, 0x55, 0x55, 0x55, 0x55, 0x55, 0x55, 

/* Hex 0x71, Char 'q' */
    0x55, 0x55, 0x55, 0x55, 0x55, 0x55, 0x55, 0x55, 0x55, 0x40, 0x45, 0x01, 0x2A, 0x20, 0xA8, 0x20, 
    0x21, 0x21, 0x2A, 0x21, 0x21, 0x20, 0x20, 0x21, 0x21, 0x2A, 0x21, 0x41, 0x40, 0x01, 0x28, 0x4A, 
    0xA8, 0x22, 0x20, 0x21, 0x22, 0x2A, 0x21, 0x22, 0x02, 0x21, 0x28, 0x28, 0x21, 0x41, 0x41, 0x45, 
    0x55, 0x55, 0x55, 0x55, 0x55, 0x55, 0x55, 0x55, 0x55, 0x55, 0x55, 0x55, 0x55, 0x55, 0x55, 0x55, 

/* Hex 0x72, Char 'r' */
    0x55, 0x55, 0x55, 0x55, 0x55, 0x55, 0x55, 0x55, 0x55, 0x55, 0x55, 0x55, 0x55, 0x55, 0x55, 0x55, 
    0x55, 0x55, 0x55, 0x55, 0x55, 0x55, 0x55, 0x55, 0x55, 0x55, 0x55, 0x55, 0x55, 0x55, 0x55, 0x55, 
    0x55, 0x55, 0x55, 0x55, 0x55, 0x55, 0x55, 0x55, 0x55, 0x55, 0x55, 0x55, 0x55, 0x55, 0x55, 0x55, 
    0x55, 0x55, 0x55, 0x55, 0x55, 0x55, 0x55, 0x55, 0x55, 0x55, 0x55, 0x55, 0x55, 0x55, 0x55, 0x55, 

/* Hex 0x73, Char 's' */
    0x55, 0x55, 0x55, 0x55, 0x55, 0x55, 0x55, 0x55, 0x55, 0x55, 0x41, 0x55, 0x55, 0x28, 0x55, 0x55, 
    0x41, 0x55, 0x55, 0x55, 0x55, 0x45, 0x55, 0x51, 0x21, 0x55, 0x48, 0x21, 0x55, 0x48, 0x45, 0x55, 
    0x51, 0x55, 0x55, 0x55, 0x55, 0x41, 0x55, 0x55, 0x28, 0x55, 0x55, 0x41, 0x55, 0x55, 0x55, 0x55, 
    0x55, 0x55, 0x55, 0x55, 0x55, 0x55, 0x55, 0x55, 0x55, 0x55, 0x55, 0x55, 0x55, 0x55, 0x55, 0x55, 

/* Hex 0x74, Char 't' */
    0x55, 0x55, 0x55, 0x55, 0x55, 0x55, 0x55, 0x55, 0x55, 0x55, 0x55, 0x55, 0x55, 0x55, 0x55, 0x55, 
    0x55, 0x55, 0x55, 0x55, 0x55, 0x55, 0x55, 0x55, 0x55, 0x55, 0x55, 0x55, 0x55, 0x55, 0x55, 0x55, 
    0x55, 0x55, 0x55, 0x55, 0x55, 0x55, 0x55, 0x55, 0x55, 0x55, 0x55, 0x55, 0x55, 0x55, 0x55, 0x55, 
    0x55, 0x55, 0x55, 0x55, 0x55, 0x55, 0x55, 0x55, 0x55, 0x55, 0x55, 0x55, 0x55, 0x55, 0x55, 0x55, 

/* Hex 0x75, Char 'u' */
    0x55, 0x41, 0x55, 0x55, 0x28, 0x55, 0x54, 0xAA, 0x15, 0x52, 0x82, 0x85, 0x52, 0x14, 0x85, 0x54, 
    0x55, 0x15, 0x55, 0x55, 0x55, 0x55, 0x55, 0x55, 0x55, 0x55, 0x55, 0x55, 0x55, 0x55, 0x55, 0x55, 
    0x55, 0x55, 0x55, 0x55, 0x55, 0x55, 0x55, 0x55, 0x55, 0x55, 0x55, 0x55, 0x55, 0x55, 0x55, 0x55, 
    0x55, 0x55, 0x55, 0x55, 0x55, 0x55, 0x55, 0x55, 0x55, 0x55, 0x55, 0x55, 0x55, 0x55, 0x55, 0x55, 

/* Hex 0x76, Char 'v' */
    0x55, 0x55, 0x55, 0x55, 0x55, 0x55, 0x55, 0x55, 0x55, 0x55, 0x55, 0x55, 0x55, 0x55, 0x55, 0x55, 
    0x55, 0x55, 0x55, 0x55, 0x55, 0x55, 0x55, 0x55, 0x55, 0x55, 0x55, 0x55, 0x55, 0x55, 0x55, 0x55, 
    0x55, 0x55, 0x55, 0x55, 0x54, 0x55, 0x15, 0x52, 0x14, 0x85, 0x52, 0x82, 0x85, 0x54, 0xAA, 0x15, 
    0x55, 0x28, 0x55, 0x55, 0x41, 0x55, 0x55, 0x55, 0x55, 0x55, 0x55, 0x55, 0x55, 0x55, 0x55, 0x55, 

/* Hex 0x77, Char 'w' */
    0x55, 0x55, 0x55, 0x55, 0x55, 0x55, 0x55, 0x55, 0x55, 0x55, 0x55, 0x55, 0x55, 0x55, 0x55, 0x55, 
    0x54, 0x15, 0x55, 0x52, 0x85, 0x55, 0x54, 0xA1, 0x55, 0x55, 0x28, 0x55, 0x55, 0x28, 0x55, 0x54, 
    0xA1, 0x55, 0x52, 0x85, 0x55, 0x54, 0x15, 0x55, 0x55, 0x55, 0x55, 0x55, 0x55, 0x55, 0x55, 0x55, 
    0x55, 0x55, 0x55, 0x55, 0x55, 0x55, 0x55, 0x55, 0x55, 0x55, 0x55, 0x55, 0x55, 0x55, 0x55, 0x55, 

/* Hex 0x78, Char 'x' */
    0x55, 0x55, 0x55, 0x55, 0x55, 0x55, 0x55, 0x55, 0x55, 0x55, 0x55, 0x55, 0x55, 0x55, 0x55, 0x54, 
    0x15, 0x55, 0x52, 0x85, 0x55, 0x4A, 0x15, 0x55, 0x28, 0x55, 0x55, 0x28, 0x55, 0x55, 0x4A, 0x15, 
    0x55, 0x52, 0x85, 0x55, 0x54, 0x15, 0x55, 0x55, 0x55, 0x55, 0x55, 0x55, 0x55, 0x55, 0x55, 0x55, 
    0x55, 0x55, 0x55, 0x55, 0x55, 0x55, 0x55, 0x55, 0x55, 0x55, 0x55, 0x55, 0x55, 0x55, 0x55, 0x55, 

/* Hex 0x79, Char 'y' */
    0x55, 0x55, 0x55, 0x55, 0x55, 0x55, 0x55, 0x55, 0x55, 0x55, 0x55, 0x55, 0x55, 0x55, 0x55, 0x55, 
    0x55, 0x55, 0x55, 0x55, 0x55, 0x55, 0x55, 0x55, 0x55, 0x55, 0x55, 0x55, 0x55, 0x55, 0x55, 0x55, 
    0x55, 0x55, 0x55, 0x55, 0x55, 0x55, 0x55, 0x55, 0x55, 0x55, 0x55, 0x55, 0x55, 0x55, 0x55, 0x55, 
    0x55, 0x55, 0x55, 0x55, 0x55, 0x55, 0x55, 0x55, 0x55, 0x55, 0x55, 0x55, 0x55, 0x55, 0x55, 0x55, 

/* Hex 0x7A, Char 'z' */
    0x55, 0x55, 0x55, 0x55, 0x55, 0x55, 0x55, 0x41, 0x55, 0x55, 0x28, 0x55, 0x55, 0x20, 0x55, 0x55, 
    0x28, 0x55, 0x55, 0x20, 0x55, 0x55, 0x28, 0x55, 0x55, 0x20, 0x55, 0x55, 0x28, 0x55, 0x55, 0x20, 
    0x55, 0x55, 0x28, 0x55, 0x55, 0x28, 0x55, 0x54, 0xAA, 0x15, 0x54, 0xAA, 0x15, 0x55, 0x28, 0x55, 
    0x55, 0x41, 0x55, 0x55, 0x55, 0x55, 0x55, 0x55, 0x55, 0x55, 0x55, 0x55, 0x55, 0x55, 0x55, 0x55, 

/* Hex 0x7B, Char '{' */
    0x55, 0x55, 0x55, 0x55, 0x55, 0x55, 0x51, 0x54, 0x15, 0x48, 0x52, 0x85, 0x48, 0x48, 0x21, 0x48, 
    0x48, 0x21, 0x48, 0x08, 0x21, 0x4A, 0x82, 0x85, 0x50, 0x14, 0x21, 0x55, 0x55, 0x05, 0x55, 0x54, 
    0xA1, 0x55, 0x40, 0xA1, 0x55, 0x28, 0xA1, 0x50, 0x28, 0xA1, 0x4A, 0x28, 0xA1, 0x4A, 0x28, 0xA1, 
    0x50, 0x00, 0x05, 0x55, 0x55, 0x55, 0x55, 0x55, 0x55, 0x55, 0x55, 0x55, 0x55, 0x55, 0x55, 0x55, 

/* Hex 0x7C, Char '|' */
    0x55, 0x55, 0x55, 0x55, 0x55, 0x55, 0x55, 0x55, 0x55, 0x55, 0x41, 0x55, 0x55, 0x28, 0x55, 0x55, 
    0x28, 0x55, 0x55, 0x28, 0x55, 0x55, 0x28, 0x55, 0x55, 0x28, 0x55, 0x55, 0x28, 0x55, 0x55, 0x28, 
    0x55, 0x55, 0x28, 0x55, 0x55, 0x28, 0x55, 0x55, 0x28, 0x55, 0x55, 0x28, 0x55, 0x55, 0x41, 0x55, 
    0x55, 0x55, 0x55, 0x55, 0x55, 0x55, 0x55, 0x55, 0x55, 0x55, 0x55, 0x55, 0x55, 0x55, 0x55, 0x55, 

/* Hex 0x7D, Char '}' */
    0x55, 0x55, 0x55, 0x55, 0x55, 0x55, 0x55, 0x55, 0x55, 0x55, 0x55, 0x55, 0x55, 0x55, 0x55, 0x55, 
    0x55, 0x55, 0x55, 0x55, 0x55, 0x55, 0x55, 0x55, 0x45, 0x11, 0x51, 0x20, 0x88, 0x48, 0x22, 0x0A, 
    0x28, 0x28, 0x48, 0x88, 0x22, 0x08, 0x08, 0x20, 0x88, 0x48, 0x45, 0x11, 0x51, 0x55, 0x55, 0x55, 
    0x55, 0x55, 0x55, 0x55, 0x55, 0x55, 0x55, 0x55, 0x55, 0x55, 0x55, 0x55, 0x55, 0x55, 0x55, 0x55, 

/* Hex 0x7E, Char '~' */
    0x55, 0x55, 0x55, 0x55, 0x55, 0x55, 0x55, 0x55, 0x55, 0x55, 0x55, 0x55, 0x55, 0x55, 0x55, 0x55, 
    0x55, 0x55, 0x55, 0x55, 0x55, 0x55, 0x55, 0x55, 0x45, 0x44, 0x05, 0x21, 0x22, 0xA1, 0x28, 0xA0, 
    0x85, 0x22, 0x20, 0x85, 0x20, 0x20, 0x85, 0x21, 0x22, 0xA1, 0x45, 0x44, 0x05, 0x55, 0x55, 0x55, 
    0x55, 0x55, 0x55, 0x55, 0x55, 0x55, 0x55, 0x55, 0x55, 0x55, 0x55, 0x55, 0x55, 0x55, 0x55, 0x55, 

/* Hex 0x7F, Char '' */
    0x55, 0x55, 0x55, 0x55, 0x55, 0x55, 0x55, 0x55, 0x55, 0x55, 0x55, 0x55, 0x55, 0x55, 0x55, 0x55, 
    0x55, 0x55, 0x55, 0x55, 0x55, 0x55, 0x55, 0x55, 0x51, 0x45, 0x01, 0x48, 0x20, 0xA8, 0x22, 0x21, 
    0x21, 0x2A, 0x21, 0x21, 0x22, 0x20, 0x21, 0x22, 0x2A, 0x21, 0x44, 0x40, 0x45, 0x55, 0x55, 0x55, 
    0x55, 0x55, 0x55, 0x55, 0x55, 0x55, 0x55, 0x55, 0x55, 0x55, 0x55, 0x55, 0x55, 0x55, 0x55, 0x55, 

/* Hex 0x80, Char '' */
    0x54, 0x00, 0x15, 0x52, 0xAA, 0x85, 0x54, 0x00, 0x15, 0x55, 0x55, 0x55, 0x55, 0x55, 0x55, 0x55, 
    0x55, 0x55, 0x55, 0x55, 0x55, 0x55, 0x55, 0x55, 0x55, 0x55, 0x55, 0x55, 0x55, 0x55, 0x55, 0x55, 
    0x55, 0x55, 0x55, 0x55, 0x55, 0x55, 0x55, 0x55, 0x55, 0x55, 0x55, 0x55, 0x55, 0x55, 0x55, 0x55, 
    0x55, 0x55, 0x55, 0x55, 0x55, 0x55, 0x55, 0x55, 0x55, 0x55, 0x55, 0x55, 0x55, 0x55, 0x55, 0x55, 

/* Hex 0x81, Char '' */
    0x55, 0x55, 0x55, 0x55, 0x55, 0x55, 0x54, 0x00, 0x15, 0x52, 0xAA, 0x85, 0x54, 0x00, 0x15, 0x55, 
    0x55, 0x55, 0x55, 0x55, 0x55, 0x55, 0x55, 0x55, 0x55, 0x55, 0x55, 0x55, 0x55, 0x55, 0x55, 0x55, 
    0x55, 0x55, 0x55, 0x55, 0x55, 0x55, 0x55, 0x55, 0x55, 0x55, 0x55, 0x55, 0x55, 0x55, 0x55, 0x55, 
    0x55, 0x55, 0x55, 0x55, 0x55, 0x55, 0x55, 0x55, 0x55, 0x55, 0x55, 0x55, 0x55, 0x55, 0x55, 0x55, 

/* Hex 0x82, Char '' */
    0x55, 0x55, 0x55, 0x55, 0x55, 0x55, 0x55, 0x55, 0x55, 0x55, 0x55, 0x55, 0x54, 0x00, 0x15, 0x52, 
    0xAA, 0x85, 0x54, 0x00, 0x15, 0x55, 0x55, 0x55, 0x55, 0x55, 0x55, 0x55, 0x55, 0x55, 0x55, 0x55, 
    0x55, 0x55, 0x55, 0x55, 0x55, 0x55, 0x55, 0x55, 0x55, 0x55, 0x55, 0x55, 0x55, 0x55, 0x55, 0x55, 
    0x55, 0x55, 0x55, 0x55, 0x55, 0x55, 0x55, 0x55, 0x55, 0x55, 0x55, 0x55, 0x55, 0x55, 0x55, 0x55, 

/* Hex 0x83, Char '' */
    0x55, 0x55, 0x55, 0x55, 0x55, 0x55, 0x55, 0x55, 0x55, 0x55, 0x55, 0x55, 0x55, 0x55, 0x55, 0x55, 
    0x55, 0x55, 0x54, 0x00, 0x15, 0x52, 0xAA, 0x85, 0x54, 0x00, 0x15, 0x55, 0x55, 0x55, 0x55, 0x55, 
    0x55, 0x55, 0x55, 0x55, 0x55, 0x55, 0x55, 0x55, 0x55, 0x55, 0x55, 0x55, 0x55, 0x55, 0x55, 0x55, 
    0x55, 0x55, 0x55, 0x55, 0x55, 0x55, 0x55, 0x55, 0x55, 0x55, 0x55, 0x55, 0x55, 0x55, 0x55, 0x55, 

/* Hex 0x84, Char '' */
    0x55, 0x55, 0x55, 0x55, 0x55, 0x55, 0x55, 0x55, 0x55, 0x55, 0x55, 0x55, 0x55, 0x55, 0x55, 0x55, 
    0x55, 0x55, 0x55, 0x55, 0x55, 0x55, 0x55, 0x55, 0x54, 0x00, 0x15, 0x52, 0xAA, 0x85, 0x54, 0x00, 
    0x15, 0x55, 0x55, 0x55, 0x55, 0x55, 0x55, 0x55, 0x55, 0x55, 0x55, 0x55, 0x55, 0x55, 0x55, 0x55, 
    0x55, 0x55, 0x55, 0x55, 0x55, 0x55, 0x55, 0x55, 0x55, 0x55, 0x55, 0x55, 0x55, 0x55, 0x55, 0x55, 

/* Hex 0x85, Char '' */
    0x55, 0x55, 0x55, 0x55, 0x55, 0x55, 0x55, 0x55, 0x55, 0x55, 0x55, 0x55, 0x55, 0x55, 0x55, 0x55, 
    0x55, 0x55, 0x55, 0x55, 0x55, 0x55, 0x55, 0x55, 0x55, 0x55, 0x55, 0x55, 0x55, 0x55, 0x54, 0x00, 
    0x15, 0x52, 0xAA, 0x85, 0x54, 0x00, 0x15, 0x55, 0x55, 0x55, 0x55, 0x55, 0x55, 0x55, 0x55, 0x55, 
    0x55, 0x55, 0x55, 0x55, 0x55, 0x55, 0x55, 0x55, 0x55, 0x55, 0x55, 0x55, 0x55, 0x55, 0x55, 0x55, 

/* Hex 0x86, Char '' */
    0x55, 0x55, 0x55, 0x55, 0x55, 0x55, 0x55, 0x55, 0x55, 0x55, 0x55, 0x55, 0x55, 0x55, 0x55, 0x55, 
    0x55, 0x55, 0x55, 0x55, 0x55, 0x55, 0x55, 0x55, 0x55, 0x55, 0x55, 0x55, 0x55, 0x55, 0x55, 0x55, 
    0x55, 0x55, 0x55, 0x55, 0x54, 0x00, 0x15, 0x52, 0xAA, 0x85, 0x54, 0x00, 0x15, 0x55, 0x55, 0x55, 
    0x55, 0x55, 0x55, 0x55, 0x55, 0x55, 0x55, 0x55, 0x55, 0x55, 0x55, 0x55, 0x55, 0x55, 0x55, 0x55, 

/* Hex 0x87, Char '' */
    0x55, 0x55, 0x55, 0x55, 0x55, 0x55, 0x55, 0x55, 0x55, 0x55, 0x55, 0x55, 0x55, 0x55, 0x55, 0x55, 
    0x55, 0x55, 0x55, 0x55, 0x55, 0x55, 0x55, 0x55, 0x55, 0x55, 0x55, 0x55, 0x55, 0x55, 0x55, 0x55, 
    0x55, 0x55, 0x55, 0x55, 0x55, 0x55, 0x55, 0x55, 0x55, 0x55, 0x54, 0x00, 0x15, 0x52, 0xAA, 0x85, 
    0x54, 0x00, 0x15, 0x55, 0x55, 0x55, 0x55, 0x55, 0x55, 0x55, 0x55, 0x55, 0x55, 0x55, 0x55, 0x55, 

/* Hex 0x88, Char '' */
    0x55, 0x55, 0x55, 0x55, 0x55, 0x55, 0x55, 0x55, 0x55, 0x55, 0x55, 0x55, 0x55, 0x55, 0x55, 0x55, 
    0x55, 0x55, 0x55, 0x55, 0x55, 0x55, 0x55, 0x55, 0x55, 0x55, 0x55, 0x55, 0x55, 0x55, 0x55, 0x55, 
    0x55, 0x55, 0x55, 0x55, 0x55, 0x55, 0x55, 0x55, 0x55, 0x55, 0x55, 0x55, 0x55, 0x54, 0x00, 0x15, 
    0x52, 0xAA, 0x85, 0x54, 0x00, 0x15, 0x55, 0x55, 0x55, 0x55, 0x55, 0x55, 0x55, 0x55, 0x55, 0x55, 

/* Hex 0x89, Char '' */
    0x55, 0x55, 0x55, 0x55, 0x55, 0x55, 0x55, 0x55, 0x55, 0x55, 0x55, 0x55, 0x55, 0x55, 0x55, 0x55, 
    0x55, 0x55, 0x55, 0x55, 0x55, 0x55, 0x55, 0x55, 0x45, 0x45, 0x01, 0x21, 0x20, 0xA8, 0x20, 0x88, 
    0x21, 0x20, 0xA8, 0x21, 0x20, 0x88, 0x21, 0x28, 0x88, 0x21, 0x41, 0x11, 0x45, 0x55, 0x55, 0x55, 
    0x55, 0x55, 0x55, 0x55, 0x55, 0x55, 0x55, 0x55, 0x55, 0x55, 0x55, 0x55, 0x55, 0x55, 0x55, 0x55, 

/* Hex 0x8A, Char '' */
    0x55, 0x55, 0x55, 0x55, 0x55, 0x55, 0x55, 0x55, 0x55, 0x55, 0x55, 0x50, 0x55, 0x55, 0x4A, 0x55, 
    0x55, 0x48, 0x55, 0x55, 0x48, 0x55, 0x55, 0x48, 0x55, 0x55, 0x48, 0x55, 0x55, 0x48, 0x55, 0x55, 
    0x48, 0x55, 0x55, 0x48, 0x55, 0x55, 0x48, 0x55, 0x55, 0x4A, 0x55, 0x55, 0x50, 0x55, 0x55, 0x55, 
    0x55, 0x55, 0x55, 0x55, 0x55, 0x55, 0x55, 0x55, 0x55, 0x55, 0x55, 0x55, 0x55, 0x55, 0x55, 0x55, 

/* Hex 0x8B, Char '' */
    0x55, 0x55, 0x55, 0x55, 0x55, 0x55, 0x55, 0x55, 0x55, 0x00, 0x00, 0x00, 0xAA, 0xAA, 0xAA, 0x00, 
    0x00, 0x00, 0xAA, 0xAA, 0xAA, 0xAA, 0xAA, 0xAA, 0xAA, 0xAA, 0xAA, 0xAA, 0xAA, 0xAA, 0xAA, 0xAA, 
    0xAA, 0xAA, 0xAA, 0xAA, 0x00, 0x00, 0x00, 0xAA, 0xAA, 0xAA, 0x00, 0x00, 0x00, 0x55, 0x55, 0x55, 
    0x55, 0x55, 0x55, 0x55, 0x55, 0x55, 0x55, 0x55, 0x55, 0x55, 0x55, 0x55, 0x55, 0x55, 0x55, 0x55, 

/* Hex 0x8C, Char '' */
    0x55, 0x55, 0x55, 0x55, 0x55, 0x55, 0x55, 0x55, 0x55, 0x00, 0x00, 0x00, 0xAA, 0xAA, 0xAA, 0x00, 
    0x00, 0x00, 0xAA, 0xA1, 0x55, 0xAA, 0xA1, 0x55, 0xAA, 0xA1, 0x55, 0xAA, 0xA1, 0x55, 0xAA, 0xA1, 
    0x55, 0xAA, 0xA1, 0x55, 0x00, 0x00, 0x00, 0xAA, 0xAA, 0xAA, 0x00, 0x00, 0x00, 0x55, 0x55, 0x55, 
    0x55, 0x55, 0x55, 0x55, 0x55, 0x55, 0x55, 0x55, 0x55, 0x55, 0x55, 0x55, 0x55, 0x55, 0x55, 0x55, 

/* Hex 0x8D, Char '' */
    0x55, 0x55, 0x55, 0x55, 0x55, 0x55, 0x55, 0x55, 0x55, 0x00, 0x00, 0x00, 0xAA, 0xAA, 0xAA, 0x00, 
    0x00, 0x00, 0x55, 0x55, 0x55, 0x55, 0x55, 0x55, 0x55, 0x55, 0x55, 0x55, 0x55, 0x55, 0x55, 0x55, 
    0x55, 0x55, 0x55, 0x55, 0x00, 0x00, 0x00, 0xAA, 0xAA, 0xAA, 0x00, 0x00, 0x00, 0x55, 0x55, 0x55, 
    0x55, 0x55, 0x55, 0x55, 0x55, 0x55, 0x55, 0x55, 0x55, 0x55, 0x55, 0x55, 0x55, 0x55, 0x55, 0x55, 

/* Hex 0x8E, Char '' */
    0x55, 0x55, 0x55, 0x55, 0x55, 0x55, 0x55, 0x55, 0x55, 0x00, 0x00, 0x00, 0xAA, 0xAA, 0xAA, 0x00, 
    0x00, 0x00, 0x15, 0x55, 0x55, 0x15, 0x55, 0x55, 0x15, 0x55, 0x55, 0x15, 0x55, 0x55, 0x15, 0x55, 
    0x55, 0x15, 0x55, 0x55, 0x00, 0x00, 0x00, 0xAA, 0xAA, 0xAA, 0x00, 0x00, 0x00, 0x55, 0x55, 0x55, 
    0x55, 0x55, 0x55, 0x55, 0x55, 0x55, 0x55, 0x55, 0x55, 0x55, 0x55, 0x55, 0x55, 0x55, 0x55, 0x55, 

/* Hex 0x8F, Char '' */
    0x55, 0x55, 0x55, 0x55, 0x55, 0x55, 0x55, 0x55, 0x55, 0x05, 0x55, 0x55, 0xA1, 0x55, 0x55, 0x21, 
    0x55, 0x55, 0x21, 0x55, 0x55, 0x21, 0x55, 0x55, 0x21, 0x55, 0x55, 0x21, 0x55, 0x55, 0x21, 0x55, 
    0x55, 0x21, 0x55, 0x55, 0x21, 0x55, 0x55, 0xA1, 0x55, 0x55, 0x05, 0x55, 0x55, 0x55, 0x55, 0x55, 
    0x55, 0x55, 0x55, 0x55, 0x55, 0x55, 0x55, 0x55, 0x55, 0x55, 0x55, 0x55, 0x55, 0x55, 0x55, 0x55, 

/* Hex 0x90, Char '' */
    0x55, 0x55, 0x55, 0x54, 0x00, 0x15, 0x52, 0xAA, 0x85, 0x52, 0x00, 0x85, 0x4A, 0x28, 0xA1, 0x48, 
    0x00, 0x21, 0x48, 0xAA, 0x21, 0x48, 0x00, 0x21, 0x48, 0xAA, 0x21, 0x48, 0x00, 0x21, 0x48, 0xAA, 
    0x21, 0x48, 0x00, 0x21, 0x48, 0xAA, 0x21, 0x48, 0x00, 0x21, 0x48, 0xAA, 0x21, 0x48, 0x00, 0x21, 
    0x4A, 0xAA, 0xA1, 0x50, 0x00, 0x05, 0x55, 0x55, 0x55, 0x55, 0x55, 0x55, 0x55, 0x55, 0x55, 0x55, 

/* Hex 0x91, Char '' */
    0x55, 0x55, 0x55, 0x54, 0x00, 0x15, 0x52, 0xAA, 0x85, 0x52, 0x00, 0x85, 0x4A, 0x00, 0xA1, 0x48, 
    0x00, 0x21, 0x48, 0xAA, 0x21, 0x48, 0x00, 0x21, 0x48, 0xAA, 0x21, 0x48, 0x00, 0x21, 0x48, 0xAA, 
    0x21, 0x48, 0x00, 0x21, 0x48, 0xAA, 0x21, 0x48, 0x00, 0x21, 0x48, 0xAA, 0x21, 0x48, 0x00, 0x21, 
    0x4A, 0xAA, 0xA1, 0x50, 0x00, 0x05, 0x55, 0x55, 0x55, 0x55, 0x55, 0x55, 0x55, 0x55, 0x55, 0x55, 

/* Hex 0x92, Char '' */
    0x55, 0x55, 0x55, 0x54, 0x00, 0x15, 0x52, 0xAA, 0x85, 0x52, 0x00, 0x85, 0x4A, 0x00, 0xA1, 0x48, 
    0x00, 0x21, 0x48, 0x00, 0x21, 0x48, 0x00, 0x21, 0x48, 0xAA, 0x21, 0x48, 0x00, 0x21, 0x48, 0xAA, 
    0x21, 0x48, 0x00, 0x21, 0x48, 0xAA, 0x21, 0x48, 0x00, 0x21, 0x48, 0xAA, 0x21, 0x48, 0x00, 0x21, 
    0x4A, 0xAA, 0xA1, 0x50, 0x00, 0x05, 0x55, 0x55, 0x55, 0x55, 0x55, 0x55, 0x55, 0x55, 0x55, 0x55, 

/* Hex 0x93, Char '' */
    0x55, 0x55, 0x55, 0x54, 0x00, 0x15, 0x52, 0xAA, 0x85, 0x52, 0x00, 0x85, 0x4A, 0x00, 0xA1, 0x48, 
    0x00, 0x21, 0x48, 0x00, 0x21, 0x48, 0x00, 0x21, 0x48, 0x00, 0x21, 0x48, 0x00, 0x21, 0x48, 0xAA, 
    0x21, 0x48, 0x00, 0x21, 0x48, 0xAA, 0x21, 0x48, 0x00, 0x21, 0x48, 0xAA, 0x21, 0x48, 0x00, 0x21, 
    0x4A, 0xAA, 0xA1, 0x50, 0x00, 0x05, 0x55, 0x55, 0x55, 0x55, 0x55, 0x55, 0x55, 0x55, 0x55, 0x55, 

/* Hex 0x94, Char '' */
    0x55, 0x55, 0x55, 0x54, 0x00, 0x15, 0x52, 0xAA, 0x85, 0x52, 0x00, 0x85, 0x4A, 0x00, 0xA1, 0x48, 
    0x00, 0x21, 0x48, 0x00, 0x21, 0x48, 0x00, 0x21, 0x48, 0x00, 0x21, 0x48, 0x00, 0x21, 0x48, 0x00, 
    0x21, 0x48, 0x00, 0x21, 0x48, 0xAA, 0x21, 0x48, 0x00, 0x21, 0x48, 0xAA, 0x21, 0x48, 0x00, 0x21, 
    0x4A, 0xAA, 0xA1, 0x50, 0x00, 0x05, 0x55, 0x55, 0x55, 0x55, 0x55, 0x55, 0x55, 0x55, 0x55, 0x55, 

/* Hex 0x95, Char '' */
    0x55, 0x55, 0x55, 0x54, 0x00, 0x15, 0x52, 0xAA, 0x85, 0x52, 0x00, 0x85, 0x4A, 0x00, 0xA1, 0x48, 
    0x00, 0x21, 0x48, 0x00, 0x21, 0x48, 0x00, 0x21, 0x48, 0x00, 0x21, 0x48, 0x00, 0x21, 0x48, 0x00, 
    0x21, 0x48, 0x00, 0x21, 0x48, 0x00, 0x21, 0x48, 0x00, 0x21, 0x48, 0xAA, 0x21, 0x48, 0x00, 0x21, 
    0x4A, 0xAA, 0xA1, 0x50, 0x00, 0x05, 0x55, 0x55, 0x55, 0x55, 0x55, 0x55, 0x55, 0x55, 0x55, 0x55, 

/* Hex 0x96, Char '' */
    0x55, 0x55, 0x55, 0x54, 0x00, 0x15, 0x52, 0xAA, 0x85, 0x52, 0x00, 0x85, 0x4A, 0x00, 0xA1, 0x48, 
    0x00, 0x21, 0x48, 0x00, 0x21, 0x48, 0x00, 0x21, 0x48, 0x00, 0x21, 0x48, 0x00, 0x21, 0x48, 0x00, 
    0x21, 0x48, 0x00, 0x21, 0x48, 0x00, 0x21, 0x48, 0x00, 0x21, 0x48, 0x00, 0x21, 0x48, 0x00, 0x21, 
    0x4A, 0xAA, 0xA1, 0x50, 0x00, 0x05, 0x55, 0x55, 0x55, 0x55, 0x55, 0x55, 0x55, 0x55, 0x55, 0x55, 

/* Hex 0x97, Char '' */
    0x55, 0x55, 0x55, 0x54, 0x00, 0x15, 0x52, 0xAA, 0x85, 0x52, 0x00, 0x85, 0x4A, 0x00, 0xA1, 0x48, 
    0x00, 0x21, 0x48, 0x28, 0x21, 0x48, 0x28, 0x21, 0x48, 0x28, 0x21, 0x48, 0x28, 0x21, 0x48, 0x28, 
    0x21, 0x48, 0x00, 0x21, 0x48, 0x28, 0x21, 0x48, 0x28, 0x21, 0x48, 0x00, 0x21, 0x48, 0x00, 0x21, 
    0x4A, 0xAA, 0xA1, 0x50, 0x00, 0x05, 0x55, 0x55, 0x55, 0x55, 0x55, 0x55, 0x55, 0x55, 0x55, 0x55, 

/* Hex 0x98, Char '' */
    0x55, 0x55, 0x55, 0x55, 0x55, 0x55, 0x55, 0x55, 0x55, 0x55, 0x55, 0x55, 0x55, 0x55, 0x55, 0x55, 
    0x55, 0x55, 0x55, 0x55, 0x55, 0x55, 0x55, 0x55, 0x45, 0x14, 0x51, 0x20, 0x82, 0x08, 0x22, 0x22, 
    0x88, 0x22, 0x22, 0x28, 0x22, 0x22, 0x08, 0x28, 0x82, 0x08, 0x41, 0x14, 0x51, 0x55, 0x55, 0x55, 
    0x55, 0x55, 0x55, 0x55, 0x55, 0x55, 0x55, 0x55, 0x55, 0x55, 0x55, 0x55, 0x55, 0x55, 0x55, 0x55, 

/* Hex 0x99, Char '' */
    0x55, 0x55, 0x55, 0x55, 0x55, 0x55, 0x50, 0x00, 0x01, 0x4A, 0xAA, 0xA8, 0x48, 0x00, 0x81, 0x4A, 
    0x84, 0x85, 0x48, 0x14, 0x85, 0x48, 0x54, 0x85, 0x50, 0x00, 0x05, 0x4A, 0xAA, 0xA1, 0x50, 0x00, 
    0x05, 0x55, 0x2A, 0x15, 0x54, 0x80, 0x55, 0x55, 0x28, 0x55, 0x55, 0x02, 0x15, 0x54, 0xA8, 0x55, 
    0x55, 0x01, 0x55, 0x55, 0x55, 0x55, 0x55, 0x55, 0x55, 0x55, 0x55, 0x55, 0x55, 0x55, 0x55, 0x55, 

/* Hex 0x9A, Char '' */
    0x55, 0x55, 0x55, 0x55, 0x55, 0x55, 0x55, 0x55, 0x55, 0x55, 0x55, 0x55, 0x55, 0x55, 0x55, 0x55, 
    0x55, 0x55, 0x55, 0x55, 0x55, 0x55, 0x55, 0x55, 0x54, 0x15, 0x55, 0x52, 0x85, 0x55, 0x48, 0x21, 
    0x55, 0x4A, 0xA1, 0x55, 0x48, 0x21, 0x55, 0x48, 0x21, 0x55, 0x51, 0x45, 0x55, 0x55, 0x55, 0x55, 
    0x55, 0x55, 0x55, 0x55, 0x55, 0x55, 0x55, 0x55, 0x55, 0x55, 0x55, 0x55, 0x55, 0x55, 0x55, 0x55, 

/* Hex 0x9B, Char '' */
    0x55, 0x55, 0x55, 0x55, 0x55, 0x55, 0x55, 0x55, 0x55, 0x50, 0x14, 0x51, 0x4A, 0x82, 0x08, 0x20, 
    0x22, 0x88, 0x21, 0x22, 0x28, 0x20, 0x22, 0x08, 0x4A, 0x82, 0x08, 0x40, 0x04, 0x51, 0x21, 0x22, 
    0x08, 0x28, 0xA2, 0x88, 0x22, 0x22, 0x28, 0x20, 0x22, 0x08, 0x21, 0x22, 0x08, 0x45, 0x44, 0x51, 
    0x55, 0x55, 0x55, 0x55, 0x55, 0x55, 0x55, 0x55, 0x55, 0x55, 0x55, 0x55, 0x55, 0x55, 0x55, 0x55, 

/* Hex 0x9C, Char '' */
    0x55, 0x55, 0x55, 0x55, 0x55, 0x55, 0x55, 0x55, 0x55, 0x50, 0x04, 0x55, 0x4A, 0xA2, 0x15, 0x48, 
    0x02, 0x15, 0x4A, 0x82, 0x15, 0x48, 0x02, 0x01, 0x48, 0x52, 0xA8, 0x41, 0x40, 0x01, 0x21, 0x22, 
    0x08, 0x28, 0xA2, 0x88, 0x22, 0x22, 0x28, 0x20, 0x22, 0x08, 0x21, 0x22, 0x08, 0x45, 0x44, 0x51, 
    0x55, 0x55, 0x55, 0x55, 0x55, 0x55, 0x55, 0x55, 0x55, 0x55, 0x55, 0x55, 0x55, 0x55, 0x55, 0x55, 

/* Hex 0x9D, Char '' */
    0x55, 0x55, 0x55, 0x55, 0x55, 0x55, 0x51, 0x51, 0x55, 0x48, 0x48, 0x55, 0x4A, 0x28, 0x55, 0x48, 
    0x88, 0x55, 0x48, 0x08, 0x55, 0x48, 0x48, 0x55, 0x50, 0x01, 0x55, 0x4A, 0xA8, 0x55, 0x50, 0x01, 
    0x55, 0x48, 0x48, 0x55, 0x48, 0x08, 0x55, 0x4A, 0xA8, 0x55, 0x48, 0x08, 0x55, 0x48, 0x48, 0x55, 
    0x51, 0x51, 0x55, 0x55, 0x55, 0x55, 0x55, 0x55, 0x55, 0x55, 0x55, 0x55, 0x55, 0x55, 0x55, 0x55, 

/* Hex 0x9E, Char '' */
    0x55, 0x55, 0x55, 0x55, 0x55, 0x55, 0x51, 0x05, 0x55, 0x48, 0x21, 0x55, 0x48, 0x85, 0x55, 0x4A, 
    0x15, 0x55, 0x48, 0x85, 0x55, 0x48, 0x21, 0x55, 0x50, 0x05, 0x55, 0x4A, 0xA1, 0x55, 0x50, 0x05, 
    0x55, 0x48, 0x21, 0x55, 0x48, 0x21, 0x55, 0x4A, 0xA1, 0x55, 0x48, 0x21, 0x55, 0x48, 0x21, 0x55, 
    0x51, 0x45, 0x55, 0x55, 0x55, 0x55, 0x55, 0x55, 0x55, 0x55, 0x55, 0x55, 0x55, 0x55, 0x55, 0x55, 

/* Hex 0x9F, Char '' */
    0x55, 0x55, 0x55, 0x55, 0x55, 0x55, 0x51, 0x51, 0x55, 0x48, 0x48, 0x55, 0x4A, 0x28, 0x55, 0x48, 
    0x88, 0x55, 0x48, 0x08, 0x55, 0x48, 0x48, 0x55, 0x50, 0x01, 0x55, 0x4A, 0xA8, 0x55, 0x50, 0x01, 
    0x55, 0x52, 0xA8, 0x55, 0x48, 0x01, 0x55, 0x52, 0xA1, 0x55, 0x50, 0x08, 0x55, 0x4A, 0xA1, 0x55, 
    0x50, 0x05, 0x55, 0x55, 0x55, 0x55, 0x55, 0x55, 0x55, 0x55, 0x55, 0x55, 0x55, 0x55, 0x55, 0x55, 

/* Hex 0xA0, Char '' */
    0x55, 0x55, 0x55, 0x55, 0x55, 0x55, 0x55, 0x55, 0x55, 0x55, 0x55, 0x55, 0x55, 0x55, 0x55, 0x55, 
    0x55, 0x55, 0x55, 0x55, 0x55, 0x55, 0x55, 0x55, 0x55, 0x55, 0x55, 0x55, 0x55, 0x55, 0x55, 0x55, 
    0x55, 0x41, 0x55, 0x55, 0x50, 0x15, 0x55, 0x50, 0x05, 0x55, 0x50, 0x00, 0x55, 0x54, 0x50, 0x05, 
    0x54, 0x15, 0x00, 0x55, 0x15, 0x50, 0x55, 0x55, 0x55, 0x55, 0x55, 0x55, 0x55, 0x55, 0x55, 0x55, 

/* Hex 0xA1, Char '' */
    0x55, 0x55, 0x55, 0x55, 0x55, 0x55, 0x55, 0x55, 0x55, 0x55, 0x55, 0x55, 0x55, 0x55, 0x55, 0x55, 
    0x55, 0x55, 0x55, 0x55, 0x55, 0x55, 0x55, 0x55, 0x55, 0x55, 0x55, 0x55, 0x55, 0x55, 0x55, 0x55, 
    0x55, 0x55, 0x55, 0x55, 0x55, 0x55, 0x55, 0x55, 0x55, 0x55, 0x55, 0x55, 0x55, 0x55, 0x55, 0x55, 
    0x55, 0x55, 0x55, 0x15, 0x55, 0x55, 0x55, 0x55, 0x55, 0x55, 0x55, 0x55, 0x55, 0x55, 0x55, 0x55, 

/* Hex 0xA2, Char '' */
    0x55, 0x55, 0x55, 0x55, 0x55, 0x55, 0x55, 0x55, 0x55, 0x55, 0x55, 0x55, 0x55, 0x55, 0x55, 0x55, 
    0x55, 0x55, 0x55, 0x55, 0x55, 0x55, 0x55, 0x55, 0x55, 0x55, 0x55, 0x55, 0x55, 0x55, 0x55, 0x55, 
    0x55, 0x55, 0x55, 0x55, 0x55, 0x55, 0x55, 0x55, 0x55, 0x55, 0x55, 0x55, 0x55, 0x55, 0x55, 0x55, 
    0x55, 0x55, 0x55, 0x55, 0x55, 0x55, 0x55, 0x55, 0x55, 0x55, 0x55, 0x55, 0x55, 0x55, 0x55, 0x55, 

/* Hex 0xA3, Char '' */
    0x55, 0x55, 0x55, 0x55, 0x55, 0x55, 0x55, 0x55, 0x55, 0x55, 0x55, 0x55, 0x55, 0x55, 0x55, 0x55, 
    0x55, 0x55, 0x55, 0x55, 0x55, 0x55, 0x55, 0x55, 0x55, 0x55, 0x55, 0x55, 0x55, 0x55, 0x55, 0x55, 
    0x55, 0x55, 0x55, 0x55, 0x55, 0x55, 0x55, 0x55, 0x55, 0x55, 0x55, 0x55, 0x55, 0x55, 0x55, 0x55, 
    0x55, 0x55, 0x55, 0x55, 0x55, 0x55, 0x55, 0x55, 0x55, 0x55, 0x55, 0x55, 0x55, 0x55, 0x55, 0x55, 

/* Hex 0xA4, Char '' */
    0x55, 0x55, 0x55, 0x55, 0x55, 0x55, 0x55, 0x55, 0x55, 0x55, 0x55, 0x55, 0x55, 0x55, 0x55, 0x55, 
    0x55, 0x55, 0x55, 0x55, 0x55, 0x55, 0x55, 0x55, 0x55, 0x55, 0x55, 0x55, 0x55, 0x55, 0x55, 0x55, 
    0x55, 0x55, 0x55, 0x55, 0x55, 0x55, 0x55, 0x55, 0x55, 0x55, 0x55, 0x55, 0x55, 0x55, 0x55, 0x55, 
    0x55, 0x55, 0x55, 0x55, 0x55, 0x55, 0x55, 0x55, 0x55, 0x55, 0x55, 0x55, 0x55, 0x55, 0x55, 0x55, 

/* Hex 0xA5, Char '' */
    0x55, 0x55, 0x55, 0x55, 0x55, 0x55, 0x55, 0x55, 0x55, 0x55, 0x55, 0x55, 0x55, 0x55, 0x55, 0x55, 
    0x55, 0x55, 0x55, 0x55, 0x55, 0x55, 0x55, 0x55, 0x55, 0x55, 0x55, 0x55, 0x55, 0x55, 0x55, 0x55, 
    0x55, 0x55, 0x55, 0x55, 0x55, 0x55, 0x55, 0x55, 0x55, 0x55, 0x55, 0x55, 0x55, 0x55, 0x55, 0x55, 
    0x55, 0x55, 0x55, 0x55, 0x55, 0x55, 0x55, 0x55, 0x55, 0x55, 0x55, 0x55, 0x55, 0x55, 0x55, 0x55, 

/* Hex 0xA6, Char '' */
    0x55, 0x55, 0x55, 0x55, 0x55, 0x55, 0x55, 0x55, 0x55, 0x55, 0x55, 0x55, 0x55, 0x55, 0x55, 0x55, 
    0x55, 0x55, 0x55, 0x55, 0x55, 0x55, 0x55, 0x55, 0x55, 0x55, 0x55, 0x55, 0x55, 0x55, 0x55, 0x55, 
    0x55, 0x55, 0x55, 0x55, 0x55, 0x55, 0x55, 0x55, 0x55, 0x55, 0x55, 0x55, 0x55, 0x55, 0x55, 0x55, 
    0x55, 0x55, 0x55, 0x55, 0x55, 0x55, 0x55, 0x55, 0x55, 0x55, 0x55, 0x55, 0x55, 0x55, 0x55, 0x55, 

/* Hex 0xA7, Char '' */
    0x55, 0x55, 0x55, 0x55, 0x55, 0x55, 0x55, 0x55, 0x55, 0x55, 0x55, 0x55, 0x55, 0x55, 0x55, 0x55, 
    0x55, 0x55, 0x55, 0x55, 0x55, 0x55, 0x55, 0x55, 0x55, 0x55, 0x55, 0x55, 0x55, 0x55, 0x55, 0x55, 
    0x55, 0x55, 0x55, 0x55, 0x55, 0x55, 0x55, 0x55, 0x55, 0x55, 0x55, 0x55, 0x55, 0x55, 0x55, 0x55, 
    0x55, 0x55, 0x55, 0x55, 0x55, 0x55, 0x55, 0x55, 0x55, 0x55, 0x55, 0x55, 0x55, 0x55, 0x55, 0x55, 

/* Hex 0xA8, Char '' */
    0x55, 0x55, 0x55, 0x55, 0x55, 0x55, 0x55, 0x55, 0x55, 0x55, 0x55, 0x55, 0x55, 0x55, 0x55, 0x55, 
    0x55, 0x55, 0x55, 0x55, 0x55, 0x55, 0x55, 0x55, 0x55, 0x55, 0x55, 0x55, 0x55, 0x55, 0x55, 0x55, 
    0x55, 0x55, 0x55, 0x55, 0x55, 0x55, 0x55, 0x55, 0x55, 0x55, 0x55, 0x55, 0x55, 0x55, 0x55, 0x55, 
    0x55, 0x55, 0x55, 0x55, 0x55, 0x55, 0x55, 0x55, 0x55, 0x55, 0x55, 0x55, 0x55, 0x55, 0x55, 0x55, 

/* Hex 0xA9, Char '' */
    0x55, 0x55, 0x55, 0x55, 0x55, 0x55, 0x55, 0x55, 0x55, 0x55, 0x55, 0x55, 0x55, 0x55, 0x55, 0x55, 
    0x55, 0x55, 0x55, 0x55, 0x55, 0x55, 0x55, 0x55, 0x55, 0x55, 0x55, 0x55, 0x55, 0x55, 0x55, 0x55, 
    0x55, 0x55, 0x55, 0x55, 0x55, 0x55, 0x55, 0x55, 0x55, 0x55, 0x55, 0x55, 0x55, 0x55, 0x55, 0x55, 
    0x55, 0x55, 0x55, 0x55, 0x55, 0x55, 0x55, 0x55, 0x55, 0x55, 0x55, 0x55, 0x55, 0x55, 0x55, 0x55, 

/* Hex 0xAA, Char '' */
    0x55, 0x55, 0x55, 0x55, 0x55, 0x55, 0x55, 0x55, 0x55, 0x55, 0x55, 0x55, 0x55, 0x55, 0x55, 0x55, 
    0x55, 0x55, 0x55, 0x55, 0x55, 0x55, 0x55, 0x55, 0x55, 0x55, 0x55, 0x55, 0x55, 0x55, 0x55, 0x55, 
    0x55, 0x55, 0x55, 0x55, 0x55, 0x55, 0x55, 0x55, 0x55, 0x55, 0x55, 0x55, 0x55, 0x55, 0x55, 0x55, 
    0x55, 0x55, 0x55, 0x55, 0x55, 0x55, 0x55, 0x55, 0x55, 0x55, 0x55, 0x55, 0x55, 0x55, 0x55, 0x55, 

/* Hex 0xAB, Char '' */
    0x55, 0x55, 0x55, 0x55, 0x55, 0x55, 0x55, 0x55, 0x55, 0x55, 0x55, 0x55, 0x55, 0x55, 0x55, 0x55, 
    0x55, 0x55, 0x55, 0x55, 0x55, 0x55, 0x55, 0x55, 0x55, 0x55, 0x55, 0x55, 0x55, 0x55, 0x55, 0x55, 
    0x55, 0x55, 0x55, 0x55, 0x55, 0x55, 0x55, 0x55, 0x55, 0x55, 0x55, 0x55, 0x55, 0x55, 0x55, 0x55, 
    0x55, 0x55, 0x55, 0x55, 0x55, 0x55, 0x55, 0x55, 0x55, 0x55, 0x55, 0x55, 0x55, 0x55, 0x55, 0x55, 

/* Hex 0xAC, Char '' */
    0x55, 0x55, 0x55, 0x55, 0x55, 0x55, 0x55, 0x55, 0x55, 0x55, 0x55, 0x55, 0x55, 0x55, 0x55, 0x55, 
    0x55, 0x55, 0x55, 0x55, 0x55, 0x55, 0x55, 0x55, 0x55, 0x55, 0x55, 0x55, 0x55, 0x55, 0x55, 0x55, 
    0x55, 0x55, 0x55, 0x55, 0x55, 0x55, 0x55, 0x55, 0x55, 0x55, 0x55, 0x55, 0x55, 0x55, 0x55, 0x55, 
    0x55, 0x55, 0x55, 0x55, 0x55, 0x55, 0x55, 0x55, 0x55, 0x55, 0x55, 0x55, 0x55, 0x55, 0x55, 0x55, 

/* Hex 0xAD, Char '' */
    0x55, 0x55, 0x55, 0x55, 0x55, 0x55, 0x55, 0x55, 0x55, 0x55, 0x55, 0x55, 0x55, 0x55, 0x55, 0x55, 
    0x55, 0x55, 0x55, 0x55, 0x55, 0x55, 0x55, 0x55, 0x55, 0x55, 0x55, 0x55, 0x55, 0x55, 0x55, 0x55, 
    0x55, 0x55, 0x55, 0x55, 0x55, 0x55, 0x55, 0x55, 0x55, 0x55, 0x55, 0x55, 0x55, 0x55, 0x55, 0x55, 
    0x55, 0x55, 0x55, 0x55, 0x55, 0x55, 0x55, 0x55, 0x55, 0x55, 0x55, 0x55, 0x55, 0x55, 0x55, 0x55, 

/* Hex 0xAE, Char '' */
    0x55, 0x55, 0x55, 0x55, 0x55, 0x55, 0x55, 0x55, 0x55, 0x55, 0x55, 0x55, 0x55, 0x55, 0x55, 0x55, 
    0x55, 0x55, 0x55, 0x55, 0x55, 0x55, 0x55, 0x55, 0x55, 0x55, 0x55, 0x55, 0x55, 0x55, 0x55, 0x55, 
    0x55, 0x55, 0x55, 0x55, 0x55, 0x55, 0x55, 0x55, 0x55, 0x55, 0x55, 0x55, 0x55, 0x55, 0x55, 0x55, 
    0x55, 0x55, 0x55, 0x55, 0x55, 0x55, 0x55, 0x55, 0x55, 0x55, 0x55, 0x55, 0x55, 0x55, 0x55, 0x55, 

/* Hex 0xAF, Char '' */
    0x55, 0x55, 0x55, 0x55, 0x55, 0x55, 0x55, 0x55, 0x55, 0x55, 0x55, 0x55, 0x55, 0x55, 0x55, 0x55, 
    0x55, 0x55, 0x55, 0x55, 0x55, 0x55, 0x55, 0x55, 0x55, 0x55, 0x55, 0x55, 0x55, 0x55, 0x55, 0x55, 
    0x55, 0x55, 0x55, 0x55, 0x55, 0x55, 0x55, 0x55, 0x55, 0x55, 0x55, 0x55, 0x55, 0x55, 0x55, 0x55, 
    0x55, 0x55, 0x55, 0x55, 0x55, 0x55, 0x55, 0x55, 0x55, 0x55, 0x55, 0x55, 0x55, 0x55, 0x55, 0x55, 

/* Hex 0xB0, Char '' */
    0x55, 0x55, 0x55, 0x55, 0x55, 0x55, 0x55, 0x55, 0x55, 0x55, 0x55, 0x55, 0x55, 0x55, 0x55, 0x55, 
    0x55, 0x55, 0x55, 0x55, 0x55, 0x55, 0x55, 0x55, 0x55, 0x55, 0x55, 0x55, 0x55, 0x55, 0x55, 0x55, 
    0x55, 0x55, 0x55, 0x55, 0x55, 0x55, 0x55, 0x55, 0x55, 0x55, 0x55, 0x55, 0x55, 0x55, 0x55, 0x55, 
    0x55, 0x55, 0x55, 0x55, 0x55, 0x55, 0x55, 0x55, 0x55, 0x55, 0x55, 0x55, 0x55, 0x55, 0x55, 0x55, 

/* Hex 0xB1, Char '' */
    0x55, 0x55, 0x55, 0x55, 0x55, 0x55, 0x55, 0x55, 0x55, 0x55, 0x55, 0x55, 0x55, 0x55, 0x55, 0x55, 
    0x55, 0x55, 0x55, 0x55, 0x55, 0x55, 0x55, 0x55, 0x55, 0x55, 0x55, 0x55, 0x55, 0x55, 0x55, 0x55, 
    0x55, 0x55, 0x55, 0x55, 0x55, 0x55, 0x55, 0x55, 0x55, 0x55, 0x55, 0x55, 0x55, 0x55, 0x55, 0x55, 
    0x55, 0x55, 0x55, 0x55, 0x55, 0x55, 0x55, 0x55, 0x55, 0x55, 0x55, 0x55, 0x55, 0x55, 0x55, 0x55, 

/* Hex 0xB2, Char '' */
    0x55, 0x55, 0x55, 0x55, 0x55, 0x55, 0x55, 0x55, 0x55, 0x55, 0x55, 0x55, 0x55, 0x55, 0x55, 0x55, 
    0x55, 0x55, 0x55, 0x55, 0x55, 0x55, 0x55, 0x55, 0x55, 0x55, 0x55, 0x55, 0x55, 0x55, 0x55, 0x55, 
    0x55, 0x55, 0x55, 0x55, 0x55, 0x55, 0x55, 0x55, 0x55, 0x55, 0x55, 0x55, 0x55, 0x55, 0x55, 0x55, 
    0x55, 0x55, 0x55, 0x55, 0x55, 0x55, 0x55, 0x55, 0x55, 0x55, 0x55, 0x55, 0x55, 0x55, 0x55, 0x55, 

/* Hex 0xB3, Char '' */
    0x55, 0x55, 0x55, 0x55, 0x55, 0x55, 0x55, 0x55, 0x55, 0x55, 0x55, 0x55, 0x55, 0x55, 0x55, 0x55, 
    0x55, 0x55, 0x55, 0x55, 0x55, 0x55, 0x55, 0x55, 0x55, 0x55, 0x55, 0x55, 0x55, 0x55, 0x55, 0x55, 
    0x55, 0x55, 0x55, 0x55, 0x55, 0x55, 0x55, 0x55, 0x55, 0x55, 0x55, 0x55, 0x55, 0x55, 0x55, 0x55, 
    0x55, 0x55, 0x55, 0x55, 0x55, 0x55, 0x55, 0x55, 0x55, 0x55, 0x55, 0x55, 0x55, 0x55, 0x55, 0x55, 

/* Hex 0xB4, Char '' */
    0x55, 0x55, 0x55, 0x55, 0x55, 0x55, 0x55, 0x55, 0x55, 0x55, 0x55, 0x55, 0x55, 0x55, 0x55, 0x55, 
    0x55, 0x55, 0x55, 0x55, 0x55, 0x55, 0x55, 0x55, 0x55, 0x55, 0x55, 0x55, 0x55, 0x55, 0x55, 0x55, 
    0x55, 0x55, 0x55, 0x55, 0x55, 0x55, 0x55, 0x55, 0x55, 0x55, 0x55, 0x55, 0x55, 0x55, 0x55, 0x55, 
    0x55, 0x55, 0x55, 0x55, 0x55, 0x55, 0x55, 0x55, 0x55, 0x55, 0x55, 0x55, 0x55, 0x55, 0x55, 0x55, 

/* Hex 0xB5, Char '' */
    0x55, 0x55, 0x55, 0x55, 0x55, 0x55, 0x55, 0x55, 0x55, 0x55, 0x55, 0x55, 0x55, 0x55, 0x55, 0x55, 
    0x55, 0x55, 0x55, 0x55, 0x55, 0x55, 0x55, 0x55, 0x55, 0x55, 0x55, 0x55, 0x55, 0x55, 0x55, 0x55, 
    0x55, 0x55, 0x55, 0x55, 0x55, 0x55, 0x55, 0x55, 0x55, 0x55, 0x55, 0x55, 0x55, 0x55, 0x55, 0x55, 
    0x55, 0x55, 0x55, 0x55, 0x55, 0x55, 0x55, 0x55, 0x55, 0x55, 0x55, 0x55, 0x55, 0x55, 0x55, 0x55, 

/* Hex 0xB6, Char '' */
    0x55, 0x55, 0x55, 0x55, 0x55, 0x55, 0x55, 0x55, 0x55, 0x55, 0x55, 0x55, 0x55, 0x55, 0x55, 0x55, 
    0x55, 0x55, 0x55, 0x55, 0x55, 0x55, 0x55, 0x55, 0x55, 0x55, 0x55, 0x55, 0x55, 0x55, 0x55, 0x55, 
    0x55, 0x55, 0x55, 0x55, 0x55, 0x55, 0x55, 0x55, 0x55, 0x55, 0x55, 0x55, 0x55, 0x55, 0x55, 0x55, 
    0x55, 0x55, 0x55, 0x55, 0x55, 0x55, 0x55, 0x55, 0x55, 0x55, 0x55, 0x55, 0x55, 0x55, 0x55, 0x55, 

/* Hex 0xB7, Char '' */
    0x55, 0x55, 0x55, 0x55, 0x55, 0x55, 0x55, 0x55, 0x55, 0x55, 0x55, 0x55, 0x55, 0x55, 0x55, 0x55, 
    0x55, 0x55, 0x55, 0x55, 0x55, 0x55, 0x55, 0x55, 0x55, 0x55, 0x55, 0x55, 0x55, 0x55, 0x55, 0x55, 
    0x55, 0x55, 0x55, 0x55, 0x55, 0x55, 0x55, 0x55, 0x55, 0x55, 0x55, 0x55, 0x55, 0x55, 0x55, 0x55, 
    0x55, 0x55, 0x55, 0x55, 0x55, 0x55, 0x55, 0x55, 0x55, 0x55, 0x55, 0x55, 0x55, 0x55, 0x55, 0x55, 

/* Hex 0xB8, Char '' */
    0x45, 0x05, 0x54, 0x40, 0x05, 0x55, 0x50, 0x05, 0x55, 0x50, 0x01, 0x55, 0x54, 0x55, 0x55, 0x54, 
    0x15, 0x55, 0x55, 0x15, 0x55, 0x55, 0x05, 0x55, 0x55, 0x41, 0x55, 0x55, 0x51, 0x55, 0x55, 0x50, 
    0x55, 0x55, 0x54, 0x55, 0x55, 0x54, 0x15, 0x55, 0x55, 0x05, 0x55, 0x55, 0x45, 0x55, 0x55, 0x50, 
    0x55, 0x55, 0x54, 0x55, 0x55, 0x55, 0x55, 0x55, 0x55, 0x55, 0x55, 0x55, 0x55, 0x55, 0x55, 0x55, 

/* Hex 0xB9, Char '' */
    0x01, 0x55, 0x55, 0x40, 0x15, 0x55, 0x54, 0x01, 0x55, 0x55, 0x40, 0x15, 0x55, 0x50, 0x05, 0x55, 
    0x55, 0x00, 0x55, 0x55, 0x50, 0x55, 0x55, 0x55, 0x55, 0x55, 0x55, 0x55, 0x45, 0x55, 0x55, 0x54, 
    0x15, 0x55, 0x55, 0x41, 0x55, 0x55, 0x54, 0x55, 0x55, 0x55, 0x55, 0x55, 0x55, 0x55, 0x55, 0x55, 
    0x15, 0x55, 0x55, 0x01, 0x55, 0x55, 0x55, 0x55, 0x55, 0x55, 0x55, 0x55, 0x55, 0x55, 0x55, 0x55, 

/* Hex 0xBA, Char '' */
    0x55, 0x55, 0x55, 0x55, 0x55, 0x55, 0x55, 0x55, 0x55, 0x55, 0x55, 0x55, 0x55, 0x55, 0x55, 0x55, 
    0x55, 0x55, 0x05, 0x55, 0x55, 0x00, 0x55, 0x55, 0x50, 0x15, 0x55, 0x54, 0x01, 0x55, 0x55, 0x40, 
    0x15, 0x55, 0x54, 0x01, 0x15, 0x55, 0x40, 0x00, 0x55, 0x54, 0x50, 0x05, 0x54, 0x55, 0x00, 0x54, 
    0x55, 0x50, 0x0A, 0x55, 0x52, 0x2A, 0x55, 0x55, 0x55, 0x55, 0x55, 0x55, 0x55, 0x55, 0x55, 0x55, 

/* Hex 0xBB, Char '' */
    0x55, 0x55, 0x55, 0x55, 0x55, 0x55, 0x55, 0x55, 0x55, 0x55, 0x55, 0x55, 0x55, 0x55, 0x55, 0x55, 
    0x45, 0x55, 0x55, 0x54, 0x55, 0x55, 0x55, 0x05, 0x55, 0x55, 0x50, 0x55, 0x55, 0x50, 0x55, 0x55, 
    0x00, 0x55, 0x54, 0x00, 0x15, 0x54, 0x00, 0x05, 0x54, 0x00, 0xAA, 0x54, 0x00, 0x2A, 0x00, 0x00, 
    0xAA, 0x80, 0x00, 0xA0, 0x00, 0x00, 0x55, 0x55, 0x55, 0x55, 0x55, 0x55, 0x55, 0x55, 0x55, 0x55, 

/* Hex 0xBC, Char '' */
    0x55, 0x55, 0x55, 0x55, 0x55, 0x55, 0x55, 0x55, 0x55, 0x55, 0x55, 0x55, 0x55, 0x55, 0x55, 0x55, 
    0x55, 0x55, 0x55, 0x55, 0x55, 0x55, 0x55, 0x55, 0x55, 0x55, 0x55, 0x05, 0x55, 0x55, 0x01, 0x55, 
    0x55, 0x00, 0x15, 0x55, 0x00, 0x05, 0x55, 0x00, 0x01, 0x55, 0x01, 0x40, 0x55, 0x05, 0x54, 0x15, 
    0x05, 0x55, 0x05, 0x01, 0x55, 0x41, 0x55, 0x55, 0x55, 0x55, 0x55, 0x55, 0x55, 0x55, 0x55, 0x55, 

/* Hex 0xBD, Char '' */
    0x55, 0x55, 0x55, 0x55, 0x55, 0x55, 0x55, 0x55, 0x55, 0x55, 0x55, 0x55, 0x55, 0x55, 0x55, 0x55, 
    0x55, 0x55, 0x55, 0x55, 0x55, 0x55, 0x55, 0x55, 0x55, 0x55, 0x55, 0x55, 0x55, 0x55, 0x55, 0x55, 
    0x55, 0x55, 0x55, 0x55, 0x55, 0x55, 0x55, 0x55, 0x55, 0x55, 0x55, 0x55, 0x55, 0x55, 0x55, 0x55, 
    0x55, 0x55, 0x55, 0x55, 0x55, 0x55, 0x55, 0x55, 0x55, 0x55, 0x55, 0x55, 0x55, 0x55, 0x55, 0x55, 

/* Hex 0xBE, Char '' */
    0x55, 0x55, 0x55, 0x55, 0x55, 0x55, 0x55, 0x55, 0x55, 0x55, 0x55, 0x55, 0x55, 0x55, 0x55, 0x55, 
    0x55, 0x55, 0x55, 0x55, 0x55, 0x55, 0x55, 0x55, 0x55, 0x55, 0x55, 0x55, 0x55, 0x55, 0x55, 0x55, 
    0x55, 0x55, 0x55, 0x55, 0x55, 0x55, 0x55, 0x55, 0x55, 0x55, 0x55, 0x55, 0x55, 0x55, 0x55, 0x55, 
    0x55, 0x55, 0x55, 0x55, 0x55, 0x55, 0x55, 0x55, 0x55, 0x55, 0x55, 0x55, 0x55, 0x55, 0x55, 0x55, 

/* Hex 0xBF, Char '' */
    0x55, 0x55, 0x55, 0x55, 0x55, 0x55, 0x55, 0x55, 0x55, 0x55, 0x55, 0x55, 0x55, 0x55, 0x55, 0x55, 
    0x55, 0x55, 0x55, 0x55, 0x55, 0x55, 0x55, 0x55, 0x55, 0x55, 0x55, 0x55, 0x55, 0x55, 0x55, 0x55, 
    0x55, 0x55, 0x55, 0x55, 0x55, 0x55, 0x55, 0x55, 0x55, 0x55, 0x55, 0x55, 0x55, 0x55, 0x55, 0x55, 
    0x55, 0x55, 0x55, 0xA5, 0x55, 0x55, 0x55, 0x55, 0x55, 0x55, 0x55, 0x55, 0x55, 0x55, 0x55, 0x55, 

/* Hex 0xC0, Char '' */
    0x55, 0x55, 0x55, 0x55, 0x55, 0x55, 0x55, 0x55, 0x55, 0x55, 0x55, 0x55, 0x55, 0x55, 0x55, 0x55, 
    0x55, 0x55, 0x55, 0x55, 0x55, 0x55, 0x55, 0x55, 0x55, 0x55, 0x55, 0x55, 0x55, 0x55, 0x55, 0x55, 
    0x55, 0x55, 0x55, 0x55, 0x55, 0x55, 0x55, 0x55, 0x55, 0x55, 0x55, 0x55, 0x55, 0x55, 0x55, 0x55, 
    0x55, 0x55, 0x55, 0x55, 0x55, 0x55, 0x55, 0x55, 0x55, 0x55, 0x55, 0x55, 0x55, 0x55, 0x55, 0x55, 

/* Hex 0xC1, Char '' */
    0x55, 0x55, 0x55, 0x55, 0x55, 0x55, 0x55, 0x55, 0x55, 0x55, 0x55, 0x55, 0x55, 0x55, 0x55, 0x55, 
    0x55, 0x55, 0x55, 0x55, 0x55, 0x55, 0x55, 0x55, 0x55, 0x55, 0x55, 0x55, 0x55, 0x55, 0x55, 0x55, 
    0x55, 0x55, 0x55, 0x55, 0x55, 0x55, 0x55, 0x55, 0x55, 0x55, 0x55, 0x55, 0x55, 0x55, 0x55, 0x55, 
    0x55, 0x55, 0x55, 0x95, 0x55, 0x55, 0x55, 0x55, 0x55, 0x55, 0x55, 0x55, 0x55, 0x55, 0x55, 0x55, 

/* Hex 0xC2, Char '' */
    0x55, 0x55, 0x55, 0x55, 0x55, 0x55, 0x55, 0x55, 0x55, 0x55, 0x55, 0x55, 0x55, 0x55, 0x55, 0x55, 
    0x55, 0x55, 0x55, 0x55, 0x55, 0x55, 0x55, 0x55, 0x55, 0x55, 0x55, 0x55, 0x55, 0x55, 0x55, 0x55, 
    0x55, 0x55, 0x55, 0x55, 0x55, 0x55, 0x55, 0x55, 0x55, 0x55, 0x55, 0x55, 0x55, 0x55, 0x55, 0x55, 
    0x55, 0x55, 0x55, 0x55, 0x95, 0x65, 0x55, 0x55, 0x55, 0x55, 0x55, 0x55, 0x55, 0x55, 0x55, 0x55, 

/* Hex 0xC3, Char '' */
    0x55, 0x55, 0x55, 0x55, 0x55, 0x55, 0x55, 0x55, 0x55, 0x55, 0x55, 0x55, 0x55, 0x55, 0x55, 0x55, 
    0x55, 0x55, 0x55, 0x55, 0x55, 0x55, 0x55, 0x55, 0x55, 0x55, 0x55, 0x55, 0x55, 0x55, 0x55, 0x55, 
    0x55, 0x55, 0x55, 0x55, 0x55, 0x55, 0x55, 0x55, 0x55, 0x55, 0x55, 0x55, 0x55, 0x55, 0x55, 0x55, 
    0x55, 0x55, 0x55, 0x55, 0x55, 0x55, 0x55, 0x55, 0x55, 0x55, 0x55, 0x55, 0x55, 0x55, 0x55, 0x55, 

/* Hex 0xC4, Char '' */
    0x55, 0x55, 0x55, 0x55, 0x55, 0x55, 0x55, 0x55, 0x55, 0x55, 0x55, 0x55, 0x55, 0x55, 0x55, 0x55, 
    0x55, 0x55, 0x55, 0x55, 0x55, 0x55, 0x55, 0x55, 0x55, 0x55, 0x55, 0x55, 0x55, 0x55, 0x55, 0x55, 
    0x55, 0x55, 0x55, 0x55, 0x55, 0x55, 0x55, 0x55, 0x55, 0x55, 0x55, 0x55, 0x55, 0x55, 0x55, 0x55, 
    0x55, 0x55, 0x55, 0x59, 0x55, 0x5A, 0x55, 0x55, 0x55, 0x55, 0x55, 0x55, 0x55, 0x55, 0x55, 0x55, 

/* Hex 0xC5, Char '' */
    0x55, 0x55, 0x55, 0x55, 0x55, 0x55, 0x55, 0x55, 0x55, 0x55, 0x55, 0x55, 0x55, 0x55, 0x55, 0x55, 
    0x55, 0x55, 0x55, 0x55, 0x55, 0x55, 0x55, 0x55, 0x55, 0x55, 0x55, 0x55, 0x55, 0x55, 0x55, 0x55, 
    0x55, 0x55, 0x55, 0x55, 0x55, 0x55, 0x55, 0x55, 0x55, 0x55, 0x55, 0x55, 0x55, 0x55, 0x55, 0x55, 
    0x55, 0x55, 0x55, 0x56, 0x55, 0x55, 0x55, 0x55, 0x55, 0x55, 0x55, 0x55, 0x55, 0x55, 0x55, 0x55, 

/* Hex 0xC6, Char '' */
    0x55, 0x55, 0x55, 0x55, 0x55, 0x55, 0x55, 0x55, 0x55, 0x55, 0x55, 0x55, 0x55, 0x55, 0x55, 0x55, 
    0x55, 0x55, 0x55, 0x55, 0x55, 0x55, 0x55, 0x55, 0x55, 0x55, 0x55, 0x55, 0x55, 0x55, 0x55, 0x55, 
    0x55, 0x55, 0x55, 0x55, 0x55, 0x55, 0x55, 0x55, 0x55, 0x55, 0x55, 0x55, 0x55, 0x55, 0x55, 0x55, 
    0x55, 0x55, 0x55, 0x54, 0x15, 0x55, 0x55, 0x55, 0x55, 0x55, 0x55, 0x55, 0x55, 0x55, 0x55, 0x55, 

/* Hex 0xC7, Char '' */
    0x55, 0x55, 0x55, 0x55, 0x55, 0x55, 0x55, 0x55, 0x55, 0x55, 0x55, 0x55, 0x55, 0x55, 0x55, 0x55, 
    0x55, 0x55, 0x55, 0x55, 0x55, 0x55, 0x55, 0x55, 0x55, 0x55, 0x55, 0x55, 0x55, 0x55, 0x55, 0x55, 
    0x55, 0x55, 0x55, 0x55, 0x55, 0x55, 0x55, 0x55, 0x55, 0x55, 0x55, 0x55, 0x55, 0x55, 0x55, 0x55, 
    0x55, 0x55, 0x55, 0x55, 0x51, 0x54, 0x55, 0x55, 0x55, 0x55, 0x55, 0x55, 0x55, 0x55, 0x55, 0x55, 

/* Hex 0xC8, Char '' */
    0x55, 0x55, 0x55, 0x55, 0x55, 0x55, 0x55, 0x55, 0x55, 0x55, 0x55, 0x55, 0x55, 0x55, 0x55, 0x55, 
    0x55, 0x55, 0x55, 0x55, 0x55, 0x55, 0x55, 0x55, 0x55, 0x55, 0x55, 0x55, 0x55, 0x55, 0x55, 0x55, 
    0x55, 0x55, 0x55, 0x55, 0x55, 0x55, 0x55, 0x55, 0x55, 0x55, 0x55, 0x55, 0x55, 0x55, 0x55, 0x55, 
    0x55, 0x55, 0x55, 0x15, 0x15, 0x55, 0x55, 0x55, 0x55, 0x55, 0x55, 0x55, 0x55, 0x55, 0x55, 0x55, 

/* Hex 0xC9, Char '' */
    0x55, 0x55, 0x55, 0x55, 0x55, 0x55, 0x55, 0x55, 0x55, 0x55, 0x55, 0x55, 0x55, 0x55, 0x55, 0x55, 
    0x55, 0x55, 0x55, 0x55, 0x55, 0x55, 0x55, 0x55, 0x55, 0x55, 0x55, 0x55, 0x55, 0x55, 0x55, 0x55, 
    0x55, 0x55, 0x55, 0x55, 0x55, 0x55, 0x55, 0x55, 0x55, 0x55, 0x55, 0x55, 0x55, 0x55, 0x55, 0x55, 
    0x55, 0x55, 0x55, 0x55, 0x50, 0x54, 0x55, 0x55, 0x55, 0x55, 0x55, 0x55, 0x55, 0x55, 0x55, 0x55, 

/* Hex 0xCA, Char '' */
    0x55, 0x55, 0x55, 0x55, 0x55, 0x55, 0x55, 0x55, 0x55, 0x55, 0x55, 0x55, 0x55, 0x55, 0x55, 0x55, 
    0x55, 0x55, 0x55, 0x55, 0x55, 0x55, 0x55, 0x55, 0x55, 0x55, 0x55, 0x55, 0x55, 0x55, 0x55, 0x55, 
    0x55, 0x55, 0x55, 0x55, 0x55, 0x55, 0x55, 0x55, 0x55, 0x55, 0x55, 0x55, 0x55, 0x55, 0x55, 0x55, 
    0x55, 0x55, 0x55, 0x55, 0x55, 0x54, 0x55, 0x55, 0x55, 0x55, 0x55, 0x55, 0x55, 0x55, 0x55, 0x55, 

/* Hex 0xCB, Char '' */
    0x55, 0x55, 0x55, 0x55, 0x55, 0x55, 0x55, 0x55, 0x55, 0x55, 0x55, 0x55, 0x55, 0x55, 0x55, 0x55, 
    0x55, 0x55, 0x55, 0x55, 0x55, 0x55, 0x55, 0x55, 0x55, 0x55, 0x55, 0x55, 0x55, 0x55, 0x55, 0x55, 
    0x55, 0x55, 0x55, 0x55, 0x55, 0x55, 0x55, 0x55, 0x55, 0x55, 0x55, 0x55, 0x55, 0x55, 0x55, 0x55, 
    0x55, 0x55, 0x55, 0x00, 0x01, 0x55, 0x55, 0x55, 0x55, 0x55, 0x55, 0x55, 0x55, 0x55, 0x55, 0x55, 

/* Hex 0xCC, Char '' */
    0x55, 0x55, 0x55, 0x55, 0x55, 0x55, 0x55, 0x55, 0x55, 0x55, 0x55, 0x55, 0x55, 0x55, 0x55, 0x55, 
    0x55, 0x55, 0x55, 0x55, 0x55, 0x55, 0x55, 0x55, 0x55, 0x55, 0x55, 0x55, 0x55, 0x55, 0x55, 0x55, 
    0x55, 0x55, 0x55, 0x55, 0x55, 0x55, 0x55, 0x55, 0x55, 0x55, 0x55, 0x55, 0x55, 0x55, 0x55, 0x55, 
    0x55, 0x55, 0x55, 0x55, 0x51, 0x51, 0x55, 0x55, 0x55, 0x55, 0x55, 0x55, 0x55, 0x55, 0x55, 0x55, 

/* Hex 0xCD, Char '' */
    0x55, 0x55, 0x55, 0x55, 0x55, 0x55, 0x55, 0x55, 0x55, 0x55, 0x55, 0x55, 0x55, 0x55, 0x55, 0x55, 
    0x55, 0x55, 0x55, 0x55, 0x55, 0x55, 0x55, 0x55, 0x55, 0x55, 0x55, 0x55, 0x55, 0x55, 0x55, 0x55, 
    0x55, 0x55, 0x55, 0x55, 0x55, 0x55, 0x55, 0x55, 0x55, 0x55, 0x55, 0x55, 0x55, 0x55, 0x55, 0x55, 
    0x55, 0x55, 0x55, 0x55, 0x54, 0x14, 0x55, 0x55, 0x55, 0x55, 0x55, 0x55, 0x55, 0x55, 0x55, 0x55, 

/* Hex 0xCE, Char '' */
    0x55, 0x55, 0x55, 0x55, 0x55, 0x55, 0x55, 0x55, 0x55, 0x55, 0x55, 0x55, 0x55, 0x55, 0x55, 0x55, 
    0x55, 0x55, 0x55, 0x55, 0x55, 0x55, 0x55, 0x55, 0x55, 0x55, 0x55, 0x55, 0x55, 0x55, 0x55, 0x55, 
    0x55, 0x55, 0x55, 0x55, 0x55, 0x55, 0x55, 0x55, 0x55, 0x55, 0x55, 0x55, 0x55, 0x55, 0x55, 0x55, 
    0x55, 0x55, 0x55, 0x15, 0x45, 0x55, 0x55, 0x55, 0x55, 0x55, 0x55, 0x55, 0x55, 0x55, 0x55, 0x55, 

/* Hex 0xCF, Char '' */
    0x55, 0x55, 0x55, 0x55, 0x55, 0x55, 0x55, 0x55, 0x55, 0x55, 0x55, 0x55, 0x55, 0x55, 0x55, 0x55, 
    0x55, 0x55, 0x55, 0x55, 0x55, 0x55, 0x55, 0x55, 0x55, 0x55, 0x55, 0x55, 0x55, 0x55, 0x55, 0x55, 
    0x55, 0x55, 0x55, 0x55, 0x55, 0x55, 0x55, 0x55, 0x55, 0x55, 0x55, 0x55, 0x55, 0x55, 0x55, 0x55, 
    0x55, 0x55, 0x55, 0x55, 0x55, 0x51, 0x55, 0x55, 0x55, 0x55, 0x55, 0x55, 0x55, 0x55, 0x55, 0x55, 

/* Hex 0xD0, Char '' */
    0x55, 0x55, 0x55, 0x55, 0x55, 0x55, 0x55, 0x55, 0x55, 0x55, 0x55, 0x55, 0x55, 0x55, 0x55, 0x55, 
    0x55, 0x55, 0x55, 0x55, 0x55, 0x55, 0x55, 0x55, 0x55, 0x55, 0x55, 0x55, 0x55, 0x55, 0x55, 0x55, 
    0x55, 0x55, 0x55, 0x55, 0x55, 0x55, 0x55, 0x55, 0x55, 0x55, 0x55, 0x55, 0x55, 0x55, 0x55, 0x55, 
    0x55, 0x55, 0x55, 0x55, 0x55, 0x55, 0x55, 0x55, 0x55, 0x55, 0x55, 0x55, 0x55, 0x55, 0x55, 0x55, 

/* Hex 0xD1, Char '' */
    0x50, 0x00, 0x55, 0x55, 0x40, 0x00, 0x55, 0x55, 0x55, 0x55, 0x55, 0x55, 0x55, 0x55, 0x55, 0x55, 
    0x55, 0x55, 0x55, 0x55, 0x55, 0x55, 0x55, 0x55, 0x55, 0x55, 0x55, 0x55, 0x55, 0x55, 0x55, 0x55, 
    0x55, 0x55, 0x55, 0x55, 0x55, 0x55, 0x55, 0x55, 0x55, 0x55, 0x55, 0x55, 0x55, 0x55, 0x55, 0x55, 
    0x55, 0x55, 0x55, 0x55, 0x55, 0x55, 0x55, 0x55, 0x55, 0x55, 0x55, 0x55, 0x55, 0x55, 0x55, 0x55, 

/* Hex 0xD2, Char '' */
    0x40, 0x00, 0xAA, 0x00, 0x06, 0xAA, 0x55, 0x55, 0xAA, 0x55, 0x55, 0xAA, 0x55, 0x55, 0xAA, 0x55, 
    0x55, 0xAA, 0x55, 0x55, 0xAA, 0x55, 0x55, 0x6A, 0x55, 0x55, 0x6A, 0x55, 0x55, 0x40, 0x55, 0x54, 
    0x00, 0x55, 0x50, 0x00, 0x55, 0x40, 0x00, 0x55, 0x40, 0x00, 0x55, 0x20, 0x00, 0x55, 0xAA, 0x20, 
    0x55, 0xAA, 0xAA, 0x55, 0xAA, 0xAA, 0x55, 0x55, 0x55, 0x55, 0x55, 0x55, 0x55, 0x55, 0x55, 0x55, 

/* Hex 0xD3, Char '' */
    0xA0, 0x00, 0x00, 0x80, 0x00, 0x00, 0x80, 0x00, 0x05, 0x80, 0x00, 0x05, 0x80, 0x00, 0x15, 0x80, 
    0x00, 0x15, 0xA0, 0x01, 0x55, 0x80, 0x05, 0x55, 0x00, 0x55, 0x55, 0x00, 0x15, 0x55, 0x00, 0x05, 
    0x55, 0x00, 0x00, 0x55, 0x00, 0x00, 0x05, 0x00, 0x00, 0x01, 0x00, 0x00, 0x00, 0x00, 0x00, 0x00, 
    0x80, 0x00, 0x00, 0x00, 0x00, 0x00, 0x55, 0x55, 0x55, 0x55, 0x55, 0x55, 0x55, 0x55, 0x55, 0x55, 

/* Hex 0xD4, Char '' */
    0x00, 0x55, 0x51, 0x00, 0x05, 0x50, 0x00, 0x00, 0x10, 0x50, 0x00, 0x00, 0x55, 0x55, 0x50, 0x55, 
    0x55, 0x55, 0x55, 0x55, 0x55, 0x55, 0x55, 0x55, 0x55, 0x55, 0x55, 0x55, 0x55, 0x55, 0x55, 0x55, 
    0x55, 0x55, 0x55, 0x55, 0x55, 0x55, 0x55, 0x55, 0x55, 0x55, 0x15, 0x55, 0x55, 0x01, 0x55, 0x55, 
    0x00, 0x05, 0x00, 0x00, 0x00, 0x15, 0x55, 0x55, 0x55, 0x55, 0x55, 0x55, 0x55, 0x55, 0x55, 0x55, 

/* Hex 0xD5, Char '' */
    0x55, 0x55, 0x55, 0x55, 0x55, 0x55, 0x55, 0x55, 0x55, 0x15, 0x55, 0x55, 0x15, 0x55, 0x55, 0x55, 
    0x55, 0x55, 0x55, 0x55, 0x55, 0x55, 0x55, 0x55, 0x55, 0x55, 0x55, 0x55, 0x55, 0x55, 0x55, 0x55, 
    0x55, 0x55, 0x55, 0x55, 0x55, 0x55, 0x55, 0x55, 0x55, 0x55, 0x55, 0x15, 0x55, 0x50, 0x55, 0x55, 
    0x01, 0x55, 0x55, 0x05, 0x55, 0x55, 0x55, 0x55, 0x55, 0x55, 0x55, 0x55, 0x55, 0x55, 0x55, 0x55, 

/* Hex 0xD6, Char '' */
    0x55, 0x55, 0x55, 0x55, 0x55, 0x56, 0x55, 0x55, 0x56, 0x55, 0x55, 0x56, 0x55, 0x55, 0x5A, 0x55, 
    0x55, 0x5A, 0x55, 0x55, 0x5A, 0x55, 0x55, 0x6A, 0x55, 0x55, 0x6A, 0x55, 0x55, 0x6A, 0x55, 0x55, 
    0xAA, 0x55, 0x55, 0xAA, 0x55, 0x55, 0xAA, 0x55, 0x56, 0xAA, 0x55, 0x56, 0xAA, 0x55, 0x56, 0xAA, 
    0x55, 0x5A, 0xAA, 0x55, 0x5A, 0xAA, 0x55, 0x55, 0x55, 0x55, 0x55, 0x55, 0x55, 0x55, 0x55, 0x55, 

/* Hex 0xD7, Char '' */
    0xAA, 0xAA, 0xAA, 0xAA, 0xAA, 0xAA, 0xAA, 0xAA, 0xAA, 0xAA, 0xAA, 0xAA, 0xAA, 0x95, 0x5A, 0xAA, 
    0x95, 0x56, 0xAA, 0x55, 0x56, 0xAA, 0x55, 0x5A, 0xAA, 0xAA, 0xAA, 0xAA, 0xAA, 0xAA, 0xAA, 0xAA, 
    0xAA, 0xAA, 0xAA, 0xAA, 0xA5, 0x55, 0x6A, 0xA5, 0x55, 0x6A, 0x95, 0x55, 0x6A, 0x95, 0x55, 0xAA, 
    0x95, 0x5A, 0xAA, 0xAA, 0xAA, 0xAA, 0x55, 0x55, 0x55, 0x55, 0x55, 0x55, 0x55, 0x55, 0x55, 0x55, 

/* Hex 0xD8, Char '' */
    0xAA, 0x95, 0x56, 0xAA, 0x95, 0x56, 0xAA, 0xA5, 0x56, 0xAA, 0x95, 0x5A, 0xAA, 0x95, 0x5A, 0xAA, 
    0x95, 0x5A, 0xAA, 0x55, 0x6A, 0xA9, 0x55, 0x6A, 0xA5, 0x55, 0x6A, 0xA5, 0x55, 0xAA, 0xA5, 0x55, 
    0xAA, 0xA9, 0x55, 0xAA, 0xA9, 0x56, 0xAA, 0xA9, 0x56, 0xAA, 0xA9, 0x5A, 0xAA, 0xA9, 0x5A, 0xAA, 
    0xA5, 0x5A, 0xAA, 0xA5, 0x6A, 0xAA, 0x55, 0x55, 0x55, 0x55, 0x55, 0x55, 0x55, 0x55, 0x55, 0x55, 

/* Hex 0xD9, Char '' */
    0xAA, 0xAA, 0xAA, 0xAA, 0xAA, 0xAA, 0xAA, 0xAA, 0xAA, 0xAA, 0xAA, 0xAA, 0xAA, 0xAA, 0xAA, 0xAA, 
    0x55, 0x55, 0xA9, 0x55, 0x55, 0xA9, 0x55, 0x55, 0xAA, 0xAA, 0xAA, 0xAA, 0xAA, 0xAA, 0xAA, 0xAA, 
    0xAA, 0xAA, 0xAA, 0xAA, 0xAA, 0xAA, 0xAA, 0x95, 0x55, 0x55, 0x95, 0x55, 0x55, 0x95, 0x55, 0x55, 
    0xAA, 0xAA, 0xAA, 0xAA, 0xAA, 0xAA, 0x55, 0x55, 0x55, 0x55, 0x55, 0x55, 0x55, 0x55, 0x55, 0x55, 

/* Hex 0xDA, Char '' */
    0xAA, 0x95, 0xAA, 0xAA, 0x95, 0xAA, 0xAA, 0x96, 0xAA, 0xAA, 0x56, 0xAA, 0xAA, 0x56, 0xAA, 0x55, 
    0x55, 0x55, 0x55, 0x55, 0x55, 0x55, 0x55, 0x55, 0xA5, 0x55, 0x55, 0x95, 0x55, 0x56, 0x95, 0x55, 
    0x56, 0x55, 0x55, 0x56, 0x55, 0x55, 0x5A, 0x55, 0x55, 0x5A, 0x55, 0x55, 0x6A, 0x55, 0x55, 0x6A, 
    0x55, 0x55, 0x6A, 0x55, 0x55, 0xAA, 0x55, 0x55, 0x55, 0x55, 0x55, 0x55, 0x55, 0x55, 0x55, 0x55, 

/* Hex 0xDB, Char '' */
    0xAA, 0xAA, 0xAA, 0xAA, 0xAA, 0xAA, 0xAA, 0xAA, 0xAA, 0xAA, 0xAA, 0xAA, 0xAA, 0xAA, 0xAA, 0x6A, 
    0xA9, 0x55, 0xAA, 0xA9, 0x55, 0xAA, 0xA5, 0x55, 0xAA, 0xA5, 0x55, 0xAA, 0xA5, 0x55, 0xAA, 0x95, 
    0x55, 0xAA, 0x95, 0x55, 0xAA, 0x95, 0x55, 0xAA, 0x55, 0x55, 0xAA, 0x55, 0x56, 0xA9, 0x55, 0x56, 
    0xA9, 0x55, 0x5A, 0xA9, 0x55, 0x6A, 0x55, 0x55, 0x55, 0x55, 0x55, 0x55, 0x55, 0x55, 0x55, 0x55, 

/* Hex 0xDC, Char '' */
    0xA9, 0x55, 0x6A, 0xA9, 0x55, 0x6A, 0xA5, 0x55, 0xAA, 0xA5, 0x56, 0xAA, 0xA5, 0x5A, 0xAA, 0x55, 
    0x5A, 0xAA, 0x55, 0x6A, 0xAA, 0x55, 0xAA, 0xAA, 0x55, 0xAA, 0x96, 0x56, 0xAA, 0x96, 0x5A, 0xAA, 
    0x56, 0x5A, 0xA9, 0x56, 0x6A, 0xA9, 0x56, 0xAA, 0xA5, 0x56, 0xAA, 0xAA, 0xAA, 0xAA, 0xAA, 0xAA, 
    0xAA, 0xAA, 0xAA, 0xAA, 0xAA, 0xAA, 0x55, 0x55, 0x55, 0x55, 0x55, 0x55, 0x55, 0x55, 0x55, 0x55, 

/* Hex 0xDD, Char '' */
    0xAA, 0x95, 0x55, 0xAA, 0x95, 0x55, 0xAA, 0x95, 0x55, 0xAA, 0x95, 0x55, 0xAA, 0x95, 0x55, 0xAA, 
    0x95, 0x55, 0xAA, 0x95, 0x55, 0xAA, 0x95, 0x55, 0xAA, 0x95, 0x55, 0xAA, 0x95, 0x54, 0xAA, 0x95, 
    0x54, 0xAA, 0x95, 0x54, 0xAA, 0x95, 0x50, 0xAA, 0x95, 0x50, 0xAA, 0x95, 0x50, 0xAA, 0x95, 0x40, 
    0xAA, 0x95, 0x40, 0xAA, 0x95, 0x40, 0x55, 0x55, 0x55, 0x55, 0x55, 0x55, 0x55, 0x55, 0x55, 0x55, 

/* Hex 0xDE, Char '' */
    0x54, 0x00, 0x00, 0x50, 0x00, 0x00, 0x50, 0x00, 0x00, 0x50, 0x00, 0x00, 0x40, 0x00, 0x00, 0x40, 
    0x01, 0x55, 0x40, 0x01, 0x55, 0x00, 0x01, 0x55, 0x00, 0x00, 0x00, 0x00, 0x00, 0x00, 0x00, 0x00, 
    0x00, 0x00, 0x00, 0x00, 0x00, 0x00, 0x00, 0x00, 0x15, 0x55, 0x00, 0x55, 0x55, 0x00, 0x55, 0x55, 
    0x01, 0x55, 0x55, 0x01, 0x55, 0x55, 0x55, 0x55, 0x55, 0x55, 0x55, 0x55, 0x55, 0x55, 0x55, 0x55, 

/* Hex 0xDF, Char '' */
    0x00, 0x01, 0x54, 0x00, 0x01, 0x50, 0x00, 0x01, 0x50, 0x00, 0x05, 0x40, 0x00, 0x05, 0x40, 0x55, 
    0x55, 0x40, 0x55, 0x55, 0x00, 0x55, 0x55, 0x00, 0x01, 0x55, 0x00, 0x01, 0x54, 0x00, 0x05, 0x54, 
    0x00, 0x05, 0x54, 0x00, 0x05, 0x50, 0x00, 0x55, 0x50, 0x00, 0x55, 0x50, 0x00, 0x55, 0x40, 0x00, 
    0x55, 0x40, 0x00, 0x55, 0x40, 0x00, 0x55, 0x55, 0x55, 0x55, 0x55, 0x55, 0x55, 0x55, 0x55, 0x55, 

/* Hex 0xE0, Char '' */
    0x00, 0x15, 0x55, 0x00, 0x15, 0x55, 0x00, 0x55, 0x55, 0x00, 0x55, 0x55, 0x00, 0x55, 0x55, 0x01, 
    0x55, 0x55, 0x01, 0x55, 0x55, 0x05, 0x55, 0x55, 0x05, 0x55, 0x55, 0x05, 0x55, 0x55, 0x15, 0x55, 
    0x55, 0x15, 0x55, 0x55, 0x15, 0x55, 0x55, 0x55, 0x55, 0x55, 0x55, 0x55, 0x55, 0x55, 0x55, 0x55, 
    0x00, 0x00, 0x15, 0x00, 0x00, 0x15, 0x55, 0x55, 0x55, 0x55, 0x55, 0x55, 0x55, 0x55, 0x55, 0x55, 

/* Hex 0xE1, Char '' */
    0x55, 0x50, 0x00, 0x55, 0x40, 0x00, 0x55, 0x40, 0x01, 0x55, 0x40, 0x01, 0x55, 0x00, 0x01, 0x55, 
    0x00, 0x05, 0x54, 0x00, 0x05, 0x54, 0x00, 0x05, 0x54, 0x00, 0x15, 0x50, 0x00, 0x15, 0x50, 0x00, 
    0x55, 0x50, 0x00, 0x55, 0x40, 0x00, 0x54, 0x40, 0x01, 0x54, 0x40, 0x01, 0x54, 0x00, 0x01, 0x54, 
    0x00, 0x05, 0x54, 0x00, 0x05, 0x54, 0x55, 0x55, 0x55, 0x55, 0x55, 0x55, 0x55, 0x55, 0x55, 0x55, 

/* Hex 0xE2, Char '' */
    0x55, 0x55, 0x40, 0x55, 0x54, 0x00, 0x55, 0x40, 0x00, 0x55, 0x00, 0x00, 0x54, 0x00, 0x01, 0x54, 
    0x00, 0x05, 0x50, 0x00, 0x15, 0x40, 0x00, 0x55, 0x40, 0x00, 0x55, 0x40, 0x01, 0x55, 0x00, 0x01, 
    0x55, 0x00, 0x05, 0x55, 0x00, 0x05, 0x55, 0x00, 0x05, 0x55, 0x00, 0x05, 0x55, 0x00, 0x01, 0x55, 
    0x00, 0x00, 0x55, 0x00, 0x00, 0x00, 0x55, 0x55, 0x55, 0x55, 0x55, 0x55, 0x55, 0x55, 0x55, 0x55, 

/* Hex 0xE3, Char '' */
    0x00, 0x00, 0x15, 0x00, 0x00, 0x15, 0x00, 0x00, 0x05, 0x00, 0x00, 0x05, 0x54, 0x00, 0x05, 0x55, 
    0x00, 0x05, 0x55, 0x00, 0x05, 0x55, 0x55, 0x55, 0x55, 0x55, 0x55, 0x55, 0x55, 0x55, 0x40, 0x00, 
    0x05, 0x00, 0x00, 0x15, 0x00, 0x00, 0x15, 0x00, 0x00, 0x15, 0x50, 0x00, 0x55, 0x40, 0x00, 0x55, 
    0x00, 0x01, 0x54, 0x00, 0x01, 0x54, 0x55, 0x55, 0x55, 0x55, 0x55, 0x55, 0x55, 0x55, 0x55, 0x55, 

/* Hex 0xE4, Char '' */
    0x55, 0x40, 0x00, 0x55, 0x40, 0x01, 0x55, 0x00, 0x01, 0x55, 0x00, 0x05, 0x55, 0x00, 0x05, 0x54, 
    0x00, 0x05, 0x54, 0x00, 0x15, 0x54, 0x00, 0x00, 0x50, 0x00, 0x00, 0x50, 0x00, 0x00, 0x50, 0x00, 
    0x00, 0x40, 0x00, 0x00, 0x40, 0x00, 0x00, 0x40, 0x01, 0x55, 0x00, 0x01, 0x55, 0x00, 0x05, 0x55, 
    0x00, 0x05, 0x55, 0x00, 0x05, 0x55, 0x55, 0x55, 0x55, 0x55, 0x55, 0x55, 0x55, 0x55, 0x55, 0x55, 

/* Hex 0xE5, Char '' */
    0x55, 0x54, 0x00, 0x55, 0x50, 0x00, 0x55, 0x50, 0x00, 0x55, 0x50, 0x00, 0x55, 0x40, 0x00, 0x55, 
    0x40, 0x01, 0x55, 0x40, 0x01, 0x00, 0x00, 0x05, 0x00, 0x00, 0x05, 0x00, 0x00, 0x05, 0x00, 0x00, 
    0x15, 0x00, 0x00, 0x15, 0x00, 0x00, 0x15, 0x50, 0x00, 0x55, 0x50, 0x00, 0x55, 0x40, 0x00, 0x55, 
    0x40, 0x01, 0x55, 0x40, 0x01, 0x55, 0x55, 0x55, 0x55, 0x55, 0x55, 0x55, 0x55, 0x55, 0x55, 0x55, 

/* Hex 0xE6, Char '' */
    0x15, 0x00, 0x00, 0x14, 0x00, 0x00, 0x54, 0x00, 0x00, 0x54, 0x00, 0x00, 0x50, 0x00, 0x00, 0x55, 
    0x55, 0x00, 0x55, 0x55, 0x00, 0x55, 0x55, 0x00, 0x55, 0x54, 0x00, 0x55, 0x54, 0x00, 0x55, 0x50, 
    0x00, 0x55, 0x50, 0x00, 0x55, 0x50, 0x00, 0x55, 0x40, 0x00, 0x55, 0x40, 0x01, 0x55, 0x40, 0x01, 
    0x55, 0x00, 0x01, 0x55, 0x00, 0x05, 0x55, 0x55, 0x55, 0x55, 0x55, 0x55, 0x55, 0x55, 0x55, 0x55, 

/* Hex 0xE7, Char '' */
    0x00, 0x00, 0x01, 0x00, 0x00, 0x05, 0x00, 0x00, 0x05, 0x00, 0x00, 0x05, 0x00, 0x00, 0x15, 0x01, 
    0x55, 0x55, 0x05, 0x55, 0x55, 0x05, 0x55, 0x55, 0x05, 0x55, 0x55, 0x15, 0x55, 0x55, 0x15, 0x55, 
    0x55, 0x15, 0x55, 0x55, 0x55, 0x55, 0x55, 0x55, 0x55, 0x55, 0x55, 0x55, 0x55, 0x55, 0x55, 0x55, 
    0x55, 0x55, 0x55, 0x55, 0x55, 0x55, 0x55, 0x55, 0x55, 0x55, 0x55, 0x55, 0x55, 0x55, 0x55, 0x55, 

/* Hex 0xE8, Char '' */
    0x55, 0x55, 0x55, 0x55, 0x55, 0x55, 0x55, 0x55, 0x55, 0x55, 0x55, 0x55, 0x55, 0x55, 0x55, 0x55, 
    0x55, 0x55, 0x55, 0x55, 0x55, 0x55, 0x55, 0x55, 0x55, 0x55, 0x55, 0x55, 0x55, 0x55, 0x55, 0x55, 
    0x55, 0x55, 0x55, 0x55, 0x55, 0x55, 0x55, 0x55, 0x55, 0x55, 0x55, 0x55, 0x55, 0x55, 0x55, 0x55, 
    0x55, 0x55, 0x55, 0x55, 0x55, 0x55, 0x55, 0x55, 0x55, 0x55, 0x55, 0x55, 0x55, 0x55, 0x55, 0x55, 

/* Hex 0xE9, Char '' */
    0x55, 0x55, 0x55, 0x55, 0x55, 0x55, 0x55, 0x55, 0x55, 0x55, 0x55, 0x55, 0x55, 0x55, 0x55, 0x55, 
    0x55, 0x55, 0x55, 0x55, 0x55, 0x55, 0x55, 0x55, 0x55, 0x55, 0x55, 0x55, 0x55, 0x55, 0x55, 0x55, 
    0x55, 0x55, 0x55, 0x55, 0x55, 0x55, 0x55, 0x55, 0x55, 0x55, 0x55, 0x55, 0x55, 0x55, 0x55, 0x55, 
    0x55, 0x55, 0x55, 0x55, 0x55, 0x55, 0x55, 0x55, 0x55, 0x55, 0x55, 0x55, 0x55, 0x55, 0x55, 0x55, 

/* Hex 0xEA, Char '' */
    0x55, 0xAA, 0xAA, 0x55, 0x22, 0xA0, 0x55, 0x68, 0x00, 0x55, 0x40, 0x02, 0x55, 0x50, 0x28, 0x55, 
    0x54, 0x2A, 0x55, 0x55, 0x2A, 0x55, 0x55, 0x56, 0x55, 0x55, 0x55, 0x55, 0x55, 0x55, 0x55, 0x55, 
    0x55, 0x55, 0x55, 0x55, 0x55, 0x55, 0x55, 0x55, 0x55, 0x55, 0x55, 0x55, 0x55, 0x55, 0x55, 0x55, 
    0x55, 0x55, 0x55, 0x55, 0x55, 0x55, 0x55, 0x55, 0x55, 0x55, 0x55, 0x55, 0x55, 0x55, 0x55, 0x55, 

/* Hex 0xEB, Char '' */
    0x00, 0x20, 0x00, 0x08, 0xA0, 0x00, 0x22, 0x80, 0x00, 0xAA, 0xA0, 0x00, 0xAA, 0x00, 0x02, 0xAA, 
    0x80, 0x2A, 0xA8, 0x80, 0x8A, 0xA8, 0x00, 0x09, 0x55, 0x55, 0x55, 0x55, 0x55, 0x55, 0x55, 0x55, 
    0x55, 0x55, 0x55, 0x55, 0x55, 0x55, 0x55, 0x55, 0x55, 0x55, 0x55, 0x55, 0x55, 0x55, 0x55, 0x55, 
    0x55, 0x55, 0x55, 0x55, 0x55, 0x55, 0x55, 0x55, 0x55, 0x55, 0x55, 0x55, 0x55, 0x55, 0x55, 0x55, 

/* Hex 0xEC, Char '' */
    0x00, 0x00, 0x54, 0x00, 0x00, 0x50, 0x00, 0x00, 0x05, 0x00, 0x00, 0x15, 0x00, 0x01, 0x55, 0x00, 
    0x15, 0x55, 0x85, 0x55, 0x55, 0x55, 0x55, 0x55, 0x55, 0x55, 0x55, 0x55, 0x55, 0x55, 0x55, 0x55, 
    0x55, 0x55, 0x55, 0x55, 0x55, 0x55, 0x55, 0x55, 0x55, 0x55, 0x55, 0x55, 0x55, 0x55, 0x55, 0x55, 
    0x55, 0x55, 0x55, 0x55, 0x55, 0x55, 0x55, 0x55, 0x55, 0x55, 0x55, 0x55, 0x55, 0x55, 0x55, 0x55, 

/* Hex 0xED, Char '' */
    0x15, 0x55, 0x55, 0x55, 0x55, 0x55, 0x55, 0x55, 0x55, 0x55, 0x55, 0x55, 0x55, 0x55, 0x55, 0x55, 
    0x55, 0x55, 0x55, 0x55, 0x55, 0x55, 0x55, 0x55, 0x55, 0x55, 0x55, 0x55, 0x55, 0x55, 0x55, 0x55, 
    0x55, 0x55, 0x55, 0x55, 0x55, 0x55, 0x55, 0x55, 0x55, 0x55, 0x55, 0x55, 0x55, 0x55, 0x55, 0x55, 
    0x55, 0x55, 0x55, 0x55, 0x55, 0x55, 0x55, 0x55, 0x55, 0x55, 0x55, 0x55, 0x55, 0x55, 0x55, 0x55, 

/* Hex 0xEE, Char '' */
    0x55, 0x5A, 0xAA, 0x55, 0x6A, 0xAA, 0x55, 0x6A, 0xAA, 0x55, 0x6A, 0xAA, 0x55, 0x55, 0x55, 0x55, 
    0x55, 0x55, 0x55, 0x55, 0x55, 0x55, 0x55, 0x55, 0x55, 0x55, 0x55, 0x55, 0x55, 0x55, 0x55, 0x55, 
    0x55, 0x55, 0x55, 0x55, 0x55, 0x55, 0x55, 0x55, 0x55, 0x55, 0x55, 0x55, 0x55, 0x55, 0x55, 0x55, 
    0x55, 0x55, 0x55, 0x55, 0x55, 0x55, 0x55, 0x55, 0x55, 0x55, 0x55, 0x55, 0x55, 0x55, 0x55, 0x55, 

/* Hex 0xEF, Char '' */
    0xAA, 0xAA, 0xAA, 0xAA, 0xAA, 0xAA, 0xAA, 0xAA, 0xA5, 0xAA, 0xAA, 0x55, 0x55, 0x55, 0x55, 0x55, 
    0x55, 0x55, 0x55, 0x55, 0x55, 0x55, 0x55, 0x55, 0x55, 0x55, 0x55, 0x55, 0x55, 0x55, 0x55, 0x55, 
    0x55, 0x55, 0x55, 0x55, 0x55, 0x55, 0x55, 0x55, 0x55, 0x55, 0x55, 0x55, 0x55, 0x55, 0x55, 0x55, 
    0x55, 0x55, 0x55, 0x55, 0x55, 0x55, 0x55, 0x55, 0x55, 0x55, 0x55, 0x55, 0x55, 0x55, 0x55, 0x55, 

/* Hex 0xF0, Char '' */
    0x95, 0x6A, 0xAA, 0x55, 0x6A, 0xAA, 0x55, 0xAA, 0xAA, 0x55, 0x55, 0x55, 0x55, 0x55, 0x55, 0x55, 
    0x55, 0x55, 0x55, 0x55, 0x55, 0x55, 0x55, 0x55, 0x55, 0x55, 0x55, 0x55, 0x55, 0x55, 0x55, 0x55, 
    0x55, 0x55, 0x55, 0x55, 0x55, 0x55, 0x55, 0x55, 0x55, 0x55, 0x55, 0x55, 0x55, 0x55, 0x55, 0x55, 
    0x55, 0x55, 0x55, 0x55, 0x55, 0x55, 0x55, 0x55, 0x55, 0x55, 0x55, 0x55, 0x55, 0x55, 0x55, 0x55, 

/* Hex 0xF1, Char '' */
    0xAA, 0xAA, 0xA9, 0xAA, 0xAA, 0xA9, 0xAA, 0xAA, 0xA9, 0x55, 0x55, 0x55, 0x55, 0x55, 0x55, 0x55, 
    0x55, 0x55, 0x55, 0x55, 0x55, 0x55, 0x55, 0x55, 0x55, 0x55, 0x55, 0x55, 0x55, 0x55, 0x55, 0x55, 
    0x55, 0x55, 0x55, 0x55, 0x55, 0x55, 0x55, 0x55, 0x55, 0x55, 0x55, 0x55, 0x55, 0x55, 0x55, 0x55, 
    0x55, 0x55, 0x55, 0x55, 0x55, 0x55, 0x55, 0x55, 0x55, 0x55, 0x55, 0x55, 0x55, 0x55, 0x55, 0x55, 

/* Hex 0xF2, Char '' */
    0x55, 0x55, 0xAA, 0x55, 0x55, 0xAA, 0x55, 0x56, 0xAA, 0x55, 0x56, 0x95, 0x55, 0x55, 0x55, 0x55, 
    0x55, 0x55, 0x55, 0x55, 0x55, 0x55, 0x55, 0x55, 0x55, 0x55, 0x55, 0x55, 0x55, 0x55, 0x55, 0x55, 
    0x55, 0x55, 0x55, 0x55, 0x55, 0x55, 0x55, 0x55, 0x55, 0x55, 0x55, 0x55, 0x55, 0x55, 0x55, 0x55, 
    0x55, 0x55, 0x55, 0x55, 0x55, 0x55, 0x55, 0x55, 0x55, 0x55, 0x55, 0x55, 0x55, 0x55, 0x55, 0x55, 

/* Hex 0xF3, Char '' */
    0xA5, 0x55, 0x6A, 0xA5, 0x55, 0xAA, 0xA5, 0x56, 0xAA, 0x95, 0x56, 0x56, 0x55, 0x55, 0x55, 0x55, 
    0x55, 0x55, 0x55, 0x55, 0x55, 0x55, 0x55, 0x55, 0x55, 0x55, 0x55, 0x55, 0x55, 0x55, 0x55, 0x55, 
    0x55, 0x55, 0x55, 0x55, 0x55, 0x55, 0x55, 0x55, 0x55, 0x55, 0x55, 0x55, 0x55, 0x55, 0x55, 0x55, 
    0x55, 0x55, 0x55, 0x55, 0x55, 0x55, 0x55, 0x55, 0x55, 0x55, 0x55, 0x55, 0x55, 0x55, 0x55, 0x55, 

/* Hex 0xF4, Char '' */
    0xA9, 0x55, 0x5A, 0xA5, 0x55, 0x5A, 0xA5, 0x55, 0x5A, 0x95, 0x55, 0x5A, 0x55, 0x55, 0x55, 0x55, 
    0x55, 0x55, 0x55, 0x55, 0x55, 0x55, 0x55, 0x55, 0x55, 0x55, 0x55, 0x55, 0x55, 0x55, 0x55, 0x55, 
    0x55, 0x55, 0x55, 0x55, 0x55, 0x55, 0x55, 0x55, 0x55, 0x55, 0x55, 0x55, 0x55, 0x55, 0x55, 0x55, 
    0x55, 0x55, 0x55, 0x55, 0x55, 0x55, 0x55, 0x55, 0x55, 0x55, 0x55, 0x55, 0x55, 0x55, 0x55, 0x55, 

/* Hex 0xF5, Char '' */
    0xAA, 0x95, 0x00, 0xAA, 0x95, 0x00, 0xAA, 0x95, 0x00, 0x56, 0x95, 0x15, 0x55, 0x55, 0x55, 0x55, 
    0x55, 0x55, 0x55, 0x55, 0x55, 0x55, 0x55, 0x55, 0x55, 0x55, 0x55, 0x55, 0x55, 0x55, 0x55, 0x55, 
    0x55, 0x55, 0x55, 0x55, 0x55, 0x55, 0x55, 0x55, 0x55, 0x55, 0x55, 0x55, 0x55, 0x55, 0x55, 0x55, 
    0x55, 0x55, 0x55, 0x55, 0x55, 0x55, 0x55, 0x55, 0x55, 0x55, 0x55, 0x55, 0x55, 0x55, 0x55, 0x55, 

/* Hex 0xF6, Char '' */
    0x01, 0x55, 0x55, 0x05, 0x55, 0x55, 0x05, 0x55, 0x55, 0x15, 0x55, 0x55, 0x55, 0x55, 0x55, 0x55, 
    0x55, 0x55, 0x55, 0x55, 0x55, 0x55, 0x55, 0x55, 0x55, 0x55, 0x55, 0x55, 0x55, 0x55, 0x55, 0x55, 
    0x55, 0x55, 0x55, 0x55, 0x55, 0x55, 0x55, 0x55, 0x55, 0x55, 0x55, 0x55, 0x55, 0x55, 0x55, 0x55, 
    0x55, 0x55, 0x55, 0x55, 0x55, 0x55, 0x55, 0x55, 0x55, 0x55, 0x55, 0x55, 0x55, 0x55, 0x55, 0x55, 

/* Hex 0xF7, Char '' */
    0x55, 0x00, 0x00, 0x55, 0x00, 0x00, 0x54, 0x00, 0x00, 0x54, 0x15, 0x55, 0x55, 0x55, 0x55, 0x55, 
    0x55, 0x55, 0x55, 0x55, 0x55, 0x55, 0x55, 0x55, 0x55, 0x55, 0x55, 0x55, 0x55, 0x55, 0x55, 0x55, 
    0x55, 0x55, 0x55, 0x55, 0x55, 0x55, 0x55, 0x55, 0x55, 0x55, 0x55, 0x55, 0x55, 0x55, 0x55, 0x55, 
    0x55, 0x55, 0x55, 0x55, 0x55, 0x55, 0x55, 0x55, 0x55, 0x55, 0x55, 0x55, 0x55, 0x55, 0x55, 0x55, 

/* Hex 0xF8, Char '' */
    0x00, 0x00, 0x54, 0x00, 0x00, 0x54, 0x00, 0x00, 0x50, 0x55, 0x51, 0x50, 0x55, 0x55, 0x55, 0x55, 
    0x55, 0x55, 0x55, 0x55, 0x55, 0x55, 0x55, 0x55, 0x55, 0x55, 0x55, 0x55, 0x55, 0x55, 0x55, 0x55, 
    0x55, 0x55, 0x55, 0x55, 0x55, 0x55, 0x55, 0x55, 0x55, 0x55, 0x55, 0x55, 0x55, 0x55, 0x55, 0x55, 
    0x55, 0x55, 0x55, 0x55, 0x55, 0x55, 0x55, 0x55, 0x55, 0x55, 0x55, 0x55, 0x55, 0x55, 0x55, 0x55, 

/* Hex 0xF9, Char '' */
    0x00, 0x05, 0x55, 0x00, 0x15, 0x55, 0x00, 0x15, 0x55, 0x54, 0x55, 0x55, 0x55, 0x55, 0x55, 0x55, 
    0x55, 0x55, 0x55, 0x55, 0x55, 0x55, 0x55, 0x55, 0x55, 0x55, 0x55, 0x55, 0x55, 0x55, 0x55, 0x55, 
    0x55, 0x55, 0x55, 0x55, 0x55, 0x55, 0x55, 0x55, 0x55, 0x55, 0x55, 0x55, 0x55, 0x55, 0x55, 0x55, 
    0x55, 0x55, 0x55, 0x55, 0x55, 0x55, 0x55, 0x55, 0x55, 0x55, 0x55, 0x55, 0x55, 0x55, 0x55, 0x55, 

/* Hex 0xFA, Char '' */
    0x00, 0x00, 0x00, 0x00, 0x00, 0x00, 0x50, 0x00, 0x00, 0x54, 0x00, 0x05, 0x55, 0x55, 0x55, 0x55, 
    0x55, 0x55, 0x55, 0x55, 0x55, 0x55, 0x55, 0x55, 0x55, 0x55, 0x55, 0x55, 0x55, 0x55, 0x55, 0x55, 
    0x55, 0x55, 0x55, 0x55, 0x55, 0x55, 0x55, 0x55, 0x55, 0x55, 0x55, 0x55, 0x55, 0x55, 0x55, 0x55, 
    0x55, 0x55, 0x55, 0x55, 0x55, 0x55, 0x55, 0x55, 0x55, 0x55, 0x55, 0x55, 0x55, 0x55, 0x55, 0x55, 

/* Hex 0xFB, Char '' */
    0x00, 0x01, 0x54, 0x00, 0x05, 0x50, 0x50, 0x05, 0x50, 0x51, 0x15, 0x51, 0x55, 0x55, 0x55, 0x55, 
    0x55, 0x55, 0x55, 0x55, 0x55, 0x55, 0x55, 0x55, 0x55, 0x55, 0x55, 0x55, 0x55, 0x55, 0x55, 0x55, 
    0x55, 0x55, 0x55, 0x55, 0x55, 0x55, 0x55, 0x55, 0x55, 0x55, 0x55, 0x55, 0x55, 0x55, 0x55, 0x55, 
    0x55, 0x55, 0x55, 0x55, 0x55, 0x55, 0x55, 0x55, 0x55, 0x55, 0x55, 0x55, 0x55, 0x55, 0x55, 0x55, 

/* Hex 0xFC, Char '' */
    0x00, 0x15, 0x55, 0x00, 0x15, 0x55, 0x00, 0x55, 0x54, 0x54, 0x55, 0x54, 0x55, 0x55, 0x55, 0x55, 
    0x55, 0x55, 0x55, 0x55, 0x55, 0x55, 0x55, 0x55, 0x55, 0x55, 0x55, 0x55, 0x55, 0x55, 0x55, 0x55, 
    0x55, 0x55, 0x55, 0x55, 0x55, 0x55, 0x55, 0x55, 0x55, 0x55, 0x55, 0x55, 0x55, 0x55, 0x55, 0x55, 
    0x55, 0x55, 0x55, 0x55, 0x55, 0x55, 0x55, 0x55, 0x55, 0x55, 0x55, 0x55, 0x55, 0x55, 0x55, 0x55, 

/* Hex 0xFD, Char '' */
    0x00, 0x01, 0x55, 0x00, 0x05, 0x55, 0x00, 0x05, 0x55, 0x15, 0x15, 0x55, 0x55, 0x55, 0x55, 0x55, 
    0x55, 0x55, 0x55, 0x55, 0x55, 0x55, 0x55, 0x55, 0x55, 0x55, 0x55, 0x55, 0x55, 0x55, 0x55, 0x55, 
    0x55, 0x55, 0x55, 0x55, 0x55, 0x55, 0x55, 0x55, 0x55, 0x55, 0x55, 0x55, 0x55, 0x55, 0x55, 0x55, 
    0x55, 0x55, 0x55, 0x55, 0x55, 0x55, 0x55, 0x55, 0x55, 0x55, 0x55, 0x55, 0x55, 0x55, 0x55, 0x55, 

/* Hex 0xFE, Char '' */
    0x55, 0x00, 0x05, 0x54, 0x00, 0x05, 0x54, 0x00, 0x15, 0x54, 0x54, 0x15, 0x55, 0x55, 0x55, 0x55, 
    0x55, 0x55, 0x55, 0x55, 0x55, 0x55, 0x55, 0x55, 0x55, 0x55, 0x55, 0x55, 0x55, 0x55, 0x55, 0x55, 
    0x55, 0x55, 0x55, 0x55, 0x55, 0x55, 0x55, 0x55, 0x55, 0x55, 0x55, 0x55, 0x55, 0x55, 0x55, 0x55, 
    0x55, 0x55, 0x55, 0x55, 0x55, 0x55, 0x55, 0x55, 0x55, 0x55, 0x55, 0x55, 0x55, 0x55, 0x55, 0x55, 

/* Hex 0xFF, Char '' */
    0x55, 0x55, 0x55, 0x55, 0x55, 0x55, 0x55, 0x55, 0x55, 0x55, 0x55, 0x55, 0x55, 0x55, 0x55, 0x55, 
    0x55, 0x55, 0x55, 0x55, 0x55, 0x55, 0x55, 0x55, 0x55, 0x55, 0x55, 0x55, 0x55, 0x55, 0x55, 0x55, 
    0x55, 0x55, 0x55, 0x55, 0x55, 0x55, 0x55, 0x55, 0x55, 0x55, 0x55, 0x55, 0x55, 0x55, 0x55, 0x55, 
    0x55, 0x55, 0x55, 0x55, 0x55, 0x55, 0x55, 0x55, 0x55, 0x55, 0x55, 0x55, 0x55, 0x55, 0x55, 0x55
};

#endif // FONT_DATA_H
